hospital_id,image_dir_id,qsm_file,t1_file,reference_anatomical_image,root,qsm_slice_count,qsm_slice_thickness_mm,qsm_coverage_mm,same_batch_copy_count,t1_availability,model_label,include_main_model,category,notes,runnable
99112068,P164054,/public/home2/nodecw_group/HUASHAN_Imaging_Data/MR/P164054/qsm_tra_0.8mm_QSM_P164054.nii,/public/home2/nodecw_group/HUASHAN_Imaging_Data/MR/P164054/t1_gre_fsp_3d_sag_iso_P164054.nii,/public/home2/nodecw_group/HUASHAN_Imaging_Data/MR/P164054/qsm_tra_0.8mm_SWI_P164054_e12.4.nii,HUASHAN_Imaging_Data,180,0.8,144.0,4,A_directly_usable,,no,Other neurological disorders,QSM slice counts differ across copies; selected the copy with the highest slice count.,yes
99115164,P165540,/public/home2/nodecw_group/HUASHAN_Imaging_Data/MR/P165540/qsm_tra_0.8mm_QSM_P165540.nii,/public/home2/nodecw_group/HUASHAN_Imaging_Data/MR/P165540/t1_gre_fsp_3d_sag_iso_P165540.nii,/public/home2/nodecw_group/HUASHAN_Imaging_Data/MR/P165540/qsm_tra_0.8mm_SWI_P165540_e12.4.nii,HUASHAN_Imaging_Data,180,0.8,144.0,3,A_directly_usable,,no,Other neurological disorders,,yes
99115948,P165995,/public/home2/nodecw_group/HUASHAN_Imaging_Data/MR/P165995/qsm_tra_0.8mm_QSM_P165995.nii,/public/home2/nodecw_group/HUASHAN_Imaging_Data/MR/P165995/t1_gre_fsp_3d_sag_iso_P165995.nii,/public/home2/nodecw_group/HUASHAN_Imaging_Data/MR/P165995/qsm_tra_0.8mm_SWI_P165995_e12.4.nii,HUASHAN_Imaging_Data,180,0.79,142.3,3,A_directly_usable,,no,Mild cognitive impairment,,yes
99116799,P166371,/public/home2/nodecw_group/HUASHAN_Imaging_Data/MR/P166371/qsm_tra_0.8mm_QSM_P166371.nii,/public/home2/nodecw_group/HUASHAN_Imaging_Data/MR/P166371/t1_gre_fsp_3d_sag_iso_P166371.nii,/public/home2/nodecw_group/HUASHAN_Imaging_Data/MR/P166371/qsm_tra_0.8mm_SWI_P166371_e12.4.nii,HUASHAN_Imaging_Data,180,0.8,144.0,4,A_directly_usable,,no,Other neurological disorders,,yes
99116860,P166410,/public/home2/nodecw_group/HUASHAN_Imaging_Data/MR/P166410/qsm_tra_0.8mm_QSM_P166410.nii,/public/home2/nodecw_group/HUASHAN_Imaging_Data/MR/P166410/t1_gre_fsp_3d_sag_iso_P166410.nii,/public/home2/nodecw_group/HUASHAN_Imaging_Data/MR/P166410/qsm_tra_0.8mm_SWI_P166410_e12.4.nii,HUASHAN_Imaging_Data,180,0.8,144.0,5,A_directly_usable,,no,Other neurological disorders,,yes
99117491,P166704,/public/home2/nodecw_group/HUASHAN_Imaging_Data/MR/P166704/qsm_tra_0.8mm_QSM_P166704.nii,/public/home2/nodecw_group/HUASHAN_Imaging_Data/MR/P166704/t1_gre_fsp_3d_sag_iso_P166704.nii,/public/home2/nodecw_group/HUASHAN_Imaging_Data/MR/P166704/qsm_tra_0.8mm_SWI_P166704_e12.4.nii,HUASHAN_Imaging_Data,180,0.8,144.0,5,A_directly_usable,,no,Vascular/secondary cognitive impairment,,yes
99117696,P166725,/public/home2/nodecw_group/HUASHAN_Imaging_Data/MR/P166725/qsm_tra_0.8mm_QSM_P166725.nii,/public/home2/nodecw_group/HUASHAN_Imaging_Data/MR/P166725/t1_gre_fsp_3d_sag_iso_P166725.nii,/public/home2/nodecw_group/HUASHAN_Imaging_Data/MR/P166725/qsm_tra_0.8mm_SWI_P166725_e12.4.nii,HUASHAN_Imaging_Data,180,0.8,144.0,4,A_directly_usable,,no,Other neurological disorders,,yes
99118343,P166861,/public/home2/nodecw_group/HUASHAN_Imaging_Data/MR/P166861/qsm_tra_0.8mm_QSM_P166861.nii,/public/home2/nodecw_group/HUASHAN_Imaging_Data/MR/P166861/t1_gre_fsp_3d_sag_iso_P166861.nii,/public/home2/nodecw_group/HUASHAN_Imaging_Data/MR/P166861/qsm_tra_0.8mm_SWI_P166861_e12.4.nii,HUASHAN_Imaging_Data,180,0.8,144.0,4,A_directly_usable,,no,Other neurological disorders,QSM slice counts differ across copies; selected the copy with the highest slice count.,yes
99118708,P167187,/public/home2/nodecw_group/HUASHAN_Imaging_Data/MR/P167187/qsm_tra_0.8mm_QSM_P167187.nii,/public/home2/nodecw_group/HUASHAN_Imaging_Data/MR/P167187/t1_gre_fsp_3d_sag_iso_P167187.nii,/public/home2/nodecw_group/HUASHAN_Imaging_Data/MR/P167187/qsm_tra_0.8mm_SWI_P167187_e12.4.nii,HUASHAN_Imaging_Data,180,0.8,144.0,4,A_directly_usable,,no,Other neurological disorders,QSM slice counts differ across copies; selected the copy with the highest slice count.,yes
99119558,P167658,/public/home2/nodecw_group/HUASHAN_Imaging_Data/MR/P167658/qsm_tra_0.8mm_QSM_P167658.nii,/public/home2/nodecw_group/HUASHAN_Imaging_Data/MR/P167658/t1_gre_fsp_3d_sag_iso_P167658.nii,/public/home2/nodecw_group/HUASHAN_Imaging_Data/MR/P167658/qsm_tra_0.8mm_SWI_P167658_e12.4.nii,HUASHAN_Imaging_Data,180,0.8,144.0,4,A_directly_usable,,no,Other neurological disorders,,yes
99120972,P168183,/public/home2/nodecw_group/HUASHAN_Imaging_Data/MR/P168183/qsm_tra_0.8mm_QSM_P168183.nii,/public/home2/nodecw_group/HUASHAN_Imaging_Data/MR/P168183/t1_gre_fsp_3d_sag_iso_P168183.nii,/public/home2/nodecw_group/HUASHAN_Imaging_Data/MR/P168183/qsm_tra_0.8mm_SWI_P168183_e12.4.nii,HUASHAN_Imaging_Data,180,0.8,144.0,5,A_directly_usable,,no,Vascular/secondary cognitive impairment,,yes
99121275,P168560,/public/home2/nodecw_group/HUASHAN_Imaging_Data/MR/P168560/qsm_tra_0.8mm_QSM_P168560.nii,/public/home2/nodecw_group/HUASHAN_Imaging_Data/MR/P168560/t1_gre_fsp_3d_sag_iso_P168560.nii,/public/home2/nodecw_group/HUASHAN_Imaging_Data/MR/P168560/qsm_tra_0.8mm_SWI_P168560_e12.4.nii,HUASHAN_Imaging_Data,180,0.8,144.0,4,A_directly_usable,,no,Other neurological disorders,,yes
99121933,P168643,/public/home2/nodecw_group/HUASHAN_Imaging_Data_8/MR/P168643/P168643_qsm_tra_0.8mm_QSM.nii,/public/home2/nodecw_group/HUASHAN_Imaging_Data_8/MR/P168643/P168643_t1_gre_fsp_3d_sag_iso.nii,/public/home2/nodecw_group/HUASHAN_Imaging_Data_8/MR/P168643/P168643_qsm_tra_0.8mm_SWI_e12.4.nii,HUASHAN_Imaging_Data_8,180,0.8,143.9,1,A_directly_usable,,no,Other neurological disorders,,yes
99121981,P168690,/public/home2/nodecw_group/HUASHAN_Imaging_Data/MR/P168690/qsm_tra_0.8mm_QSM_P168690.nii,/public/home2/nodecw_group/HUASHAN_Imaging_Data/MR/P168690/t1_gre_fsp_3d_sag_iso_P168690.nii,/public/home2/nodecw_group/HUASHAN_Imaging_Data/MR/P168690/qsm_tra_0.8mm_SWI_P168690_e12.4.nii,HUASHAN_Imaging_Data,180,0.8,144.0,4,A_directly_usable,,no,Other neurological disorders,,yes
99123331,P169435,/public/home2/nodecw_group/HUASHAN_Imaging_Data/MR/P169435/qsm_tra_0.8mm_QSM_P169435.nii,/public/home2/nodecw_group/HUASHAN_Imaging_Data/MR/P169435/t1_gre_fsp_3d_sag_iso_P169435.nii,/public/home2/nodecw_group/HUASHAN_Imaging_Data/MR/P169435/qsm_tra_0.8mm_SWI_P169435_e12.4.nii,HUASHAN_Imaging_Data,188,0.8,150.4,4,A_directly_usable,,no,Other neurological disorders,,yes
99123837,P169818-2,/public/home2/nodecw_group/HUASHAN_Imaging_Data/MR/P169818-2/qsm_tra_0.8mm_QSM_P169818-2.nii,/public/home2/nodecw_group/HUASHAN_Imaging_Data/MR/P169818-2/t1_gre_fsp_3d_sag_iso_P169818-2.nii,/public/home2/nodecw_group/HUASHAN_Imaging_Data/MR/P169818-2/qsm_tra_0.8mm_SWI_P169818-2_e12.4.nii,HUASHAN_Imaging_Data,180,0.8,144.0,4,A_directly_usable,,no,Other neurological disorders,,yes
99124525,P169994,/public/home2/nodecw_group/HUASHAN_Imaging_Data_10/MR/P169994/P169994_qsm_tra_0.8mm_QSM.nii,/public/home2/nodecw_group/HUASHAN_Imaging_Data_10/MR/P169994/P169994_t1_gre_fsp_3d_sag_iso.nii,/public/home2/nodecw_group/HUASHAN_Imaging_Data_10/MR/P169994/P169994_qsm_tra_0.8mm_SWI_e12.4.nii,HUASHAN_Imaging_Data_10,180,0.8,144.0,3,A_directly_usable,,no,Other neurological disorders,,yes
99124846,P170560,/public/home2/nodecw_group/HUASHAN_Imaging_Data/MR/P170560/qsm_tra_0.8mm_QSM_P170560.nii,/public/home2/nodecw_group/HUASHAN_Imaging_Data/MR/P170560/t1_gre_fsp_3d_sag_iso_P170560.nii,/public/home2/nodecw_group/HUASHAN_Imaging_Data/MR/P170560/qsm_tra_0.8mm_SWI_P170560_e12.4.nii,HUASHAN_Imaging_Data,188,0.8,150.4,4,A_directly_usable,,no,Other neurological disorders,QSM slice counts differ across copies; selected the copy with the highest slice count.,yes
99125153,P170431,/public/home2/nodecw_group/HUASHAN_Imaging_Data/MR/P170431/qsm_tra_0.8mm_QSM_P170431.nii,/public/home2/nodecw_group/HUASHAN_Imaging_Data/MR/P170431/t1_gre_fsp_3d_sag_iso_P170431.nii,/public/home2/nodecw_group/HUASHAN_Imaging_Data/MR/P170431/qsm_tra_0.8mm_SWI_P170431_e12.4.nii,HUASHAN_Imaging_Data,180,0.8,144.0,4,A_directly_usable,,no,Other neurological disorders,,yes
99125190,P170432,/public/home2/nodecw_group/HUASHAN_Imaging_Data/MR/P170432/qsm_tra_0.8mm_QSM_P170432.nii,/public/home2/nodecw_group/HUASHAN_Imaging_Data/MR/P170432/t1_gre_fsp_3d_sag_iso_P170432.nii,/public/home2/nodecw_group/HUASHAN_Imaging_Data/MR/P170432/qsm_tra_0.8mm_SWI_P170432_e12.4.nii,HUASHAN_Imaging_Data,180,0.8,144.0,4,A_directly_usable,,no,Vascular/secondary cognitive impairment,QSM slice counts differ across copies; selected the copy with the highest slice count.,yes
99126183,P170904,/public/home2/nodecw_group/HUASHAN_Imaging_Data_11/MR/P170904/P170904_qsm_tra_0.8mm_QSM.nii,/public/home2/nodecw_group/HUASHAN_Imaging_Data_11/MR/P170904/P170904_t1_gre_fsp_3d_sag_iso.nii,/public/home2/nodecw_group/HUASHAN_Imaging_Data_11/MR/P170904/P170904_qsm_tra_0.8mm_SWI_e12.4.nii,HUASHAN_Imaging_Data_11,184,0.8,147.2,3,A_directly_usable,,no,Other neurological disorders,,yes
99128538,P172210,/public/home2/nodecw_group/HUASHAN_Imaging_Data/MR/P172210/qsm_tra_0.8mm_QSM_P172210.nii,/public/home2/nodecw_group/HUASHAN_Imaging_Data/MR/P172210/t1_gre_fsp_3d_sag_iso_P172210.nii,/public/home2/nodecw_group/HUASHAN_Imaging_Data/MR/P172210/qsm_tra_0.8mm_SWI_P172210_e12.4.nii,HUASHAN_Imaging_Data,180,0.8,144.0,4,A_directly_usable,,no,Other neurological disorders,,yes
99129221,P172276,/public/home2/nodecw_group/HUASHAN_Imaging_Data/MR/P172276/qsm_tra_0.8mm_QSM_P172276.nii,/public/home2/nodecw_group/HUASHAN_Imaging_Data/MR/P172276/t1_gre_fsp_3d_sag_iso_P172276.nii,/public/home2/nodecw_group/HUASHAN_Imaging_Data/MR/P172276/qsm_tra_0.8mm_SWI_P172276_e12.4.nii,HUASHAN_Imaging_Data,180,0.8,144.0,4,A_directly_usable,,no,Vascular/secondary cognitive impairment,QSM slice counts differ across copies; selected the copy with the highest slice count.,yes
99129335,P172339,/public/home2/nodecw_group/HUASHAN_Imaging_Data/MR/P172339/qsm_tra_0.8mm_QSM_P172339.nii,/public/home2/nodecw_group/HUASHAN_Imaging_Data/MR/P172339/t1_gre_fsp_3d_sag_iso_P172339.nii,/public/home2/nodecw_group/HUASHAN_Imaging_Data/MR/P172339/qsm_tra_0.8mm_SWI_P172339_e12.4.nii,HUASHAN_Imaging_Data,180,0.8,144.0,5,A_directly_usable,,no,Vascular/secondary cognitive impairment,QSM slice counts differ across copies; selected the copy with the highest slice count.,yes
99130163,P172393,/public/home2/nodecw_group/HUASHAN_Imaging_Data_2/MR/P172393/qsm_tra_0.8mm_QSM_P172393.nii,/public/home2/nodecw_group/HUASHAN_Imaging_Data_2/MR/P172393/t1_gre_fsp_3d_sag_iso_P172393.nii,/public/home2/nodecw_group/HUASHAN_Imaging_Data_2/MR/P172393/qsm_tra_0.8mm_SWI_P172393_e12.4.nii,HUASHAN_Imaging_Data_2,180,0.8,144.0,2,A_directly_usable,,no,Mild cognitive impairment,,yes
99130484,P173119,/public/home2/nodecw_group/HUASHAN_Imaging_Data_2/MR/P173119/qsm_tra_0.8mm_QSM_P173119.nii,/public/home2/nodecw_group/HUASHAN_Imaging_Data_2/MR/P173119/t1_gre_fsp_3d_sag_iso_P173119.nii,/public/home2/nodecw_group/HUASHAN_Imaging_Data_2/MR/P173119/qsm_tra_0.8mm_SWI_P173119_e12.4.nii,HUASHAN_Imaging_Data_2,180,0.8,144.0,2,A_directly_usable,,no,Other neurological disorders,,yes
99131644,P173718,/public/home2/nodecw_group/HUASHAN_Imaging_Data_2/MR/P173718/qsm_tra_0.8mm_QSM_P173718.nii,/public/home2/nodecw_group/HUASHAN_Imaging_Data_2/MR/P173718/t1_gre_fsp_3d_sag_iso_P173718a.nii,/public/home2/nodecw_group/HUASHAN_Imaging_Data_2/MR/P173718/qsm_tra_0.8mm_SWI_P173718_e12.4.nii,HUASHAN_Imaging_Data_2,188,0.8,150.4,4,A_directly_usable,,no,Other neurological disorders,,yes
99131838,P173764,/public/home2/nodecw_group/HUASHAN_Imaging_Data_2/MR/P173764/qsm_tra_0.8mm_QSM_P173764.nii,/public/home2/nodecw_group/HUASHAN_Imaging_Data_2/MR/P173764/t1_gre_fsp_3d_sag_iso_P173764.nii,/public/home2/nodecw_group/HUASHAN_Imaging_Data_2/MR/P173764/qsm_tra_0.8mm_SWI_P173764_e12.4.nii,HUASHAN_Imaging_Data_2,180,0.8,144.0,2,A_directly_usable,,no,Other neurological disorders,,yes
99133335,P174304,/public/home2/nodecw_group/HUASHAN_Imaging_Data_2/MR/P174304/qsm_tra_0.8mm_QSM_P174304.nii,/public/home2/nodecw_group/HUASHAN_Imaging_Data_2/MR/P174304/t1_gre_fsp_3d_sag_iso_P174304.nii,/public/home2/nodecw_group/HUASHAN_Imaging_Data_2/MR/P174304/qsm_tra_0.8mm_SWI_P174304_e12.4.nii,HUASHAN_Imaging_Data_2,180,0.8,144.0,4,A_directly_usable,,no,Other neurological disorders,,yes
99133751,P174395,/public/home2/nodecw_group/HUASHAN_Imaging_Data_2/MR/P174395/qsm_tra_0.8mm_QSM_P174395a.nii,/public/home2/nodecw_group/HUASHAN_Imaging_Data_2/MR/P174395/t1_gre_fsp_3d_sag_iso_P174395a.nii,/public/home2/nodecw_group/HUASHAN_Imaging_Data_2/MR/P174395/qsm_tra_0.8mm_SWI_P174395_e12.4.nii,HUASHAN_Imaging_Data_2,180,0.8,144.0,4,A_directly_usable,,no,Mild cognitive impairment,,yes
99134106,P174789,/public/home2/nodecw_group/HUASHAN_Imaging_Data_2/MR/P174789/qsm_tra_0.8mm_QSM_P174789.nii,/public/home2/nodecw_group/HUASHAN_Imaging_Data_2/MR/P174789/t1_gre_fsp_3d_sag_iso_P174789.nii,/public/home2/nodecw_group/HUASHAN_Imaging_Data_2/MR/P174789/qsm_tra_0.8mm_SWI_P174789_e12.4.nii,HUASHAN_Imaging_Data_2,188,0.8,150.4,2,A_directly_usable,,no,Other neurological disorders,,yes
99134217,P174796,/public/home2/nodecw_group/HUASHAN_Imaging_Data_2/MR/P174796/qsm_tra_0.8mm_QSM_P174796.nii,/public/home2/nodecw_group/HUASHAN_Imaging_Data_2/MR/P174796/t1_gre_fsp_3d_sag_iso_P174796.nii,/public/home2/nodecw_group/HUASHAN_Imaging_Data_2/MR/P174796/qsm_tra_0.8mm_SWI_P174796_e12.4.nii,HUASHAN_Imaging_Data_2,180,0.8,144.0,4,A_directly_usable,,no,Other neurological disorders,QSM slice counts differ across copies; selected the copy with the highest slice count.,yes
99134732,P175217,/public/home2/nodecw_group/HUASHAN_Imaging_Data_2/MR/P175217/qsm_tra_0.8mm_QSM_P175217.nii,/public/home2/nodecw_group/HUASHAN_Imaging_Data_2/MR/P175217/t1_gre_fsp_3d_sag_iso_P175217.nii,/public/home2/nodecw_group/HUASHAN_Imaging_Data_2/MR/P175217/qsm_tra_0.8mm_SWI_P175217_e12.4.nii,HUASHAN_Imaging_Data_2,180,0.8,144.0,4,A_directly_usable,,no,Mild cognitive impairment,,yes
99136562,P175800,/public/home2/nodecw_group/HUASHAN_Imaging_Data_2/MR/P175800/qsm_tra_0.8mm_QSM_P175800.nii,/public/home2/nodecw_group/HUASHAN_Imaging_Data_2/MR/P175800/t1_gre_fsp_3d_sag_iso_P175800.nii,/public/home2/nodecw_group/HUASHAN_Imaging_Data_2/MR/P175800/qsm_tra_0.8mm_SWI_P175800_e12.4.nii,HUASHAN_Imaging_Data_2,180,0.8,144.0,4,A_directly_usable,,no,Other neurological disorders,,yes
99136749,P176053,/public/home2/nodecw_group/HUASHAN_Imaging_Data_2/MR/P176053/qsm_tra_0.8mm_QSM_P176053.nii,/public/home2/nodecw_group/HUASHAN_Imaging_Data_2/MR/P176053/t1_gre_fsp_3d_sag_iso_P176053.nii,/public/home2/nodecw_group/HUASHAN_Imaging_Data_2/MR/P176053/qsm_tra_0.8mm_SWI_P176053_e12.4.nii,HUASHAN_Imaging_Data_2,180,0.8,144.0,3,A_directly_usable,,no,Other neurological disorders,,yes
99136893,P176054,/public/home2/nodecw_group/HUASHAN_Imaging_Data_2/MR/P176054/qsm_tra_0.8mm_QSM_P176054.nii,/public/home2/nodecw_group/HUASHAN_Imaging_Data_2/MR/P176054/t1_gre_fsp_3d_sag_iso_P176054.nii,/public/home2/nodecw_group/HUASHAN_Imaging_Data_2/MR/P176054/qsm_tra_0.8mm_SWI_P176054_e12.4.nii,HUASHAN_Imaging_Data_2,180,0.8,144.0,3,A_directly_usable,,no,Mild cognitive impairment,,yes
99137537,P176163-2,/public/home2/nodecw_group/HUASHAN_Imaging_Data_2/MR/P176163-2/qsm_tra_0.8mm_QSM_P176163-2.nii,/public/home2/nodecw_group/HUASHAN_Imaging_Data_2/MR/P176163-2/t1_gre_fsp_3d_sag_iso_P176163-2.nii,/public/home2/nodecw_group/HUASHAN_Imaging_Data_2/MR/P176163-2/qsm_tra_0.8mm_SWI_P176163-2_e12.4.nii,HUASHAN_Imaging_Data_2,180,0.8,144.0,2,A_directly_usable,,no,Other neurological disorders,,yes
99137630,P176178,/public/home2/nodecw_group/HUASHAN_Imaging_Data_2/MR/P176178/qsm_tra_0.8mm_QSM_P176178.nii,/public/home2/nodecw_group/HUASHAN_Imaging_Data_2/MR/P176178/t1_gre_fsp_3d_sag_iso_P176178.nii,/public/home2/nodecw_group/HUASHAN_Imaging_Data_2/MR/P176178/qsm_tra_0.8mm_SWI_P176178_e12.4.nii,HUASHAN_Imaging_Data_2,180,0.8,144.0,3,A_directly_usable,,no,Vascular/secondary cognitive impairment,,yes
99137846,P176823,/public/home2/nodecw_group/HUASHAN_Imaging_Data_2/MR/P176823/qsm_tra_0.8mm_QSM_P176823.nii,/public/home2/nodecw_group/HUASHAN_Imaging_Data_2/MR/P176823/t1_gre_fsp_3d_sag_iso_P176823.nii,/public/home2/nodecw_group/HUASHAN_Imaging_Data_2/MR/P176823/qsm_tra_0.8mm_SWI_P176823_e12.4.nii,HUASHAN_Imaging_Data_2,180,0.8,144.0,3,A_directly_usable,,no,Other neurological disorders,,yes
99138496,P176951,/public/home2/nodecw_group/HUASHAN_Imaging_Data_2/MR/P176951/qsm_tra_0.8mm_QSM_P176951.nii,/public/home2/nodecw_group/HUASHAN_Imaging_Data_2/MR/P176951/t1_gre_fsp_3d_sag_iso_P176951.nii,/public/home2/nodecw_group/HUASHAN_Imaging_Data_2/MR/P176951/qsm_tra_0.8mm_SWI_P176951_e12.4.nii,HUASHAN_Imaging_Data_2,180,0.8,144.0,3,A_directly_usable,,no,Mild cognitive impairment,QSM slice counts differ across copies; selected the copy with the highest slice count.,yes
99138498,P176950,/public/home2/nodecw_group/HUASHAN_Imaging_Data_2/MR/P176950/qsm_tra_0.8mm_QSM_P176950.nii,/public/home2/nodecw_group/HUASHAN_Imaging_Data_2/MR/P176950/t1_gre_fsp_3d_sag_iso_P176950.nii,/public/home2/nodecw_group/HUASHAN_Imaging_Data_2/MR/P176950/qsm_tra_0.8mm_SWI_P176950_e12.4.nii,HUASHAN_Imaging_Data_2,180,0.8,144.0,3,A_directly_usable,,no,Other neurological disorders,QSM slice counts differ across copies; selected the copy with the highest slice count.,yes
99138726,P177014,/public/home2/nodecw_group/HUASHAN_Imaging_Data_2/MR/P177014/qsm_tra_0.8mm_QSM_P177014.nii,/public/home2/nodecw_group/HUASHAN_Imaging_Data_2/MR/P177014/t1_gre_fsp_3d_sag_iso_P177014.nii,/public/home2/nodecw_group/HUASHAN_Imaging_Data_2/MR/P177014/qsm_tra_0.8mm_SWI_P177014_e12.4.nii,HUASHAN_Imaging_Data_2,180,0.8,144.0,2,A_directly_usable,,no,Other neurological disorders,,yes
99139721,P177185,/public/home2/nodecw_group/HUASHAN_Imaging_Data_2/MR/P177185/qsm_tra_0.8mm_QSM_P177185a.nii,/public/home2/nodecw_group/HUASHAN_Imaging_Data_2/MR/P177185/t1_gre_fsp_3d_sag_iso_P177185a.nii,/public/home2/nodecw_group/HUASHAN_Imaging_Data_2/MR/P177185/qsm_tra_0.8mm_SWI_P177185_e12.4.nii,HUASHAN_Imaging_Data_2,180,0.8,144.0,3,A_directly_usable,,no,Vascular/secondary cognitive impairment,QSM slice counts differ across copies; selected the copy with the highest slice count.,yes
99140950,P177753,/public/home2/nodecw_group/HUASHAN_Imaging_Data_2/MR/P177753/qsm_tra_0.8mm_QSM_P177753.nii,/public/home2/nodecw_group/HUASHAN_Imaging_Data_2/MR/P177753/t1_gre_fsp_3d_sag_iso_P177753.nii,/public/home2/nodecw_group/HUASHAN_Imaging_Data_2/MR/P177753/qsm_tra_0.8mm_SWI_P177753_e1.nii,HUASHAN_Imaging_Data_2,180,0.8,144.0,3,A_directly_usable,,no,Mild cognitive impairment,,yes
99141206,P178104,/public/home2/nodecw_group/HUASHAN_Imaging_Data_2/MR/P178104/qsm_tra_0.8mm_QSM_P178104.nii,/public/home2/nodecw_group/HUASHAN_Imaging_Data_2/MR/P178104/t1_gre_fsp_3d_sag_iso_P178104.nii,/public/home2/nodecw_group/HUASHAN_Imaging_Data_2/MR/P178104/qsm_tra_0.8mm_SWI_P178104_e1.nii,HUASHAN_Imaging_Data_2,180,0.8,144.0,3,A_directly_usable,,no,Other neurological disorders,,yes
99141440,P178168,/public/home2/nodecw_group/HUASHAN_Imaging_Data_2/MR/P178168/qsm_tra_0.8mm_QSM_P178168a.nii,/public/home2/nodecw_group/HUASHAN_Imaging_Data_2/MR/P178168/t1_gre_fsp_3d_sag_iso_P178168.nii,/public/home2/nodecw_group/HUASHAN_Imaging_Data_2/MR/P178168/qsm_tra_0.8mm_SWI_P178168_e1.nii,HUASHAN_Imaging_Data_2,184,0.8,147.2,2,A_directly_usable,,no,Other neurological disorders,,yes
99141847,P178267,/public/home2/nodecw_group/HUASHAN_Imaging_Data_2/MR/P178267/qsm_tra_0.8mm_QSM_P178267.nii,/public/home2/nodecw_group/HUASHAN_Imaging_Data_2/MR/P178267/t1_gre_fsp_3d_sag_iso_P178267a.nii,/public/home2/nodecw_group/HUASHAN_Imaging_Data_2/MR/P178267/qsm_tra_0.8mm_SWI_P178267_e1.nii,HUASHAN_Imaging_Data_2,180,0.8,144.0,3,A_directly_usable,,no,Other neurological disorders,,yes
99144654,P179805,/public/home2/nodecw_group/HUASHAN_Imaging_Data_2/MR/P179805/qsm_tra_iso1.0mm_QSM_P179805.nii,/public/home2/nodecw_group/HUASHAN_Imaging_Data_2/MR/P179805/t1_gre_fsp_3d_sag_iso_P179805.nii,/public/home2/nodecw_group/HUASHAN_Imaging_Data_2/MR/P179805/qsm_tra_iso1.0mm_SWI_P179805_e1.nii,HUASHAN_Imaging_Data_2,118,1.0,118.0,3,A_directly_usable,,no,Mild cognitive impairment,QSM slice counts differ across copies; selected the copy with the highest slice count.,yes
99144770,P179898,/public/home2/nodecw_group/HUASHAN_Imaging_Data_2/MR/P179898/qsm_tra_iso1.0mm_QSM_P179898.nii,/public/home2/nodecw_group/HUASHAN_Imaging_Data_2/MR/P179898/t1_gre_fsp_3d_sag_iso_P179898.nii,/public/home2/nodecw_group/HUASHAN_Imaging_Data_2/MR/P179898/qsm_tra_iso1.0mm_SWI_P179898_e1.nii,HUASHAN_Imaging_Data_2,140,1.0,140.0,3,A_directly_usable,,no,Mild cognitive impairment,QSM slice counts differ across copies; selected the copy with the highest slice count.,yes
99145369,P180245,/public/home2/nodecw_group/HUASHAN_Imaging_Data_2/MR/P180245/qsm_tra_iso1.0mm_QSM_P180245.nii,/public/home2/nodecw_group/HUASHAN_Imaging_Data_2/MR/P180245/t1_gre_fsp_3d_sag_iso_P180245.nii,/public/home2/nodecw_group/HUASHAN_Imaging_Data_2/MR/P180245/qsm_tra_iso1.0mm_SWI_P180245_e1.nii,HUASHAN_Imaging_Data_2,140,1.0,140.0,3,A_directly_usable,,no,Other neurological disorders,QSM slice counts differ across copies; selected the copy with the highest slice count.,yes
99146069,P180358,/public/home2/nodecw_group/HUASHAN_Imaging_Data_2/MR/P180358/qsm_tra_iso1.0mm_QSM_P180358.nii,/public/home2/nodecw_group/HUASHAN_Imaging_Data_2/MR/P180358/t1_gre_fsp_3d_sag_iso_P180358.nii,/public/home2/nodecw_group/HUASHAN_Imaging_Data_2/MR/P180358/qsm_tra_iso1.0mm_SWI_P180358_e1.nii,HUASHAN_Imaging_Data_2,130,1.0,130.0,3,A_directly_usable,,no,Other neurological disorders,,yes
99148277,P181633,/public/home2/nodecw_group/HUASHAN_Imaging_Data_4/MR/P181633/P181633_qsm_tra_iso1.0mm_QSM.nii,/public/home2/nodecw_group/HUASHAN_Imaging_Data_4/MR/P181633/P181633_t1_gre_fsp_3d_sag_iso.nii,/public/home2/nodecw_group/HUASHAN_Imaging_Data_4/MR/P181633/P181633_qsm_tra_iso1.0mm_SWI_e1.nii,HUASHAN_Imaging_Data_4,114,1.0,114.0,2,A_directly_usable,,no,Other neurological disorders,,yes
99154771,P184774,/public/home2/nodecw_group/HUASHAN_Imaging_Data_7/MR/P184774/P184774_qsm_tra_iso1.0mm_QSM.nii,/public/home2/nodecw_group/HUASHAN_Imaging_Data_7/MR/P184774/P184774_t1_gre_fsp_3d_sag_iso.nii,/public/home2/nodecw_group/HUASHAN_Imaging_Data_7/MR/P184774/P184774_qsm_tra_iso1.0mm_SWI_e1.nii,HUASHAN_Imaging_Data_7,118,1.0,118.0,2,A_directly_usable,,no,Mild cognitive impairment,,yes
99155192,P185052,/public/home2/nodecw_group/HUASHAN_Imaging_Data_7/MR/P185052/P185052_qsm_tra_iso1.0mm_QSM.nii,/public/home2/nodecw_group/HUASHAN_Imaging_Data_7/MR/P185052/P185052_t1_gre_fsp_3d_sag_iso.nii,/public/home2/nodecw_group/HUASHAN_Imaging_Data_7/MR/P185052/P185052_qsm_tra_iso1.0mm_SWI_e1.nii,HUASHAN_Imaging_Data_7,118,1.0,118.0,2,A_directly_usable,,no,Other neurological disorders,,yes
99158405,P186644,/public/home2/nodecw_group/HUASHAN_Imaging_Data_4/MR/P186644/P186644_qsm_tra_iso1.0mm_QSM_Eq_1.nii,/public/home2/nodecw_group/HUASHAN_Imaging_Data_4/MR/P186644/P186644_t1_gre_fsp_3d_sag_iso.nii,/public/home2/nodecw_group/HUASHAN_Imaging_Data_4/MR/P186644/P186644_qsm_tra_iso1.0mm_SWI_e1.nii,HUASHAN_Imaging_Data_4,133,1.0,133.0,2,A_directly_usable,,no,Other neurological disorders,,yes
99158789,P186906,/public/home2/nodecw_group/HUASHAN_Imaging_Data_7/MR/P186906/P186906_qsm_tra_iso1.0mm_QSM.nii,/public/home2/nodecw_group/HUASHAN_Imaging_Data_7/MR/P186906/P186906_t1_gre_fsp_3d_sag_iso.nii,/public/home2/nodecw_group/HUASHAN_Imaging_Data_7/MR/P186906/P186906_qsm_tra_iso1.0mm_SWI_e1.nii,HUASHAN_Imaging_Data_7,130,1.0,130.0,2,A_directly_usable,,no,Mild cognitive impairment,,yes
99163573,P189313,/public/home2/nodecw_group/HUASHAN_Imaging_Data_7/MR/P189313/P189313_qsm_tra_iso1.0mm_QSM.nii,/public/home2/nodecw_group/HUASHAN_Imaging_Data_7/MR/P189313/P189313_t1_gre_fsp_3d_sag_iso.nii,/public/home2/nodecw_group/HUASHAN_Imaging_Data_7/MR/P189313/P189313_qsm_tra_iso1.0mm_SWI_e1.nii,HUASHAN_Imaging_Data_7,130,1.0,130.0,2,A_directly_usable,,no,Mild cognitive impairment,,yes
99168536,P191987,/public/home2/nodecw_group/HUASHAN_Imaging_Data_8/MR/P191987/P191987_qsm_tra_iso1.0mm_QSM.nii,/public/home2/nodecw_group/HUASHAN_Imaging_Data_8/MR/P191987/P191987_t1_gre_fsp_3d_sag_iso.nii,/public/home2/nodecw_group/HUASHAN_Imaging_Data_8/MR/P191987/P191987_qsm_tra_iso1.0mm_SWI_e1.nii,HUASHAN_Imaging_Data_8,140,1.0,140.0,1,A_directly_usable,,no,Vascular/secondary cognitive impairment,,yes
99168584,P191989,/public/home2/nodecw_group/HUASHAN_Imaging_Data_7/MR/P191989/P191989_qsm_tra_iso1.0mm_QSM.nii,/public/home2/nodecw_group/HUASHAN_Imaging_Data_7/MR/P191989/P191989_t1_gre_fsp_3d_sag_iso.nii,/public/home2/nodecw_group/HUASHAN_Imaging_Data_7/MR/P191989/P191989_qsm_tra_iso1.0mm_SWI_e1.nii,HUASHAN_Imaging_Data_7,156,1.0,156.0,2,A_directly_usable,,no,Other neurological disorders,,yes
99169300,P192387,/public/home2/nodecw_group/HUASHAN_Imaging_Data_7/MR/P192387/P192387_qsm_tra_iso1.0mm_QSM.nii,/public/home2/nodecw_group/HUASHAN_Imaging_Data_7/MR/P192387/P192387_t1_gre_fsp_3d_sag_iso.nii,/public/home2/nodecw_group/HUASHAN_Imaging_Data_7/MR/P192387/P192387_qsm_tra_iso1.0mm_SWI_e1.nii,HUASHAN_Imaging_Data_7,124,1.0,124.0,2,A_directly_usable,,no,Other neurological disorders,,yes
99170260,P192545,/public/home2/nodecw_group/HUASHAN_Imaging_Data_7/MR/P192545/P192545_qsm_tra_iso1.0mm_QSM.nii,/public/home2/nodecw_group/HUASHAN_Imaging_Data_7/MR/P192545/P192545_t1_gre_fsp_3d_sag_iso.nii,/public/home2/nodecw_group/HUASHAN_Imaging_Data_7/MR/P192545/P192545_qsm_tra_iso1.0mm_SWI_e1.nii,HUASHAN_Imaging_Data_7,118,1.0,118.0,2,A_directly_usable,,no,Other neurological disorders,,yes
99170338,P192572,/public/home2/nodecw_group/HUASHAN_Imaging_Data_7/MR/P192572/P192572_qsm_tra_iso1.0mm_QSM.nii,/public/home2/nodecw_group/HUASHAN_Imaging_Data_7/MR/P192572/P192572_t1_gre_fsp_3d_sag_iso.nii,/public/home2/nodecw_group/HUASHAN_Imaging_Data_7/MR/P192572/P192572_qsm_tra_iso1.0mm_SWI_e1.nii,HUASHAN_Imaging_Data_7,118,1.0,118.0,2,A_directly_usable,,no,Other neurological disorders,,yes
99172543,P193950-2,/public/home2/nodecw_group/HUASHAN_Imaging_Data_8/MR/P193950-2/P193950-2_qsm_tra_iso1.0mm_QSM.nii,/public/home2/nodecw_group/HUASHAN_Imaging_Data_8/MR/P193950-2/P193950-2_t1_gre_fsp_3d_sag_iso.nii,/public/home2/nodecw_group/HUASHAN_Imaging_Data_8/MR/P193950-2/P193950-2_qsm_tra_iso1.0mm_SWI_e1.nii,HUASHAN_Imaging_Data_8,118,0.92,108.5,1,A_directly_usable,,no,Other neurological disorders,,yes
99173326,P194898,/public/home2/nodecw_group/HUASHAN_Imaging_Data_7/MR/P194898/P194898_qsm_tra_iso1.0mm_QSM.nii,/public/home2/nodecw_group/HUASHAN_Imaging_Data_7/MR/P194898/P194898_t1_gre_fsp_3d_sag_iso.nii,/public/home2/nodecw_group/HUASHAN_Imaging_Data_7/MR/P194898/P194898_qsm_tra_iso1.0mm_SWI_e1.nii,HUASHAN_Imaging_Data_7,130,1.0,130.0,2,A_directly_usable,,no,Other neurological disorders,,yes
99173988,P195069,/public/home2/nodecw_group/HUASHAN_Imaging_Data_8/MR/P195069/P195069_qsm_tra_iso1.0mm_QSM.nii,/public/home2/nodecw_group/HUASHAN_Imaging_Data_8/MR/P195069/P195069_t1_gre_fsp_3d_sag_iso.nii,/public/home2/nodecw_group/HUASHAN_Imaging_Data_8/MR/P195069/P195069_qsm_tra_iso1.0mm_SWI_e1.nii,HUASHAN_Imaging_Data_8,118,0.93,110.3,1,A_directly_usable,,no,Mild cognitive impairment,,yes
99174901,P195503,/public/home2/nodecw_group/HUASHAN_Imaging_Data_8/MR/P195503/P195503_qsm_tra_iso1.0mm_QSM.nii,/public/home2/nodecw_group/HUASHAN_Imaging_Data_8/MR/P195503/P195503_t1_gre_fsp_3d_sag_iso.nii,/public/home2/nodecw_group/HUASHAN_Imaging_Data_8/MR/P195503/P195503_qsm_tra_iso1.0mm_SWI_e1.nii,HUASHAN_Imaging_Data_8,130,1.0,130.0,1,A_directly_usable,,no,Mild cognitive impairment,,yes
99175078,P202805,/public/home2/nodecw_group/HUASHAN_Imaging_Data_8/MR/P202805/P202805_qsm_tra_iso1.0mm_QSM.nii,/public/home2/nodecw_group/HUASHAN_Imaging_Data_8/MR/P202805/P202805_t1_gre_fsp_3d_sag_iso.nii,/public/home2/nodecw_group/HUASHAN_Imaging_Data_8/MR/P202805/P202805_qsm_tra_iso1.0mm_SWI_e1.nii,HUASHAN_Imaging_Data_8,118,1.0,118.0,1,A_directly_usable,,no,Other neurological disorders,,yes
99175232,P195953,/public/home2/nodecw_group/HUASHAN_Imaging_Data_8/MR/P195953/P195953_qsm_tra_iso1.0mm_QSM.nii,/public/home2/nodecw_group/HUASHAN_Imaging_Data_8/MR/P195953/P195953_t1_gre_fsp_3d_sag_iso.nii,/public/home2/nodecw_group/HUASHAN_Imaging_Data_8/MR/P195953/P195953_qsm_tra_iso1.0mm_SWI_e1.nii,HUASHAN_Imaging_Data_8,138,1.0,138.0,1,A_directly_usable,,no,Other neurological disorders,,yes
99175443,P195954,/public/home2/nodecw_group/HUASHAN_Imaging_Data_7/MR/P195954/P195954_qsm_tra_iso1.0mm_QSM.nii,/public/home2/nodecw_group/HUASHAN_Imaging_Data_7/MR/P195954/P195954_t1_gre_fsp_3d_sag_iso.nii,/public/home2/nodecw_group/HUASHAN_Imaging_Data_7/MR/P195954/P195954_qsm_tra_iso1.0mm_SWI_e1.nii,HUASHAN_Imaging_Data_7,138,1.0,138.0,2,A_directly_usable,,no,Other neurological disorders,,yes
99175513,P195956-2,/public/home2/nodecw_group/HUASHAN_Imaging_Data_7/MR/P195956-2/P195956-2_qsm_tra_iso1.0mm_QSM.nii,/public/home2/nodecw_group/HUASHAN_Imaging_Data_7/MR/P195956-2/P195956-2_t1_gre_fsp_3d_sag_iso.nii,/public/home2/nodecw_group/HUASHAN_Imaging_Data_7/MR/P195956-2/P195956-2_qsm_tra_iso1.0mm_SWI_e1.nii,HUASHAN_Imaging_Data_7,130,1.0,129.9,2,A_directly_usable,,no,Other neurological disorders,,yes
99175651,P196516,/public/home2/nodecw_group/HUASHAN_Imaging_Data_7/MR/P196516/P196516_qsm_tra_iso1.0mm_QSM.nii,/public/home2/nodecw_group/HUASHAN_Imaging_Data_7/MR/P196516/P196516_t1_gre_fsp_3d_sag_iso.nii,/public/home2/nodecw_group/HUASHAN_Imaging_Data_7/MR/P196516/P196516_qsm_tra_iso1.0mm_SWI_e1.nii,HUASHAN_Imaging_Data_7,130,1.0,130.0,2,A_directly_usable,,no,Mild cognitive impairment,,yes
99175941,P196547,/public/home2/nodecw_group/HUASHAN_Imaging_Data_8/MR/P196547/P196547_qsm_tra_iso1.0mm_QSM.nii,/public/home2/nodecw_group/HUASHAN_Imaging_Data_8/MR/P196547/P196547_t1_gre_fsp_3d_sag_iso.nii,/public/home2/nodecw_group/HUASHAN_Imaging_Data_8/MR/P196547/P196547_qsm_tra_iso1.0mm_SWI_e1.nii,HUASHAN_Imaging_Data_8,118,1.0,118.0,1,A_directly_usable,,no,Vascular/secondary cognitive impairment,,yes
99176190,P196611,/public/home2/nodecw_group/HUASHAN_Imaging_Data_8/MR/P196611/P196611_qsm_tra_iso1.0mm_QSM.nii,/public/home2/nodecw_group/HUASHAN_Imaging_Data_8/MR/P196611/P196611_t1_gre_fsp_3d_sag_iso.nii,/public/home2/nodecw_group/HUASHAN_Imaging_Data_8/MR/P196611/P196611_qsm_tra_iso1.0mm_SWI_e1.nii,HUASHAN_Imaging_Data_8,118,1.0,118.0,1,A_directly_usable,,no,Vascular/secondary cognitive impairment,,yes
99176472,P196652,/public/home2/nodecw_group/HUASHAN_Imaging_Data_7/MR/P196652/P196652_qsm_tra_iso1.0mm_QSM.nii,/public/home2/nodecw_group/HUASHAN_Imaging_Data_7/MR/P196652/P196652_t1_gre_fsp_3d_sag_iso.nii,/public/home2/nodecw_group/HUASHAN_Imaging_Data_7/MR/P196652/P196652_qsm_tra_iso1.0mm_SWI_e1.nii,HUASHAN_Imaging_Data_7,136,1.0,136.0,2,A_directly_usable,,no,Other neurological disorders,,yes
99176613,P196659-2,/public/home2/nodecw_group/HUASHAN_Imaging_Data_7/MR/P196659-2/P196659-2_qsm_tra_iso1.0mm_QSM.nii,/public/home2/nodecw_group/HUASHAN_Imaging_Data_7/MR/P196659-2/P196659-2_t1_gre_fsp_3d_sag_iso.nii,/public/home2/nodecw_group/HUASHAN_Imaging_Data_7/MR/P196659-2/P196659-2_qsm_tra_iso1.0mm_SWI_e1.nii,HUASHAN_Imaging_Data_7,130,1.0,130.0,2,A_directly_usable,,no,Other neurological disorders,,yes
99178396,P197354,/public/home2/nodecw_group/HUASHAN_Imaging_Data_8/MR/P197354/P197354_qsm_tra_iso1.0mm_QSM.nii,/public/home2/nodecw_group/HUASHAN_Imaging_Data_8/MR/P197354/P197354_t1_gre_fsp_3d_sag_iso.nii,/public/home2/nodecw_group/HUASHAN_Imaging_Data_8/MR/P197354/P197354_qsm_tra_iso1.0mm_SWI_e1.nii,HUASHAN_Imaging_Data_8,138,1.0,138.0,1,A_directly_usable,,no,Vascular/secondary cognitive impairment,,yes
99178413,P197353,/public/home2/nodecw_group/HUASHAN_Imaging_Data_7/MR/P197353/P197353_qsm_tra_iso1.0mm_QSM.nii,/public/home2/nodecw_group/HUASHAN_Imaging_Data_7/MR/P197353/P197353_t1_gre_fsp_3d_sag_iso.nii,/public/home2/nodecw_group/HUASHAN_Imaging_Data_7/MR/P197353/P197353_qsm_tra_iso1.0mm_SWI_e1.nii,HUASHAN_Imaging_Data_7,130,1.0,130.0,2,A_directly_usable,,no,Mild cognitive impairment,,yes
99179420,P198030-2,/public/home2/nodecw_group/HUASHAN_Imaging_Data_6/MR/P198030-2/P198030-2_qsm_tra_iso1.0mm_QSM.nii,/public/home2/nodecw_group/HUASHAN_Imaging_Data_6/MR/P198030-2/P198030-2_t1_gre_fsp_3d_sag_iso.nii,/public/home2/nodecw_group/HUASHAN_Imaging_Data_6/MR/P198030-2/P198030-2_qsm_tra_iso1.0mm_SWI_e1.nii,HUASHAN_Imaging_Data_6,130,1.0,130.0,2,A_directly_usable,,no,Other neurological disorders,,yes
99179561,P198089,/public/home2/nodecw_group/HUASHAN_Imaging_Data_8/MR/P198089/P198089_qsm_tra_iso1.0mm_QSM.nii,/public/home2/nodecw_group/HUASHAN_Imaging_Data_8/MR/P198089/P198089_t1_gre_fsp_3d_sag_iso.nii,/public/home2/nodecw_group/HUASHAN_Imaging_Data_8/MR/P198089/P198089_qsm_tra_iso1.0mm_SWI_e1.nii,HUASHAN_Imaging_Data_8,130,1.0,130.0,1,A_directly_usable,,no,Other neurological disorders,,yes
99180209,P198347,/public/home2/nodecw_group/HUASHAN_Imaging_Data_8/MR/P198347/P198347_qsm_tra_iso1.0mm_QSM.nii,/public/home2/nodecw_group/HUASHAN_Imaging_Data_8/MR/P198347/P198347_t1_gre_fsp_3d_sag_iso.nii,/public/home2/nodecw_group/HUASHAN_Imaging_Data_8/MR/P198347/P198347_qsm_tra_iso1.0mm_SWI_e1.nii,HUASHAN_Imaging_Data_8,118,1.0,118.0,1,A_directly_usable,,no,Other neurological disorders,,yes
99180547,P198412,/public/home2/nodecw_group/HUASHAN_Imaging_Data_6/MR/P198412/P198412_qsm_tra_iso1.0mm_QSM.nii,/public/home2/nodecw_group/HUASHAN_Imaging_Data_6/MR/P198412/P198412_t1_gre_fsp_3d_sag_iso.nii,/public/home2/nodecw_group/HUASHAN_Imaging_Data_6/MR/P198412/P198412_qsm_tra_iso1.0mm_SWI_e1.nii,HUASHAN_Imaging_Data_6,118,0.96,112.7,1,A_directly_usable,,no,Other neurological disorders,,yes
99181048,P199086,/public/home2/nodecw_group/HUASHAN_Imaging_Data_6/MR/P199086/P199086_qsm_tra_iso1.0mm_QSM.nii,/public/home2/nodecw_group/HUASHAN_Imaging_Data_6/MR/P199086/P199086_t1_gre_fsp_3d_sag_iso.nii,/public/home2/nodecw_group/HUASHAN_Imaging_Data_6/MR/P199086/P199086_qsm_tra_iso1.0mm_SWI_e1.nii,HUASHAN_Imaging_Data_6,146,1.0,146.0,1,A_directly_usable,,no,Mild cognitive impairment,,yes
99181863,P199303,/public/home2/nodecw_group/HUASHAN_Imaging_Data_8/MR/P199303/P199303_qsm_tra_iso1.0mm_QSM.nii,/public/home2/nodecw_group/HUASHAN_Imaging_Data_8/MR/P199303/P199303_t1_gre_fsp_3d_sag_iso.nii,/public/home2/nodecw_group/HUASHAN_Imaging_Data_8/MR/P199303/P199303_qsm_tra_iso1.0mm_SWI_e1.nii,HUASHAN_Imaging_Data_8,136,1.0,136.0,1,A_directly_usable,,no,Other neurological disorders,,yes
99182084,P199385,/public/home2/nodecw_group/HUASHAN_Imaging_Data_8/MR/P199385/P199385_qsm_tra_iso1.0mm_QSM.nii,/public/home2/nodecw_group/HUASHAN_Imaging_Data_8/MR/P199385/P199385_t1_gre_fsp_3d_sag_iso.nii,/public/home2/nodecw_group/HUASHAN_Imaging_Data_8/MR/P199385/P199385_qsm_tra_iso1.0mm_SWI_e1.nii,HUASHAN_Imaging_Data_8,118,1.0,118.0,1,A_directly_usable,,no,Other neurological disorders,,yes
99182587,P199465,/public/home2/nodecw_group/HUASHAN_Imaging_Data_6/MR/P199465/P199465_qsm_tra_iso1.0mm_QSM.nii,/public/home2/nodecw_group/HUASHAN_Imaging_Data_6/MR/P199465/P199465_t1_gre_fsp_3d_sag_iso.nii,/public/home2/nodecw_group/HUASHAN_Imaging_Data_6/MR/P199465/P199465_qsm_tra_iso1.0mm_SWI_e1.nii,HUASHAN_Imaging_Data_6,118,1.0,118.0,1,A_directly_usable,,no,Other neurological disorders,,yes
99182626,P199467,/public/home2/nodecw_group/HUASHAN_Imaging_Data_6/MR/P199467/P199467_qsm_tra_iso1.0mm_QSM.nii,/public/home2/nodecw_group/HUASHAN_Imaging_Data_6/MR/P199467/P199467_t1_gre_fsp_3d_sag_iso.nii,/public/home2/nodecw_group/HUASHAN_Imaging_Data_6/MR/P199467/P199467_qsm_tra_iso1.0mm_SWI_e1.nii,HUASHAN_Imaging_Data_6,118,1.0,118.0,1,A_directly_usable,,no,Other neurological disorders,,yes
99182667,P200238,/public/home2/nodecw_group/HUASHAN_Imaging_Data_6/MR/P200238/P200238_qsm_tra_iso1.0mm_QSM.nii,/public/home2/nodecw_group/HUASHAN_Imaging_Data_6/MR/P200238/P200238_t1_gre_fsp_3d_sag_iso.nii,/public/home2/nodecw_group/HUASHAN_Imaging_Data_6/MR/P200238/P200238_qsm_tra_iso1.0mm_SWI_e1.nii,HUASHAN_Imaging_Data_6,138,1.0,138.0,1,A_directly_usable,,no,Other neurological disorders,,yes
99183143,P200243,/public/home2/nodecw_group/HUASHAN_Imaging_Data_6/MR/P200243/P200243_qsm_tra_iso1.0mm_QSM.nii,/public/home2/nodecw_group/HUASHAN_Imaging_Data_6/MR/P200243/P200243_t1_gre_fsp_3d_sag_iso.nii,/public/home2/nodecw_group/HUASHAN_Imaging_Data_6/MR/P200243/P200243_qsm_tra_iso1.0mm_SWI_e1.nii,HUASHAN_Imaging_Data_6,150,1.0,150.0,1,A_directly_usable,,no,Other neurological disorders,,yes
99183800,P200416,/public/home2/nodecw_group/HUASHAN_Imaging_Data_8/MR/P200416/P200416_qsm_tra_iso1.0mm_QSM.nii,/public/home2/nodecw_group/HUASHAN_Imaging_Data_8/MR/P200416/P200416_t1_gre_fsp_3d_sag_iso.nii,/public/home2/nodecw_group/HUASHAN_Imaging_Data_8/MR/P200416/P200416_qsm_tra_iso1.0mm_SWI_e1.nii,HUASHAN_Imaging_Data_8,144,1.0,144.0,1,A_directly_usable,,no,Vascular/secondary cognitive impairment,,yes
99183871,P201013,/public/home2/nodecw_group/HUASHAN_Imaging_Data_7/MR/P201013/P201013_qsm_tra_iso1.0mm_QSM.nii,/public/home2/nodecw_group/HUASHAN_Imaging_Data_7/MR/P201013/P201013_t1_gre_fsp_3d_sag_iso.nii,/public/home2/nodecw_group/HUASHAN_Imaging_Data_7/MR/P201013/P201013_qsm_tra_iso1.0mm_SWI_e1.nii,HUASHAN_Imaging_Data_7,118,1.0,117.8,2,A_directly_usable,,no,Other neurological disorders,,yes
99184256,P201116,/public/home2/nodecw_group/HUASHAN_Imaging_Data_8/MR/P201116/P201116_qsm_tra_iso1.0mm_QSM.nii,/public/home2/nodecw_group/HUASHAN_Imaging_Data_8/MR/P201116/P201116_t1_gre_fsp_3d_sag_iso.nii,/public/home2/nodecw_group/HUASHAN_Imaging_Data_8/MR/P201116/P201116_qsm_tra_iso1.0mm_SWI_e1.nii,HUASHAN_Imaging_Data_8,118,1.0,118.0,1,A_directly_usable,,no,Other neurological disorders,,yes
99184288,P201091,/public/home2/nodecw_group/HUASHAN_Imaging_Data_8/MR/P201091/P201091_qsm_tra_iso1.0mm_QSM.nii,/public/home2/nodecw_group/HUASHAN_Imaging_Data_8/MR/P201091/P201091_t1_gre_fsp_3d_sag_iso.nii,/public/home2/nodecw_group/HUASHAN_Imaging_Data_8/MR/P201091/P201091_qsm_tra_iso1.0mm_SWI_e1.nii,HUASHAN_Imaging_Data_8,118,0.94,110.4,1,A_directly_usable,,no,Vascular/secondary cognitive impairment,,yes
99184433,P201115,/public/home2/nodecw_group/HUASHAN_Imaging_Data_6/MR/P201115/P201115_qsm_tra_iso1.0mm_QSM.nii,/public/home2/nodecw_group/HUASHAN_Imaging_Data_6/MR/P201115/P201115_t1_gre_fsp_3d_sag_iso.nii,/public/home2/nodecw_group/HUASHAN_Imaging_Data_6/MR/P201115/P201115_qsm_tra_iso1.0mm_SWI_e1.nii,HUASHAN_Imaging_Data_6,118,1.0,118.0,1,A_directly_usable,,no,Other neurological disorders,,yes
99185082,P201251,/public/home2/nodecw_group/HUASHAN_Imaging_Data_8/MR/P201251/P201251_qsm_tra_iso1.0mm_QSM.nii,/public/home2/nodecw_group/HUASHAN_Imaging_Data_8/MR/P201251/P201251_t1_gre_fsp_3d_sag_iso.nii,/public/home2/nodecw_group/HUASHAN_Imaging_Data_8/MR/P201251/P201251_qsm_tra_iso1.0mm_SWI_e1.nii,HUASHAN_Imaging_Data_8,118,1.0,118.0,1,A_directly_usable,,no,Other neurological disorders,,yes
99186063,P201484,/public/home2/nodecw_group/HUASHAN_Imaging_Data_8/MR/P201484/P201484_qsm_tra_iso1.0mm_QSM.nii,/public/home2/nodecw_group/HUASHAN_Imaging_Data_8/MR/P201484/P201484_t1_gre_fsp_3d_sag_iso.nii,/public/home2/nodecw_group/HUASHAN_Imaging_Data_8/MR/P201484/P201484_qsm_tra_iso1.0mm_SWI_e1.nii,HUASHAN_Imaging_Data_8,144,1.0,144.0,1,A_directly_usable,,no,Other neurological disorders,,yes
99186367,P202567,/public/home2/nodecw_group/HUASHAN_Imaging_Data_8/MR/P202567/P202567_qsm_tra_iso1.0mm_QSM.nii,/public/home2/nodecw_group/HUASHAN_Imaging_Data_8/MR/P202567/P202567_t1_gre_fsp_3d_sag_iso.nii,/public/home2/nodecw_group/HUASHAN_Imaging_Data_8/MR/P202567/P202567_qsm_tra_iso1.0mm_SWI_e1.nii,HUASHAN_Imaging_Data_8,118,1.0,118.0,1,A_directly_usable,,no,Other neurological disorders,,yes
99186475,P202673,/public/home2/nodecw_group/HUASHAN_Imaging_Data_8/MR/P202673/P202673_qsm_tra_iso1.0mm_QSM.nii,/public/home2/nodecw_group/HUASHAN_Imaging_Data_8/MR/P202673/P202673_t1_gre_fsp_3d_sag_iso.nii,/public/home2/nodecw_group/HUASHAN_Imaging_Data_8/MR/P202673/P202673_qsm_tra_iso1.0mm_SWI_e1.nii,HUASHAN_Imaging_Data_8,118,0.9,105.7,1,A_directly_usable,,no,Vascular/secondary cognitive impairment,,yes
99187238,P202733,/public/home2/nodecw_group/HUASHAN_Imaging_Data_8/MR/P202733/P202733_qsm_tra_iso1.0mm_QSM.nii,/public/home2/nodecw_group/HUASHAN_Imaging_Data_8/MR/P202733/P202733_t1_gre_fsp_3d_sag_iso.nii,/public/home2/nodecw_group/HUASHAN_Imaging_Data_8/MR/P202733/P202733_qsm_tra_iso1.0mm_SWI_e1.nii,HUASHAN_Imaging_Data_8,136,1.0,136.0,1,A_directly_usable,,no,Vascular/secondary cognitive impairment,,yes
99187910,P202871,/public/home2/nodecw_group/HUASHAN_Imaging_Data_8/MR/P202871/P202871_qsm_tra_iso1.0mm_QSM.nii,/public/home2/nodecw_group/HUASHAN_Imaging_Data_8/MR/P202871/P202871_t1_gre_fsp_3d_sag_iso.nii,/public/home2/nodecw_group/HUASHAN_Imaging_Data_8/MR/P202871/P202871_qsm_tra_iso1.0mm_SWI_e1.nii,HUASHAN_Imaging_Data_8,118,0.96,113.1,1,A_directly_usable,,no,Vascular/secondary cognitive impairment,,yes
99188070,P202969,/public/home2/nodecw_group/HUASHAN_Imaging_Data_8/MR/P202969/P202969_qsm_tra_iso1.0mm_QSM.nii,/public/home2/nodecw_group/HUASHAN_Imaging_Data_8/MR/P202969/P202969_t1_gre_fsp_3d_sag_iso.nii,/public/home2/nodecw_group/HUASHAN_Imaging_Data_8/MR/P202969/P202969_qsm_tra_iso1.0mm_SWI_e1.nii,HUASHAN_Imaging_Data_8,138,1.0,138.0,1,A_directly_usable,,no,Vascular/secondary cognitive impairment,,yes
99188224,P202974,/public/home2/nodecw_group/HUASHAN_Imaging_Data_8/MR/P202974/P202974_qsm_tra_iso1.0mm_QSM.nii,/public/home2/nodecw_group/HUASHAN_Imaging_Data_8/MR/P202974/P202974_t1_gre_fsp_3d_sag_iso.nii,/public/home2/nodecw_group/HUASHAN_Imaging_Data_8/MR/P202974/P202974_qsm_tra_iso1.0mm_SWI_e1.nii,HUASHAN_Imaging_Data_8,136,1.0,136.0,1,A_directly_usable,,no,Other neurological disorders,,yes
99188295,P203521,/public/home2/nodecw_group/HUASHAN_Imaging_Data_8/MR/P203521/P203521_qsm_tra_iso1.0mm_QSM.nii,/public/home2/nodecw_group/HUASHAN_Imaging_Data_8/MR/P203521/P203521_t1_gre_fsp_3d_sag_iso.nii,/public/home2/nodecw_group/HUASHAN_Imaging_Data_8/MR/P203521/P203521_qsm_tra_iso1.0mm_SWI_e1.nii,HUASHAN_Imaging_Data_8,118,1.0,118.0,1,A_directly_usable,,no,Vascular/secondary cognitive impairment,,yes
99189235,P203685,/public/home2/nodecw_group/HUASHAN_Imaging_Data_8/MR/P203685/P203685_qsm_tra_iso1.0mm_QSM.nii,/public/home2/nodecw_group/HUASHAN_Imaging_Data_8/MR/P203685/P203685_t1_gre_fsp_3d_sag_iso.nii,/public/home2/nodecw_group/HUASHAN_Imaging_Data_8/MR/P203685/P203685_qsm_tra_iso1.0mm_SWI_e1.nii,HUASHAN_Imaging_Data_8,118,1.0,118.0,1,A_directly_usable,,no,Other neurological disorders,,yes
99189411,P203707,/public/home2/nodecw_group/HUASHAN_Imaging_Data_8/MR/P203707/P203707_qsm_tra_iso1.0mm_QSM.nii,/public/home2/nodecw_group/HUASHAN_Imaging_Data_8/MR/P203707/P203707_t1_gre_fsp_3d_sag_iso.nii,/public/home2/nodecw_group/HUASHAN_Imaging_Data_8/MR/P203707/P203707_qsm_tra_iso1.0mm_SWI_e1.nii,HUASHAN_Imaging_Data_8,136,1.0,136.0,1,A_directly_usable,,no,Other neurological disorders,,yes
99189475,P203752,/public/home2/nodecw_group/HUASHAN_Imaging_Data_8/MR/P203752/P203752_qsm_tra_iso1.0mm_QSM.nii,/public/home2/nodecw_group/HUASHAN_Imaging_Data_8/MR/P203752/P203752_t1_gre_fsp_3d_sag_iso.nii,/public/home2/nodecw_group/HUASHAN_Imaging_Data_8/MR/P203752/P203752_qsm_tra_iso1.0mm_SWI_e1.nii,HUASHAN_Imaging_Data_8,118,1.0,118.0,1,A_directly_usable,,no,Mild cognitive impairment,,yes
99190068,P186624,/public/home2/nodecw_group/HUASHAN_Imaging_Data_4/MR/P186624/P186624_qsm_tra_iso1.0mm_QSM_Eq_1.nii,/public/home2/nodecw_group/HUASHAN_Imaging_Data_4/MR/P186624/P186624_t1_gre_fsp_3d_sag_iso.nii,/public/home2/nodecw_group/HUASHAN_Imaging_Data_4/MR/P186624/P186624_qsm_tra_iso1.0mm_SWI_e1.nii,HUASHAN_Imaging_Data_4,135,1.0,135.0,2,A_directly_usable,,no,Vascular/secondary cognitive impairment,,yes
99190849,P204559,/public/home2/nodecw_group/HUASHAN_Imaging_Data_8/MR/P204559/P204559_qsm_tra_iso1.0mm_QSM.nii,/public/home2/nodecw_group/HUASHAN_Imaging_Data_8/MR/P204559/P204559_t1_gre_fsp_3d_sag_iso.nii,/public/home2/nodecw_group/HUASHAN_Imaging_Data_8/MR/P204559/P204559_qsm_tra_iso1.0mm_SWI_e1.nii,HUASHAN_Imaging_Data_8,118,1.0,118.0,1,A_directly_usable,,no,Other neurological disorders,,yes
99191290,P204618,/public/home2/nodecw_group/HUASHAN_Imaging_Data_8/MR/P204618/P204618_qsm_tra_iso1.0mm_QSM.nii,/public/home2/nodecw_group/HUASHAN_Imaging_Data_8/MR/P204618/P204618_t1_gre_fsp_3d_sag_iso.nii,/public/home2/nodecw_group/HUASHAN_Imaging_Data_8/MR/P204618/P204618_qsm_tra_iso1.0mm_SWI_e1.nii,HUASHAN_Imaging_Data_8,118,1.0,118.0,1,A_directly_usable,,no,Other neurological disorders,,yes
99191309,P204616,/public/home2/nodecw_group/HUASHAN_Imaging_Data_8/MR/P204616/P204616_qsm_tra_iso1.0mm_QSM.nii,/public/home2/nodecw_group/HUASHAN_Imaging_Data_8/MR/P204616/P204616_t1_gre_fsp_3d_sag_iso.nii,/public/home2/nodecw_group/HUASHAN_Imaging_Data_8/MR/P204616/P204616_qsm_tra_iso1.0mm_SWI_e1.nii,HUASHAN_Imaging_Data_8,118,1.0,118.0,1,A_directly_usable,,no,Other neurological disorders,,yes
99191348,P204621,/public/home2/nodecw_group/HUASHAN_Imaging_Data_8/MR/P204621/P204621_qsm_tra_iso1.0mm_QSM.nii,/public/home2/nodecw_group/HUASHAN_Imaging_Data_8/MR/P204621/P204621_t1_gre_fsp_3d_sag_iso.nii,/public/home2/nodecw_group/HUASHAN_Imaging_Data_8/MR/P204621/P204621_qsm_tra_iso1.0mm_SWI_e1.nii,HUASHAN_Imaging_Data_8,118,1.0,118.0,1,A_directly_usable,,no,Other neurological disorders,,yes
99191787,P204756,/public/home2/nodecw_group/HUASHAN_Imaging_Data_8/MR/P204756/P204756_qsm_tra_iso1.0mm_QSM.nii,/public/home2/nodecw_group/HUASHAN_Imaging_Data_8/MR/P204756/P204756_t1_gre_fsp_3d_sag_iso.nii,/public/home2/nodecw_group/HUASHAN_Imaging_Data_8/MR/P204756/P204756_qsm_tra_iso1.0mm_SWI_e1.nii,HUASHAN_Imaging_Data_8,118,1.0,118.0,1,A_directly_usable,,no,Other neurological disorders,,yes
99192452,P207115,/public/home2/nodecw_group/HUASHAN_Imaging_Data_8/MR/P207115/P207115_qsm_tra_iso1.0mm_QSM.nii,/public/home2/nodecw_group/HUASHAN_Imaging_Data_8/MR/P207115/P207115_t1_gre_fsp_3d_sag_iso.nii,/public/home2/nodecw_group/HUASHAN_Imaging_Data_8/MR/P207115/P207115_qsm_tra_iso1.0mm_SWI_e1.nii,HUASHAN_Imaging_Data_8,124,1.0,124.0,1,A_directly_usable,,no,Other neurological disorders,,yes
99192780,P206087,/public/home2/nodecw_group/HUASHAN_Imaging_Data_8/MR/P206087/P206087_qsm_tra_iso1.0mm_QSM.nii,/public/home2/nodecw_group/HUASHAN_Imaging_Data_8/MR/P206087/P206087_t1_gre_fsp_3d_sag_iso.nii,/public/home2/nodecw_group/HUASHAN_Imaging_Data_8/MR/P206087/P206087_qsm_tra_iso1.0mm_SWI_e1.nii,HUASHAN_Imaging_Data_8,118,1.0,118.0,1,A_directly_usable,,no,Other neurological disorders,,yes
99192793,P206071,/public/home2/nodecw_group/HUASHAN_Imaging_Data_8/MR/P206071/P206071_qsm_tra_iso1.0mm_QSM.nii,/public/home2/nodecw_group/HUASHAN_Imaging_Data_8/MR/P206071/P206071_t1_gre_fsp_3d_sag_iso.nii,/public/home2/nodecw_group/HUASHAN_Imaging_Data_8/MR/P206071/P206071_qsm_tra_iso1.0mm_SWI_e1.nii,HUASHAN_Imaging_Data_8,118,1.0,118.0,1,A_directly_usable,,no,Other neurological disorders,,yes
99192863,P206042-2,/public/home2/nodecw_group/HUASHAN_Imaging_Data_8/MR/P206042-2/P206042-2_qsm_tra_iso1.0mm_QSM.nii,/public/home2/nodecw_group/HUASHAN_Imaging_Data_8/MR/P206042-2/P206042-2_t1_gre_fsp_3d_sag_iso.nii,/public/home2/nodecw_group/HUASHAN_Imaging_Data_8/MR/P206042-2/P206042-2_qsm_tra_iso1.0mm_SWI_e1.nii,HUASHAN_Imaging_Data_8,118,1.0,118.0,1,A_directly_usable,,no,Other neurological disorders,,yes
99193749,P206265,/public/home2/nodecw_group/HUASHAN_Imaging_Data_8/MR/P206265/P206265_qsm_tra_iso1.0mm_QSM.nii,/public/home2/nodecw_group/HUASHAN_Imaging_Data_8/MR/P206265/P206265_t1_gre_fsp_3d_sag_iso.nii,/public/home2/nodecw_group/HUASHAN_Imaging_Data_8/MR/P206265/P206265_qsm_tra_iso1.0mm_SWI_e1.nii,HUASHAN_Imaging_Data_8,130,1.0,130.0,1,A_directly_usable,,no,Other neurological disorders,,yes
99194181,P206351,/public/home2/nodecw_group/HUASHAN_Imaging_Data_8/MR/P206351/P206351_qsm_tra_iso1.0mm_QSM.nii,/public/home2/nodecw_group/HUASHAN_Imaging_Data_8/MR/P206351/P206351_t1_gre_fsp_3d_sag_iso.nii,/public/home2/nodecw_group/HUASHAN_Imaging_Data_8/MR/P206351/P206351_qsm_tra_iso1.0mm_SWI_e1.nii,HUASHAN_Imaging_Data_8,118,0.92,108.9,1,A_directly_usable,,no,Other neurological disorders,,yes
99194743,P207034,/public/home2/nodecw_group/HUASHAN_Imaging_Data_8/MR/P207034/P207034_qsm_tra_iso1.0mm_QSM.nii,/public/home2/nodecw_group/HUASHAN_Imaging_Data_8/MR/P207034/P207034_t1_gre_fsp_3d_sag_iso.nii,/public/home2/nodecw_group/HUASHAN_Imaging_Data_8/MR/P207034/P207034_qsm_tra_iso1.0mm_SWI_e1.nii,HUASHAN_Imaging_Data_8,136,1.0,136.0,1,A_directly_usable,,no,Other neurological disorders,,yes
99195103,P207116,/public/home2/nodecw_group/HUASHAN_Imaging_Data_8/MR/P207116/P207116_qsm_tra_iso1.0mm_QSM.nii,/public/home2/nodecw_group/HUASHAN_Imaging_Data_8/MR/P207116/P207116_t1_gre_fsp_3d_sag_iso.nii,/public/home2/nodecw_group/HUASHAN_Imaging_Data_8/MR/P207116/P207116_qsm_tra_iso1.0mm_SWI_e1.nii,HUASHAN_Imaging_Data_8,130,1.0,130.0,1,A_directly_usable,,no,Other neurological disorders,,yes
99119986,P168029,/public/home2/nodecw_group/HUASHAN_Imaging_Data/MR/P168029/qsm_tra_0.8mm_QSM_P168029.nii,/public/home2/nodecw_group/HUASHAN_Imaging_Data/MR/P168029/t1_gre_fsp_3d_sag_iso_P168029.nii,/public/home2/nodecw_group/HUASHAN_Imaging_Data/MR/P168029/qsm_tra_0.8mm_SWI_P168029_e12.4.nii,HUASHAN_Imaging_Data,180,0.8,144.0,4,A_directly_usable,REF,yes,Unclassified,,yes
99145582,P180251-2,/public/home2/nodecw_group/HUASHAN_Imaging_Data_2/MR/P180251-2/qsm_tra_iso1.0mm_QSM_P180251-2.nii,/public/home2/nodecw_group/HUASHAN_Imaging_Data_2/MR/P180251-2/t1_gre_fsp_3d_sag_iso_P180251-2.nii,/public/home2/nodecw_group/HUASHAN_Imaging_Data_2/MR/P180251-2/qsm_tra_iso1.0mm_SWI_P180251-2_e1.nii,HUASHAN_Imaging_Data_2,118,1.0,118.0,2,A_directly_usable,REF,yes,Unclassified,,yes
99169846,P190964,/public/home2/nodecw_group/HUASHAN_Imaging_Data_4/MR/P190964/P190964_qsm_tra_iso1.0mm_QSM_Eq_1.nii,/public/home2/nodecw_group/HUASHAN_Imaging_Data_4/MR/P190964/P190964_t1_gre_fsp_3d_sag_iso.nii,/public/home2/nodecw_group/HUASHAN_Imaging_Data_4/MR/P190964/P190964_qsm_tra_iso1.0mm_SWI_e1.nii,HUASHAN_Imaging_Data_4,115,1.0,115.0,2,A_directly_usable,REF,yes,Unclassified,,yes
99187822,P202876,/public/home2/nodecw_group/HUASHAN_Imaging_Data_10/MR/P202876/P202876_qsm_tra_iso1.0mm_QSM.nii,/public/home2/nodecw_group/HUASHAN_Imaging_Data_10/MR/P202876/P202876_t1_gre_fsp_3d_sag_isoa.nii,/public/home2/nodecw_group/HUASHAN_Imaging_Data_10/MR/P202876/P202876_qsm_tra_iso1.0mm_SWI_e1.nii,HUASHAN_Imaging_Data_10,118,0.99,116.4,2,A_directly_usable,REF,yes,Unclassified,,yes
99191184,P204647,/public/home2/nodecw_group/HUASHAN_Imaging_Data_8/MR/P204647/P204647_qsm_tra_iso1.0mm_QSM.nii,/public/home2/nodecw_group/HUASHAN_Imaging_Data_8/MR/P204647/P204647_t1_gre_fsp_3d_sag_iso.nii,/public/home2/nodecw_group/HUASHAN_Imaging_Data_8/MR/P204647/P204647_qsm_tra_iso1.0mm_SWI_e1.nii,HUASHAN_Imaging_Data_8,118,1.0,118.0,1,A_directly_usable,REF,yes,Unclassified,,yes
99194992,P207118,/public/home2/nodecw_group/HUASHAN_Imaging_Data_8/MR/P207118/P207118_qsm_tra_iso1.0mm_QSM.nii,/public/home2/nodecw_group/HUASHAN_Imaging_Data_8/MR/P207118/P207118_t1_gre_fsp_3d_sag_iso.nii,/public/home2/nodecw_group/HUASHAN_Imaging_Data_8/MR/P207118/P207118_qsm_tra_iso1.0mm_SWI_e1.nii,HUASHAN_Imaging_Data_8,130,1.0,130.0,1,A_directly_usable,REF,yes,Unclassified,,yes
99056435,P169393,/public/home2/nodecw_group/HUASHAN_Imaging_Data/MR/P169393/qsm_tra_0.8mm_QSM_P169393.nii,/public/home2/nodecw_group/HUASHAN_Imaging_Data/MR/P169393/t1_gre_fsp_3d_sag_iso_P169393.nii,/public/home2/nodecw_group/HUASHAN_Imaging_Data/MR/P169393/qsm_tra_0.8mm_SWI_P169393_e12.4.nii,HUASHAN_Imaging_Data,180,0.8,144.0,5,A_directly_usable,Multiple system atrophy,yes,Neurodegenerative disease,QSM slice counts differ across copies; selected the copy with the highest slice count.,yes
99081631,P196693,/public/home2/nodecw_group/HUASHAN_Imaging_Data_7/MR/P196693/P196693_qsm_tra_iso1.0mm_QSM.nii,/public/home2/nodecw_group/HUASHAN_Imaging_Data_7/MR/P196693/P196693_t1_gre_fsp_3d_sag_iso.nii,/public/home2/nodecw_group/HUASHAN_Imaging_Data_7/MR/P196693/P196693_qsm_tra_iso1.0mm_SWI_e1.nii,HUASHAN_Imaging_Data_7,118,1.0,118.0,2,A_directly_usable,Multiple system atrophy,yes,Neurodegenerative disease,,yes
99107803,P162013,/public/home2/nodecw_group/HUASHAN_Imaging_Data/MR/P162013/qsm_tra_0.8mm_QSM_P162013.nii,/public/home2/nodecw_group/HUASHAN_Imaging_Data/MR/P162013/t1_gre_fsp_3d_sag_iso_P162013.nii,/public/home2/nodecw_group/HUASHAN_Imaging_Data/MR/P162013/qsm_tra_0.8mm_SWI_P162013_e12.4.nii,HUASHAN_Imaging_Data,152,0.79,120.8,4,A_directly_usable,Multiple system atrophy,yes,Neurodegenerative disease,QSM slice counts differ across copies; selected the copy with the highest slice count.,yes
99111433,P163890-3,/public/home2/nodecw_group/HUASHAN_Imaging_Data/MR/P163890-3/qsm_tra_0.8mm_QSM_P163890-3.nii,/public/home2/nodecw_group/HUASHAN_Imaging_Data/MR/P163890-3/t1_gre_fsp_3d_sag_iso_P163890-3.nii,/public/home2/nodecw_group/HUASHAN_Imaging_Data/MR/P163890-3/qsm_tra_0.8mm_SWI_P163890-3_e12.4.nii,HUASHAN_Imaging_Data,180,0.8,143.6,4,A_directly_usable,Multiple system atrophy,yes,Neurodegenerative disease,QSM slice counts differ across copies; selected the copy with the highest slice count.,yes
99111475,P163845,/public/home2/nodecw_group/HUASHAN_Imaging_Data/MR/P163845/qsm_tra_0.8mm_QSM_P163845.nii,/public/home2/nodecw_group/HUASHAN_Imaging_Data/MR/P163845/t1_gre_fsp_3d_sag_iso_P163845.nii,/public/home2/nodecw_group/HUASHAN_Imaging_Data/MR/P163845/qsm_tra_0.8mm_SWI_P163845_e12.4.nii,HUASHAN_Imaging_Data,180,0.8,143.4,4,A_directly_usable,Multiple system atrophy,yes,Neurodegenerative disease,,yes
99112454,P164275-2,/public/home2/nodecw_group/HUASHAN_Imaging_Data/MR/P164275-2/qsm_tra_0.8mm_QSM_P164275-2.nii,/public/home2/nodecw_group/HUASHAN_Imaging_Data/MR/P164275-2/t1_gre_fsp_3d_sag_iso_P164275-2.nii,/public/home2/nodecw_group/HUASHAN_Imaging_Data/MR/P164275-2/qsm_tra_0.8mm_SWI_P164275-2_e12.4.nii,HUASHAN_Imaging_Data,180,0.8,144.0,4,A_directly_usable,Multiple system atrophy,yes,Neurodegenerative disease,QSM slice counts differ across copies; selected the copy with the highest slice count.,yes
99112716,P164414-2,/public/home2/nodecw_group/HUASHAN_Imaging_Data/MR/P164414-2/qsm_tra_0.8mm_QSM_P164414-2.nii,/public/home2/nodecw_group/HUASHAN_Imaging_Data/MR/P164414-2/t1_gre_fsp_3d_sag_iso_P164414-2.nii,/public/home2/nodecw_group/HUASHAN_Imaging_Data/MR/P164414-2/qsm_tra_0.8mm_SWI_P164414-2_e12.4.nii,HUASHAN_Imaging_Data,180,0.8,144.0,4,A_directly_usable,Multiple system atrophy,yes,Neurodegenerative disease,QSM slice counts differ across copies; selected the copy with the highest slice count.,yes
99113356,P164744,/public/home2/nodecw_group/HUASHAN_Imaging_Data/MR/P164744/qsm_tra_0.8mm_QSM_P164744.nii,/public/home2/nodecw_group/HUASHAN_Imaging_Data/MR/P164744/t1_gre_fsp_3d_sag_iso_P164744.nii,/public/home2/nodecw_group/HUASHAN_Imaging_Data/MR/P164744/qsm_tra_0.8mm_SWI_P164744_e12.4.nii,HUASHAN_Imaging_Data,180,0.8,144.0,4,A_directly_usable,Multiple system atrophy,yes,Neurodegenerative disease,QSM slice counts differ across copies; selected the copy with the highest slice count.,yes
99115036,P165515-2,/public/home2/nodecw_group/HUASHAN_Imaging_Data/MR/P165515-2/qsm_tra_0.8mm_QSM_P165515-2.nii,/public/home2/nodecw_group/HUASHAN_Imaging_Data/MR/P165515-2/t1_gre_fsp_3d_sag_iso_P165515-2.nii,/public/home2/nodecw_group/HUASHAN_Imaging_Data/MR/P165515-2/qsm_tra_0.8mm_SWI_P165515-2_e12.4.nii,HUASHAN_Imaging_Data,180,0.8,144.0,4,A_directly_usable,Multiple system atrophy,yes,Neurodegenerative disease,QSM slice counts differ across copies; selected the copy with the highest slice count.,yes
99115780,P165981-2,/public/home2/nodecw_group/HUASHAN_Imaging_Data/MR/P165981-2/qsm_tra_0.8mm_QSM_P165981-2.nii,/public/home2/nodecw_group/HUASHAN_Imaging_Data/MR/P165981-2/t1_gre_fsp_3d_sag_iso_P165981-2.nii,/public/home2/nodecw_group/HUASHAN_Imaging_Data/MR/P165981-2/qsm_tra_0.8mm_SWI_P165981-2_e12.4.nii,HUASHAN_Imaging_Data,180,0.8,144.0,4,A_directly_usable,Multiple system atrophy,yes,Neurodegenerative disease,,yes
99116554,P166219,/public/home2/nodecw_group/HUASHAN_Imaging_Data/MR/P166219/qsm_tra_0.8mm_QSM_P166219.nii,/public/home2/nodecw_group/HUASHAN_Imaging_Data/MR/P166219/t1_gre_fsp_3d_sag_iso_P166219.nii,/public/home2/nodecw_group/HUASHAN_Imaging_Data/MR/P166219/qsm_tra_0.8mm_SWI_P166219_e12.4.nii,HUASHAN_Imaging_Data,180,0.8,144.0,4,A_directly_usable,Multiple system atrophy,yes,Neurodegenerative disease,,yes
99116554,P191936,/public/home2/nodecw_group/HUASHAN_Imaging_Data_10/MR/P191936/P191936_qsm_tra_iso1.0mm_QSM.nii,/public/home2/nodecw_group/HUASHAN_Imaging_Data_10/MR/P191936/P191936_t1_gre_fsp_3d_sag_iso.nii,/public/home2/nodecw_group/HUASHAN_Imaging_Data_10/MR/P191936/P191936_qsm_tra_iso1.0mm_SWI_e1.nii,HUASHAN_Imaging_Data_10,126,1.0,126.0,1,A_directly_usable,Multiple system atrophy,yes,Neurodegenerative disease,,yes
99116556,P166220-2,/public/home2/nodecw_group/HUASHAN_Imaging_Data/MR/P166220-2/qsm_tra_0.8mm_QSM_P166220-2.nii,/public/home2/nodecw_group/HUASHAN_Imaging_Data/MR/P166220-2/t1_gre_fsp_3d_sag_iso_P166220-2.nii,/public/home2/nodecw_group/HUASHAN_Imaging_Data/MR/P166220-2/qsm_tra_0.8mm_SWI_P166220-2_e12.4.nii,HUASHAN_Imaging_Data,180,0.8,144.0,4,A_directly_usable,Multiple system atrophy,yes,Neurodegenerative disease,QSM slice counts differ across copies; selected the copy with the highest slice count.,yes
99116726,P166366,/public/home2/nodecw_group/HUASHAN_Imaging_Data/MR/P166366/qsm_tra_0.8mm_QSM_P166366.nii,/public/home2/nodecw_group/HUASHAN_Imaging_Data/MR/P166366/t1_gre_fsp_3d_sag_iso_P166366.nii,/public/home2/nodecw_group/HUASHAN_Imaging_Data/MR/P166366/qsm_tra_0.8mm_SWI_P166366_e12.4.nii,HUASHAN_Imaging_Data,180,0.8,144.0,4,A_directly_usable,Multiple system atrophy,no,Neurodegenerative disease,QSM slice counts differ across copies; selected the copy with the highest slice count.,yes
99117084,P166596,/public/home2/nodecw_group/HUASHAN_Imaging_Data/MR/P166596/qsm_tra_0.8mm_QSM_P166596.nii,/public/home2/nodecw_group/HUASHAN_Imaging_Data/MR/P166596/t1_gre_fsp_3d_sag_iso_P166596.nii,/public/home2/nodecw_group/HUASHAN_Imaging_Data/MR/P166596/qsm_tra_0.8mm_SWI_P166596_e12.4.nii,HUASHAN_Imaging_Data,180,0.8,144.0,4,A_directly_usable,Multiple system atrophy,yes,Neurodegenerative disease,,yes
99117538,P166702,/public/home2/nodecw_group/HUASHAN_Imaging_Data/MR/P166702/qsm_tra_0.8mm_QSM_P166702.nii,/public/home2/nodecw_group/HUASHAN_Imaging_Data/MR/P166702/t1_gre_fsp_3d_sag_iso_P166702.nii,/public/home2/nodecw_group/HUASHAN_Imaging_Data/MR/P166702/qsm_tra_0.8mm_SWI_P166702_e12.4.nii,HUASHAN_Imaging_Data,180,0.8,144.0,4,A_directly_usable,Multiple system atrophy,yes,Neurodegenerative disease,QSM slice counts differ across copies; selected the copy with the highest slice count.,yes
99117801,P166743-2,/public/home2/nodecw_group/HUASHAN_Imaging_Data/MR/P166743-2/qsm_tra_0.8mm_QSM_P166743-2.nii,/public/home2/nodecw_group/HUASHAN_Imaging_Data/MR/P166743-2/t1_gre_fsp_3d_sag_iso_P166743-2.nii,/public/home2/nodecw_group/HUASHAN_Imaging_Data/MR/P166743-2/qsm_tra_0.8mm_SWI_P166743-2_e12.4.nii,HUASHAN_Imaging_Data,180,0.8,144.0,4,A_directly_usable,Multiple system atrophy,yes,Neurodegenerative disease,,yes
99119378,P167624,/public/home2/nodecw_group/HUASHAN_Imaging_Data/MR/P167624/qsm_tra_0.8mm_QSM_P167624.nii,/public/home2/nodecw_group/HUASHAN_Imaging_Data/MR/P167624/t1_gre_fsp_3d_sag_iso_P167624.nii,/public/home2/nodecw_group/HUASHAN_Imaging_Data/MR/P167624/qsm_tra_0.8mm_SWI_P167624_e12.4.nii,HUASHAN_Imaging_Data,180,0.8,144.0,4,A_directly_usable,Multiple system atrophy,no,Neurodegenerative disease,QSM slice counts differ across copies; selected the copy with the highest slice count.,yes
99119992,P168006-2,/public/home2/nodecw_group/HUASHAN_Imaging_Data/MR/P168006-2/qsm_tra_0.8mm_QSM_P168006-2.nii,/public/home2/nodecw_group/HUASHAN_Imaging_Data/MR/P168006-2/t1_gre_fsp_3d_sag_iso_P168006-2.nii,/public/home2/nodecw_group/HUASHAN_Imaging_Data/MR/P168006-2/qsm_tra_0.8mm_SWI_P168006-2_e12.4.nii,HUASHAN_Imaging_Data,180,0.8,144.0,4,A_directly_usable,Multiple system atrophy,yes,Neurodegenerative disease,QSM slice counts differ across copies; selected the copy with the highest slice count.,yes
99120218,P168059-2,/public/home2/nodecw_group/HUASHAN_Imaging_Data/MR/P168059-2/qsm_tra_0.8mm_QSM_P168059-2.nii,/public/home2/nodecw_group/HUASHAN_Imaging_Data/MR/P168059-2/t1_gre_fsp_3d_sag_iso_P168059-2.nii,/public/home2/nodecw_group/HUASHAN_Imaging_Data/MR/P168059-2/qsm_tra_0.8mm_SWI_P168059-2_e12.4.nii,HUASHAN_Imaging_Data,180,0.8,144.0,4,A_directly_usable,Multiple system atrophy,yes,Neurodegenerative disease,,yes
99121251,P168547,/public/home2/nodecw_group/HUASHAN_Imaging_Data/MR/P168547/qsm_tra_0.8mm_QSM_P168547.nii,/public/home2/nodecw_group/HUASHAN_Imaging_Data/MR/P168547/t1_gre_fsp_3d_sag_iso_P168547.nii,/public/home2/nodecw_group/HUASHAN_Imaging_Data/MR/P168547/qsm_tra_0.8mm_SWI_P168547_e12.4.nii,HUASHAN_Imaging_Data,180,0.8,144.0,4,A_directly_usable,Multiple system atrophy,yes,Neurodegenerative disease,QSM slice counts differ across copies; selected the copy with the highest slice count.,yes
99121864,P168640,/public/home2/nodecw_group/HUASHAN_Imaging_Data/MR/P168640/qsm_tra_0.8mm_QSM_P168640.nii,/public/home2/nodecw_group/HUASHAN_Imaging_Data/MR/P168640/t1_gre_fsp_3d_sag_iso_P168640.nii,/public/home2/nodecw_group/HUASHAN_Imaging_Data/MR/P168640/qsm_tra_0.8mm_SWI_P168640_e12.4.nii,HUASHAN_Imaging_Data,180,0.8,144.0,4,A_directly_usable,Multiple system atrophy,yes,Neurodegenerative disease,,yes
99121888,P168638,/public/home2/nodecw_group/HUASHAN_Imaging_Data/MR/P168638/qsm_tra_0.8mm_QSM_P168638.nii,/public/home2/nodecw_group/HUASHAN_Imaging_Data/MR/P168638/t1_gre_fsp_3d_sag_iso_P168638.nii,/public/home2/nodecw_group/HUASHAN_Imaging_Data/MR/P168638/qsm_tra_0.8mm_SWI_P168638_e12.4.nii,HUASHAN_Imaging_Data,180,0.8,144.0,4,A_directly_usable,Multiple system atrophy,yes,Neurodegenerative disease,QSM slice counts differ across copies; selected the copy with the highest slice count.,yes
99122926,P169292-2,/public/home2/nodecw_group/HUASHAN_Imaging_Data/MR/P169292-2/qsm_tra_0.8mm_QSM_P169292-2.nii,/public/home2/nodecw_group/HUASHAN_Imaging_Data/MR/P169292-2/t1_gre_fsp_3d_sag_iso_P169292-2.nii,/public/home2/nodecw_group/HUASHAN_Imaging_Data/MR/P169292-2/qsm_tra_0.8mm_SWI_P169292-2_e12.4.nii,HUASHAN_Imaging_Data,180,0.8,144.0,4,A_directly_usable,Multiple system atrophy,yes,Neurodegenerative disease,QSM slice counts differ across copies; selected the copy with the highest slice count.,yes
99123023,P169327,/public/home2/nodecw_group/HUASHAN_Imaging_Data/MR/P169327/qsm_tra_0.8mm_QSM_P169327.nii,/public/home2/nodecw_group/HUASHAN_Imaging_Data/MR/P169327/t1_gre_fsp_3d_sag_iso_P169327.nii,/public/home2/nodecw_group/HUASHAN_Imaging_Data/MR/P169327/qsm_tra_0.8mm_SWI_P169327_e12.4.nii,HUASHAN_Imaging_Data,180,0.8,144.0,4,A_directly_usable,Multiple system atrophy,yes,Neurodegenerative disease,,yes
99123189,P169377-2,/public/home2/nodecw_group/HUASHAN_Imaging_Data/MR/P169377-2/qsm_tra_0.8mm_QSM_P169377-2.nii,/public/home2/nodecw_group/HUASHAN_Imaging_Data/MR/P169377-2/t1_gre_fsp_3d_sag_iso_P169377-2.nii,/public/home2/nodecw_group/HUASHAN_Imaging_Data/MR/P169377-2/qsm_tra_0.8mm_SWI_P169377-2_e12.4.nii,HUASHAN_Imaging_Data,180,0.8,144.0,4,A_directly_usable,Multiple system atrophy,yes,Neurodegenerative disease,,yes
99123925,P169490,/public/home2/nodecw_group/HUASHAN_Imaging_Data/MR/P169490/qsm_tra_0.8mm_QSM_P169490.nii,/public/home2/nodecw_group/HUASHAN_Imaging_Data/MR/P169490/t1_gre_fsp_3d_sag_iso_P169490.nii,/public/home2/nodecw_group/HUASHAN_Imaging_Data/MR/P169490/qsm_tra_0.8mm_SWI_P169490_e12.4.nii,HUASHAN_Imaging_Data,180,0.8,144.0,4,A_directly_usable,Multiple system atrophy,yes,Neurodegenerative disease,,yes
99124396,00413156,/public/home2/nodecw_group/HUASHAN_Imaging_Data_2/MR/00413156/qsm_tra_QSM_00413156.nii,/public/home2/nodecw_group/HUASHAN_Imaging_Data_2/MR/00413156/t1_gre_fsp_3d_sag_00413156.nii,/public/home2/nodecw_group/HUASHAN_Imaging_Data_2/MR/00413156/qsm_tra_SWI_00413156_e10.9.nii,HUASHAN_Imaging_Data_2,66,1.83,120.9,2,A_directly_usable,Multiple system atrophy,no,Neurodegenerative disease,Selected QSM has an anomalous reported slice thickness of 1.83 mm; registration may be unreliable.,yes
99124553,P169910-3,/public/home2/nodecw_group/HUASHAN_Imaging_Data/MR/P169910-3/qsm_tra_0.8mm_QSM_P169910-3.nii,/public/home2/nodecw_group/HUASHAN_Imaging_Data/MR/P169910-3/t1_gre_fsp_3d_sag_iso_P169910-3.nii,/public/home2/nodecw_group/HUASHAN_Imaging_Data/MR/P169910-3/qsm_tra_0.8mm_SWI_P169910-3_e12.4.nii,HUASHAN_Imaging_Data,180,0.8,144.0,4,A_directly_usable,Multiple system atrophy,yes,Neurodegenerative disease,,yes
99125747,P170558,/public/home2/nodecw_group/HUASHAN_Imaging_Data/MR/P170558/qsm_tra_0.8mm_QSM_P170558.nii,/public/home2/nodecw_group/HUASHAN_Imaging_Data/MR/P170558/t1_gre_fsp_3d_sag_iso_P170558.nii,/public/home2/nodecw_group/HUASHAN_Imaging_Data/MR/P170558/qsm_tra_0.8mm_SWI_P170558_e12.4.nii,HUASHAN_Imaging_Data,184,0.8,147.2,4,A_directly_usable,Multiple system atrophy,no,Neurodegenerative disease,,yes
99127333,P171505,/public/home2/nodecw_group/HUASHAN_Imaging_Data/MR/P171505/qsm_tra_0.8mm_QSM_P171505.nii,/public/home2/nodecw_group/HUASHAN_Imaging_Data/MR/P171505/t1_gre_fsp_3d_sag_iso_P171505.nii,/public/home2/nodecw_group/HUASHAN_Imaging_Data/MR/P171505/qsm_tra_0.8mm_SWI_P171505_e12.4.nii,HUASHAN_Imaging_Data,180,0.8,144.0,4,A_directly_usable,Multiple system atrophy,yes,Neurodegenerative disease,,yes
99127344,P171082-2,/public/home2/nodecw_group/HUASHAN_Imaging_Data/MR/P171082-2/qsm_tra_0.8mm_QSM_P171082-2.nii,/public/home2/nodecw_group/HUASHAN_Imaging_Data/MR/P171082-2/t1_gre_fsp_3d_sag_iso_P171082-2.nii,/public/home2/nodecw_group/HUASHAN_Imaging_Data/MR/P171082-2/qsm_tra_0.8mm_SWI_P171082-2_e12.4.nii,HUASHAN_Imaging_Data,180,0.8,144.0,4,A_directly_usable,Multiple system atrophy,yes,Neurodegenerative disease,QSM slice counts differ across copies; selected the copy with the highest slice count.,yes
99127663,P171539-2,/public/home2/nodecw_group/HUASHAN_Imaging_Data/MR/P171539-2/qsm_tra_0.8mm_QSM_P171539-2.nii,/public/home2/nodecw_group/HUASHAN_Imaging_Data/MR/P171539-2/t1_gre_fsp_3d_sag_iso_P171539-2.nii,/public/home2/nodecw_group/HUASHAN_Imaging_Data/MR/P171539-2/qsm_tra_0.8mm_SWI_P171539-2_e12.4.nii,HUASHAN_Imaging_Data,180,0.8,144.0,4,A_directly_usable,Multiple system atrophy,yes,Neurodegenerative disease,,yes
99128324,P171891,/public/home2/nodecw_group/HUASHAN_Imaging_Data/MR/P171891/qsm_tra_0.8mm_QSM_P171891.nii,/public/home2/nodecw_group/HUASHAN_Imaging_Data/MR/P171891/t1_gre_fsp_3d_sag_iso_P171891.nii,/public/home2/nodecw_group/HUASHAN_Imaging_Data/MR/P171891/qsm_tra_0.8mm_SWI_P171891_e12.4.nii,HUASHAN_Imaging_Data,184,0.8,147.2,4,A_directly_usable,Multiple system atrophy,no,Neurodegenerative disease,QSM slice counts differ across copies; selected the copy with the highest slice count.,yes
99128495,P171955,/public/home2/nodecw_group/HUASHAN_Imaging_Data/MR/P171955/qsm_tra_0.8mm_QSM_P171955.nii,/public/home2/nodecw_group/HUASHAN_Imaging_Data/MR/P171955/t1_gre_fsp_3d_sag_iso_P171955.nii,/public/home2/nodecw_group/HUASHAN_Imaging_Data/MR/P171955/qsm_tra_0.8mm_SWI_P171955_e12.4.nii,HUASHAN_Imaging_Data,180,0.79,142.8,4,A_directly_usable,Multiple system atrophy,yes,Neurodegenerative disease,QSM slice counts differ across copies; selected the copy with the highest slice count.,yes
99128653,P172204-2,/public/home2/nodecw_group/HUASHAN_Imaging_Data/MR/P172204-2/qsm_tra_0.8mm_QSM_P172204-2.nii,/public/home2/nodecw_group/HUASHAN_Imaging_Data/MR/P172204-2/t1_gre_fsp_3d_sag_iso_P172204-2.nii,/public/home2/nodecw_group/HUASHAN_Imaging_Data/MR/P172204-2/qsm_tra_0.8mm_SWI_P172204-2_e12.4.nii,HUASHAN_Imaging_Data,180,0.8,144.0,4,A_directly_usable,Multiple system atrophy,yes,Neurodegenerative disease,QSM slice counts differ across copies; selected the copy with the highest slice count.,yes
99128944,P172207,/public/home2/nodecw_group/HUASHAN_Imaging_Data/MR/P172207/qsm_tra_0.8mm_QSM_P172207.nii,/public/home2/nodecw_group/HUASHAN_Imaging_Data/MR/P172207/t1_gre_fsp_3d_sag_iso_P172207.nii,/public/home2/nodecw_group/HUASHAN_Imaging_Data/MR/P172207/qsm_tra_0.8mm_SWI_P172207_e12.4.nii,HUASHAN_Imaging_Data,180,0.8,144.0,4,A_directly_usable,Multiple system atrophy,yes,Neurodegenerative disease,QSM slice counts differ across copies; selected the copy with the highest slice count.,yes
99129244,P172267-2,/public/home2/nodecw_group/HUASHAN_Imaging_Data/MR/P172267-2/qsm_tra_0.8mm_QSM_P172267-2.nii,/public/home2/nodecw_group/HUASHAN_Imaging_Data/MR/P172267-2/t1_gre_fsp_3d_sag_iso_P172267-2.nii,/public/home2/nodecw_group/HUASHAN_Imaging_Data/MR/P172267-2/qsm_tra_0.8mm_SWI_P172267-2_e12.4.nii,HUASHAN_Imaging_Data,180,0.8,144.0,4,A_directly_usable,Multiple system atrophy,yes,Neurodegenerative disease,QSM slice counts differ across copies; selected the copy with the highest slice count.,yes
99130303,P172960-2,/public/home2/nodecw_group/HUASHAN_Imaging_Data_2/MR/P172960-2/qsm_tra_0.8mm_QSM_P172960-2.nii,/public/home2/nodecw_group/HUASHAN_Imaging_Data_2/MR/P172960-2/t1_gre_fsp_3d_sag_iso_P172960-2.nii,/public/home2/nodecw_group/HUASHAN_Imaging_Data_2/MR/P172960-2/qsm_tra_0.8mm_SWI_P172960-2_e12.4.nii,HUASHAN_Imaging_Data_2,180,0.8,144.0,3,A_directly_usable,Multiple system atrophy,yes,Neurodegenerative disease,QSM slice counts differ across copies; selected the copy with the highest slice count.,yes
99130849,P173161-2,/public/home2/nodecw_group/HUASHAN_Imaging_Data_2/MR/P173161-2/qsm_tra_0.8mm_QSM_P173161-2.nii,/public/home2/nodecw_group/HUASHAN_Imaging_Data_2/MR/P173161-2/t1_gre_fsp_3d_sag_iso_P173161-2.nii,/public/home2/nodecw_group/HUASHAN_Imaging_Data_2/MR/P173161-2/qsm_tra_0.8mm_SWI_P173161-2_e12.4.nii,HUASHAN_Imaging_Data_2,180,0.8,144.0,2,A_directly_usable,Multiple system atrophy,yes,Neurodegenerative disease,,yes
99131627,P173703,/public/home2/nodecw_group/HUASHAN_Imaging_Data_2/MR/P173703/qsm_tra_0.8mm_QSM_P173703a.nii,/public/home2/nodecw_group/HUASHAN_Imaging_Data_2/MR/P173703/t1_gre_fsp_3d_sag_iso_P173703a.nii,/public/home2/nodecw_group/HUASHAN_Imaging_Data_2/MR/P173703/qsm_tra_0.8mm_SWI_P173703_e12.4.nii,HUASHAN_Imaging_Data_2,184,0.8,147.2,3,A_directly_usable,Multiple system atrophy,yes,Neurodegenerative disease,QSM slice counts differ across copies; selected the copy with the highest slice count.,yes
99131858,P173769-2,/public/home2/nodecw_group/HUASHAN_Imaging_Data_2/MR/P173769-2/qsm_tra_0.8mm_QSM_P173769-2.nii,/public/home2/nodecw_group/HUASHAN_Imaging_Data_2/MR/P173769-2/t1_gre_fsp_3d_sag_iso_P173769-2.nii,/public/home2/nodecw_group/HUASHAN_Imaging_Data_2/MR/P173769-2/qsm_tra_0.8mm_SWI_P173769-2_e12.4.nii,HUASHAN_Imaging_Data_2,180,0.8,144.0,2,A_directly_usable,Multiple system atrophy,yes,Neurodegenerative disease,,yes
99132299,P173854-2,/public/home2/nodecw_group/HUASHAN_Imaging_Data_2/MR/P173854-2/qsm_tra_0.8mm_QSM_P173854-2.nii,/public/home2/nodecw_group/HUASHAN_Imaging_Data_2/MR/P173854-2/t1_gre_fsp_3d_sag_iso_P173854-2.nii,/public/home2/nodecw_group/HUASHAN_Imaging_Data_2/MR/P173854-2/qsm_tra_0.8mm_SWI_P173854-2_e12.4.nii,HUASHAN_Imaging_Data_2,180,0.8,144.0,2,A_directly_usable,Multiple system atrophy,yes,Neurodegenerative disease,,yes
99133731,P174705-2,/public/home2/nodecw_group/HUASHAN_Imaging_Data_2/MR/P174705-2/qsm_tra_0.8mm_QSM_P174705-2.nii,/public/home2/nodecw_group/HUASHAN_Imaging_Data_2/MR/P174705-2/t1_gre_fsp_3d_sag_iso_P174705-2.nii,/public/home2/nodecw_group/HUASHAN_Imaging_Data_2/MR/P174705-2/qsm_tra_0.8mm_SWI_P174705-2_e12.4.nii,HUASHAN_Imaging_Data_2,180,0.8,144.0,2,A_directly_usable,Multiple system atrophy,yes,Neurodegenerative disease,,yes
99133851,P174805,/public/home2/nodecw_group/HUASHAN_Imaging_Data_2/MR/P174805/qsm_tra_0.8mm_QSM_P174805.nii,/public/home2/nodecw_group/HUASHAN_Imaging_Data_2/MR/P174805/t1_gre_fsp_3d_sag_iso_P174805.nii,/public/home2/nodecw_group/HUASHAN_Imaging_Data_2/MR/P174805/qsm_tra_0.8mm_SWI_P174805_e12.4.nii,HUASHAN_Imaging_Data_2,180,0.8,144.0,3,A_directly_usable,Multiple system atrophy,no,Neurodegenerative disease,,yes
99134757,P175211-2,/public/home2/nodecw_group/HUASHAN_Imaging_Data_2/MR/P175211-2/qsm_tra_0.8mm_QSM_P175211-2.nii,/public/home2/nodecw_group/HUASHAN_Imaging_Data_2/MR/P175211-2/t1_gre_fsp_3d_sag_iso_P175211-2.nii,/public/home2/nodecw_group/HUASHAN_Imaging_Data_2/MR/P175211-2/qsm_tra_0.8mm_SWI_P175211-2_e12.4.nii,HUASHAN_Imaging_Data_2,180,0.8,144.0,2,A_directly_usable,Multiple system atrophy,yes,Neurodegenerative disease,,yes
99135141,P175284,/public/home2/nodecw_group/HUASHAN_Imaging_Data_2/MR/P175284/qsm_tra_0.8mm_QSM_P175284.nii,/public/home2/nodecw_group/HUASHAN_Imaging_Data_2/MR/P175284/t1_gre_fsp_3d_sag_iso_P175284.nii,/public/home2/nodecw_group/HUASHAN_Imaging_Data_2/MR/P175284/qsm_tra_0.8mm_SWI_P175284_e12.4.nii,HUASHAN_Imaging_Data_2,180,0.8,144.0,2,A_directly_usable,Multiple system atrophy,yes,Neurodegenerative disease,,yes
99135255,P175285,/public/home2/nodecw_group/HUASHAN_Imaging_Data_2/MR/P175285/qsm_tra_0.8mm_QSM_P175285.nii,/public/home2/nodecw_group/HUASHAN_Imaging_Data_2/MR/P175285/t1_gre_fsp_3d_sag_iso_P175285.nii,/public/home2/nodecw_group/HUASHAN_Imaging_Data_2/MR/P175285/qsm_tra_0.8mm_SWI_P175285_e12.4.nii,HUASHAN_Imaging_Data_2,180,0.8,144.0,2,A_directly_usable,Multiple system atrophy,yes,Neurodegenerative disease,,yes
99135814,P175394,/public/home2/nodecw_group/HUASHAN_Imaging_Data_2/MR/P175394/qsm_tra_0.8mm_QSM_P175394.nii,/public/home2/nodecw_group/HUASHAN_Imaging_Data_2/MR/P175394/t1_gre_fsp_3d_sag_iso_P175394.nii,/public/home2/nodecw_group/HUASHAN_Imaging_Data_2/MR/P175394/qsm_tra_0.8mm_SWI_P175394_e12.4.nii,HUASHAN_Imaging_Data_2,180,0.8,144.0,3,A_directly_usable,Multiple system atrophy,no,Neurodegenerative disease,,yes
99135947,P175389,/public/home2/nodecw_group/HUASHAN_Imaging_Data_2/MR/P175389/qsm_tra_0.8mm_QSM_P175389a.nii,/public/home2/nodecw_group/HUASHAN_Imaging_Data_2/MR/P175389/t1_gre_fsp_3d_sag_iso_P175389.nii,/public/home2/nodecw_group/HUASHAN_Imaging_Data_2/MR/P175389/qsm_tra_0.8mm_SWI_P175389_e12.4.nii,HUASHAN_Imaging_Data_2,180,0.8,144.0,3,A_directly_usable,Multiple system atrophy,yes,Neurodegenerative disease,,yes
99137130,P176106,/public/home2/nodecw_group/HUASHAN_Imaging_Data_2/MR/P176106/qsm_tra_0.8mm_QSM_P176106.nii,/public/home2/nodecw_group/HUASHAN_Imaging_Data_2/MR/P176106/t1_gre_fsp_3d_sag_iso_P176106.nii,/public/home2/nodecw_group/HUASHAN_Imaging_Data_2/MR/P176106/qsm_tra_0.8mm_SWI_P176106_e12.4.nii,HUASHAN_Imaging_Data_2,180,0.8,144.0,2,A_directly_usable,Multiple system atrophy,yes,Neurodegenerative disease,,yes
99137294,P176811-2,/public/home2/nodecw_group/HUASHAN_Imaging_Data_2/MR/P176811-2/qsm_tra_0.8mm_QSM_P176811-2.nii,/public/home2/nodecw_group/HUASHAN_Imaging_Data_2/MR/P176811-2/t1_gre_fsp_3d_sag_iso_P176811-2.nii,/public/home2/nodecw_group/HUASHAN_Imaging_Data_2/MR/P176811-2/qsm_tra_0.8mm_SWI_P176811-2_e12.4.nii,HUASHAN_Imaging_Data_2,180,0.8,144.0,3,A_directly_usable,Multiple system atrophy,yes,Neurodegenerative disease,,yes
99137740,P176822-2,/public/home2/nodecw_group/HUASHAN_Imaging_Data_2/MR/P176822-2/qsm_tra_0.8mm_QSM_P176822-2.nii,/public/home2/nodecw_group/HUASHAN_Imaging_Data_2/MR/P176822-2/t1_gre_fsp_3d_sag_iso_P176822-2.nii,/public/home2/nodecw_group/HUASHAN_Imaging_Data_2/MR/P176822-2/qsm_tra_0.8mm_SWI_P176822-2_e12.4.nii,HUASHAN_Imaging_Data_2,180,0.8,144.0,3,A_directly_usable,Multiple system atrophy,yes,Neurodegenerative disease,QSM slice counts differ across copies; selected the copy with the highest slice count.,yes
99138173,P176882,/public/home2/nodecw_group/HUASHAN_Imaging_Data_2/MR/P176882/qsm_tra_0.8mm_QSM_P176882.nii,/public/home2/nodecw_group/HUASHAN_Imaging_Data_2/MR/P176882/t1_gre_fsp_3d_sag_iso_P176882.nii,/public/home2/nodecw_group/HUASHAN_Imaging_Data_2/MR/P176882/qsm_tra_0.8mm_SWI_P176882_e12.4.nii,HUASHAN_Imaging_Data_2,180,0.8,144.0,3,A_directly_usable,Multiple system atrophy,no,Neurodegenerative disease,,yes
99138179,P176877,/public/home2/nodecw_group/HUASHAN_Imaging_Data_2/MR/P176877/qsm_tra_0.8mm_QSM_P176877.nii,/public/home2/nodecw_group/HUASHAN_Imaging_Data_2/MR/P176877/t1_gre_fsp_3d_sag_iso_P176877.nii,/public/home2/nodecw_group/HUASHAN_Imaging_Data_2/MR/P176877/qsm_tra_0.8mm_SWI_P176877_e12.4.nii,HUASHAN_Imaging_Data_2,184,0.8,147.2,3,A_directly_usable,Multiple system atrophy,yes,Neurodegenerative disease,QSM slice counts differ across copies; selected the copy with the highest slice count.,yes
99138179,P176877-2,/public/home2/nodecw_group/HUASHAN_Imaging_Data_2/MR/P176877-2/qsm_tra_0.8mm_QSM_P176877-2.nii,/public/home2/nodecw_group/HUASHAN_Imaging_Data_2/MR/P176877-2/t1_gre_fsp_3d_sag_iso_P176877-2.nii,/public/home2/nodecw_group/HUASHAN_Imaging_Data_2/MR/P176877-2/qsm_tra_0.8mm_SWI_P176877-2_e12.4.nii,HUASHAN_Imaging_Data_2,188,0.8,150.4,3,A_directly_usable,Multiple system atrophy,yes,Neurodegenerative disease,,yes
99138306,P176905,/public/home2/nodecw_group/HUASHAN_Imaging_Data/MR/P176905/qsm_tra_0.8mm_QSM_P176905.nii,/public/home2/nodecw_group/HUASHAN_Imaging_Data/MR/P176905/t1_gre_fsp_3d_sag_iso_P176905.nii,/public/home2/nodecw_group/HUASHAN_Imaging_Data/MR/P176905/qsm_tra_0.8mm_SWI_P176905_e12.4.nii,HUASHAN_Imaging_Data,180,0.8,144.0,4,A_directly_usable,Multiple system atrophy,yes,Neurodegenerative disease,QSM slice counts differ across copies; selected the copy with the highest slice count.,yes
99138466,P176968,/public/home2/nodecw_group/HUASHAN_Imaging_Data_2/MR/P176968/qsm_tra_0.8mm_QSM_P176968.nii,/public/home2/nodecw_group/HUASHAN_Imaging_Data_2/MR/P176968/t1_gre_fsp_3d_sag_iso_P176968a.nii,/public/home2/nodecw_group/HUASHAN_Imaging_Data_2/MR/P176968/qsm_tra_0.8mm_SWI_P176968_e12.4.nii,HUASHAN_Imaging_Data_2,180,0.8,144.0,3,A_directly_usable,Multiple system atrophy,yes,Neurodegenerative disease,QSM slice counts differ across copies; selected the copy with the highest slice count.,yes
99138805,P177016,/public/home2/nodecw_group/HUASHAN_Imaging_Data_2/MR/P177016/qsm_tra_0.8mm_QSM_P177016.nii,/public/home2/nodecw_group/HUASHAN_Imaging_Data_2/MR/P177016/t1_gre_fsp_3d_sag_iso_P177016.nii,/public/home2/nodecw_group/HUASHAN_Imaging_Data_2/MR/P177016/qsm_tra_0.8mm_SWI_P177016_e12.4.nii,HUASHAN_Imaging_Data_2,180,0.8,144.0,3,A_directly_usable,Multiple system atrophy,yes,Neurodegenerative disease,QSM slice counts differ across copies; selected the copy with the highest slice count.,yes
99139891,P177188,/public/home2/nodecw_group/HUASHAN_Imaging_Data_2/MR/P177188/qsm_tra_0.8mm_QSM_P177188a.nii,/public/home2/nodecw_group/HUASHAN_Imaging_Data_2/MR/P177188/t1_gre_fsp_3d_sag_iso_P177188.nii,/public/home2/nodecw_group/HUASHAN_Imaging_Data_2/MR/P177188/qsm_tra_0.8mm_SWI_P177188_e12.4.nii,HUASHAN_Imaging_Data_2,180,0.8,144.0,3,A_directly_usable,Multiple system atrophy,yes,Neurodegenerative disease,QSM slice counts differ across copies; selected the copy with the highest slice count.,yes
99141177,P178114,/public/home2/nodecw_group/HUASHAN_Imaging_Data_2/MR/P178114/qsm_tra_0.8mm_QSM_P178114.nii,/public/home2/nodecw_group/HUASHAN_Imaging_Data_2/MR/P178114/t1_gre_fsp_3d_sag_iso_P178114.nii,/public/home2/nodecw_group/HUASHAN_Imaging_Data_2/MR/P178114/qsm_tra_0.8mm_SWI_P178114_e1.nii,HUASHAN_Imaging_Data_2,180,0.8,144.0,3,A_directly_usable,Multiple system atrophy,yes,Neurodegenerative disease,,yes
99141218,P178116,/public/home2/nodecw_group/HUASHAN_Imaging_Data_2/MR/P178116/qsm_tra_0.8mm_QSM_P178116.nii,/public/home2/nodecw_group/HUASHAN_Imaging_Data_2/MR/P178116/t1_gre_fsp_3d_sag_iso_P178116.nii,/public/home2/nodecw_group/HUASHAN_Imaging_Data_2/MR/P178116/qsm_tra_0.8mm_SWI_P178116_e1.nii,HUASHAN_Imaging_Data_2,180,0.8,144.0,3,A_directly_usable,Multiple system atrophy,yes,Neurodegenerative disease,,yes
99141568,P193925-2,/public/home2/nodecw_group/HUASHAN_Imaging_Data_8/MR/P193925-2/P193925-2_qsm_tra_iso1.0mm_QSM.nii,/public/home2/nodecw_group/HUASHAN_Imaging_Data_8/MR/P193925-2/P193925-2_t1_gre_fsp_3d_sag_iso.nii,/public/home2/nodecw_group/HUASHAN_Imaging_Data_8/MR/P193925-2/P193925-2_qsm_tra_iso1.0mm_SWI_e1.nii,HUASHAN_Imaging_Data_8,118,0.92,108.4,1,A_directly_usable,Multiple system atrophy,yes,Neurodegenerative disease,,yes
99141702,P178231,/public/home2/nodecw_group/HUASHAN_Imaging_Data_2/MR/P178231/qsm_tra_0.8mm_QSM_P178231a.nii,/public/home2/nodecw_group/HUASHAN_Imaging_Data_2/MR/P178231/t1_gre_fsp_3d_sag_iso_P178231.nii,/public/home2/nodecw_group/HUASHAN_Imaging_Data_2/MR/P178231/qsm_tra_0.8mm_SWI_P178231_e1.nii,HUASHAN_Imaging_Data_2,180,0.8,144.0,3,A_directly_usable,Multiple system atrophy,no,Neurodegenerative disease,QSM slice counts differ across copies; selected the copy with the highest slice count.,yes
99141856,P178245,/public/home2/nodecw_group/HUASHAN_Imaging_Data_2/MR/P178245/qsm_tra_0.8mm_QSM_P178245a.nii,/public/home2/nodecw_group/HUASHAN_Imaging_Data_2/MR/P178245/t1_gre_fsp_3d_sag_iso_P178245a.nii,/public/home2/nodecw_group/HUASHAN_Imaging_Data_2/MR/P178245/qsm_tra_0.8mm_SWI_P178245_e1.nii,HUASHAN_Imaging_Data_2,180,0.8,144.0,3,A_directly_usable,Multiple system atrophy,yes,Neurodegenerative disease,QSM slice counts differ across copies; selected the copy with the highest slice count.,yes
99142054,P178288-2,/public/home2/nodecw_group/HUASHAN_Imaging_Data_2/MR/P178288-2/qsm_tra_0.8mm_QSM_P178288-2.nii,/public/home2/nodecw_group/HUASHAN_Imaging_Data_2/MR/P178288-2/t1_gre_fsp_3d_sag_iso_P178288-2.nii,/public/home2/nodecw_group/HUASHAN_Imaging_Data_2/MR/P178288-2/qsm_tra_0.8mm_SWI_P178288-2_e1.nii,HUASHAN_Imaging_Data_2,180,0.8,144.0,3,A_directly_usable,Multiple system atrophy,yes,Neurodegenerative disease,,yes
99143822,P179382,/public/home2/nodecw_group/HUASHAN_Imaging_Data_2/MR/P179382/qsm_tra_iso1.0mm_QSM_P179382.nii,/public/home2/nodecw_group/HUASHAN_Imaging_Data_2/MR/P179382/t1_gre_fsp_3d_sag_iso_P179382.nii,/public/home2/nodecw_group/HUASHAN_Imaging_Data_2/MR/P179382/qsm_tra_iso1.0mm_SWI_P179382_e1.nii,HUASHAN_Imaging_Data_2,140,1.0,140.0,3,A_directly_usable,Multiple system atrophy,yes,Neurodegenerative disease,,yes
99145179,P180221-2,/public/home2/nodecw_group/HUASHAN_Imaging_Data_2/MR/P180221-2/qsm_tra_iso1.0mm_QSM_P180221-2.nii,/public/home2/nodecw_group/HUASHAN_Imaging_Data_2/MR/P180221-2/t1_gre_fsp_3d_sag_iso_P180221-2.nii,/public/home2/nodecw_group/HUASHAN_Imaging_Data_2/MR/P180221-2/qsm_tra_iso1.0mm_SWI_P180221-2_e1.nii,HUASHAN_Imaging_Data_2,118,1.0,118.0,3,A_directly_usable,Multiple system atrophy,no,Neurodegenerative disease,,yes
99145197,P179894,/public/home2/nodecw_group/HUASHAN_Imaging_Data_2/MR/P179894/qsm_tra_iso1.0mm_QSM_P179894.nii,/public/home2/nodecw_group/HUASHAN_Imaging_Data_2/MR/P179894/t1_gre_fsp_3d_sag_iso_P179894.nii,/public/home2/nodecw_group/HUASHAN_Imaging_Data_2/MR/P179894/qsm_tra_iso1.0mm_SWI_P179894_e1.nii,HUASHAN_Imaging_Data_2,126,1.0,126.0,3,A_directly_usable,Multiple system atrophy,yes,Neurodegenerative disease,,yes
99145530,P180273,/public/home2/nodecw_group/HUASHAN_Imaging_Data_2/MR/P180273/qsm_tra_iso1.0mm_QSM_P180273.nii,/public/home2/nodecw_group/HUASHAN_Imaging_Data_2/MR/P180273/t1_gre_fsp_3d_sag_iso_P180273.nii,/public/home2/nodecw_group/HUASHAN_Imaging_Data_2/MR/P180273/qsm_tra_iso1.0mm_SWI_P180273_e1.nii,HUASHAN_Imaging_Data_2,118,1.0,118.0,3,A_directly_usable,Multiple system atrophy,yes,Neurodegenerative disease,QSM slice counts differ across copies; selected the copy with the highest slice count.,yes
99145960,P180360-3,/public/home2/nodecw_group/HUASHAN_Imaging_Data_2/MR/P180360-3/qsm_tra_iso1.0mm_QSM_P180360-3.nii,/public/home2/nodecw_group/HUASHAN_Imaging_Data_2/MR/P180360-3/t1_gre_fsp_3d_sag_iso_P180360-3.nii,/public/home2/nodecw_group/HUASHAN_Imaging_Data_2/MR/P180360-3/qsm_tra_iso1.0mm_SWI_P180360-3_e1.nii,HUASHAN_Imaging_Data_2,136,1.0,136.0,3,A_directly_usable,Multiple system atrophy,yes,Neurodegenerative disease,QSM slice counts differ across copies; selected the copy with the highest slice count.,yes
99146881,P180862-2,/public/home2/nodecw_group/HUASHAN_Imaging_Data_2/MR/P180862-2/qsm_tra_iso1.0mm_QSM_P180862-2.nii,/public/home2/nodecw_group/HUASHAN_Imaging_Data_2/MR/P180862-2/t1_gre_fsp_3d_sag_iso_P180862-2.nii,/public/home2/nodecw_group/HUASHAN_Imaging_Data_2/MR/P180862-2/qsm_tra_iso1.0mm_SWI_P180862-2_e1.nii,HUASHAN_Imaging_Data_2,118,1.0,118.0,3,A_directly_usable,Multiple system atrophy,yes,Neurodegenerative disease,QSM slice counts differ across copies; selected the copy with the highest slice count.,yes
99156332,P185862-2,/public/home2/nodecw_group/HUASHAN_Imaging_Data_8/MR/P185862-2/P185862-2_qsm_tra_iso1.0mm_QSM.nii,/public/home2/nodecw_group/HUASHAN_Imaging_Data_8/MR/P185862-2/P185862-2_t1_gre_fsp_3d_sag_iso.nii,/public/home2/nodecw_group/HUASHAN_Imaging_Data_8/MR/P185862-2/P185862-2_qsm_tra_iso1.0mm_SWI_e1.nii,HUASHAN_Imaging_Data_8,118,1.0,118.0,1,A_directly_usable,Multiple system atrophy,yes,Neurodegenerative disease,,yes
99156822,P185918,/public/home2/nodecw_group/HUASHAN_Imaging_Data_8/MR/P185918/P185918_qsm_tra_iso1.0mm_QSM.nii,/public/home2/nodecw_group/HUASHAN_Imaging_Data_8/MR/P185918/P185918_t1_gre_fsp_3d_sag_iso.nii,/public/home2/nodecw_group/HUASHAN_Imaging_Data_8/MR/P185918/P185918_qsm_tra_iso1.0mm_SWI_e1.nii,HUASHAN_Imaging_Data_8,126,1.0,126.0,1,A_directly_usable,Multiple system atrophy,yes,Neurodegenerative disease,,yes
99157576,P186357-2,/public/home2/nodecw_group/HUASHAN_Imaging_Data_8/MR/P186357-2/P186357-2_qsm_tra_iso1.0mm_QSM.nii,/public/home2/nodecw_group/HUASHAN_Imaging_Data_8/MR/P186357-2/P186357-2_t1_gre_fsp_3d_sag_iso.nii,/public/home2/nodecw_group/HUASHAN_Imaging_Data_8/MR/P186357-2/P186357-2_qsm_tra_iso1.0mm_SWI_e1.nii,HUASHAN_Imaging_Data_8,130,1.0,130.0,1,A_directly_usable,Multiple system atrophy,yes,Neurodegenerative disease,,yes
99158031,P186565,/public/home2/nodecw_group/HUASHAN_Imaging_Data_8/MR/P186565/P186565_qsm_tra_iso1.0mm_QSM.nii,/public/home2/nodecw_group/HUASHAN_Imaging_Data_8/MR/P186565/P186565_t1_gre_fsp_3d_sag_iso.nii,/public/home2/nodecw_group/HUASHAN_Imaging_Data_8/MR/P186565/P186565_qsm_tra_iso1.0mm_SWI_e1.nii,HUASHAN_Imaging_Data_8,136,1.0,136.0,1,A_directly_usable,Multiple system atrophy,yes,Neurodegenerative disease,,yes
99158782,P186940,/public/home2/nodecw_group/HUASHAN_Imaging_Data_8/MR/P186940/P186940_qsm_tra_iso1.0mm_QSM.nii,/public/home2/nodecw_group/HUASHAN_Imaging_Data_8/MR/P186940/P186940_t1_gre_fsp_3d_sag_iso.nii,/public/home2/nodecw_group/HUASHAN_Imaging_Data_8/MR/P186940/P186940_qsm_tra_iso1.0mm_SWI_e1.nii,HUASHAN_Imaging_Data_8,118,0.94,111.5,1,A_directly_usable,Multiple system atrophy,yes,Neurodegenerative disease,,yes
99158921,P186941,/public/home2/nodecw_group/HUASHAN_Imaging_Data_8/MR/P186941/P186941_qsm_tra_iso1.0mm_QSM.nii,/public/home2/nodecw_group/HUASHAN_Imaging_Data_8/MR/P186941/P186941_t1_gre_fsp_3d_sag_iso.nii,/public/home2/nodecw_group/HUASHAN_Imaging_Data_8/MR/P186941/P186941_qsm_tra_iso1.0mm_SWI_e1.nii,HUASHAN_Imaging_Data_8,118,0.96,113.3,1,A_directly_usable,Multiple system atrophy,yes,Neurodegenerative disease,,yes
99159252,P186996,/public/home2/nodecw_group/HUASHAN_Imaging_Data_8/MR/P186996/P186996_qsm_tra_iso1.0mm_QSM.nii,/public/home2/nodecw_group/HUASHAN_Imaging_Data_8/MR/P186996/P186996_t1_gre_fsp_3d_sag_iso.nii,/public/home2/nodecw_group/HUASHAN_Imaging_Data_8/MR/P186996/P186996_qsm_tra_iso1.0mm_SWI_e1.nii,HUASHAN_Imaging_Data_8,118,1.0,118.0,1,A_directly_usable,Multiple system atrophy,yes,Neurodegenerative disease,,yes
99159849,P187470,/public/home2/nodecw_group/HUASHAN_Imaging_Data_8/MR/P187470/P187470_qsm_tra_iso1.0mm_QSM.nii,/public/home2/nodecw_group/HUASHAN_Imaging_Data_8/MR/P187470/P187470_t1_gre_fsp_3d_sag_iso.nii,/public/home2/nodecw_group/HUASHAN_Imaging_Data_8/MR/P187470/P187470_qsm_tra_iso1.0mm_SWI_e1.nii,HUASHAN_Imaging_Data_8,124,1.0,124.0,1,A_directly_usable,Multiple system atrophy,yes,Neurodegenerative disease,,yes
99161669,P188526-2,/public/home2/nodecw_group/HUASHAN_Imaging_Data_8/MR/P188526-2/P188526-2_qsm_tra_iso1.0mm_QSM.nii,/public/home2/nodecw_group/HUASHAN_Imaging_Data_8/MR/P188526-2/P188526-2_t1_gre_fsp_3d_sag_iso.nii,/public/home2/nodecw_group/HUASHAN_Imaging_Data_8/MR/P188526-2/P188526-2_qsm_tra_iso1.0mm_SWI_e1.nii,HUASHAN_Imaging_Data_8,136,1.0,136.0,1,A_directly_usable,Multiple system atrophy,yes,Neurodegenerative disease,,yes
99162540,P189005-2,/public/home2/nodecw_group/HUASHAN_Imaging_Data_8/MR/P189005-2/P189005-2_qsm_tra_iso1.0mm_QSM.nii,/public/home2/nodecw_group/HUASHAN_Imaging_Data_8/MR/P189005-2/P189005-2_t1_gre_fsp_3d_sag_iso.nii,/public/home2/nodecw_group/HUASHAN_Imaging_Data_8/MR/P189005-2/P189005-2_qsm_tra_iso1.0mm_SWI_e1.nii,HUASHAN_Imaging_Data_8,118,0.94,111.1,1,A_directly_usable,Multiple system atrophy,yes,Neurodegenerative disease,,yes
99162990,P189086,/public/home2/nodecw_group/HUASHAN_Imaging_Data_8/MR/P189086/P189086_qsm_tra_iso1.0mm_QSM.nii,/public/home2/nodecw_group/HUASHAN_Imaging_Data_8/MR/P189086/P189086_t1_gre_fsp_3d_sag_iso.nii,/public/home2/nodecw_group/HUASHAN_Imaging_Data_8/MR/P189086/P189086_qsm_tra_iso1.0mm_SWI_e1.nii,HUASHAN_Imaging_Data_8,124,1.0,124.0,1,A_directly_usable,Multiple system atrophy,yes,Neurodegenerative disease,,yes
99164273,P189473,/public/home2/nodecw_group/HUASHAN_Imaging_Data_8/MR/P189473/P189473_qsm_tra_iso1.0mm_QSM.nii,/public/home2/nodecw_group/HUASHAN_Imaging_Data_8/MR/P189473/P189473_t1_gre_fsp_3d_sag_iso.nii,/public/home2/nodecw_group/HUASHAN_Imaging_Data_8/MR/P189473/P189473_qsm_tra_iso1.0mm_SWI_e1.nii,HUASHAN_Imaging_Data_8,118,1.0,118.0,1,A_directly_usable,Multiple system atrophy,yes,Neurodegenerative disease,,yes
99165690,P190440,/public/home2/nodecw_group/HUASHAN_Imaging_Data_8/MR/P190440/P190440_qsm_tra_iso1.0mm_QSM.nii,/public/home2/nodecw_group/HUASHAN_Imaging_Data_8/MR/P190440/P190440_t1_gre_fsp_3d_sag_iso.nii,/public/home2/nodecw_group/HUASHAN_Imaging_Data_8/MR/P190440/P190440_qsm_tra_iso1.0mm_SWI_e1.nii,HUASHAN_Imaging_Data_8,118,0.92,108.9,1,A_directly_usable,Multiple system atrophy,yes,Neurodegenerative disease,,yes
99166509,P191338,/public/home2/nodecw_group/HUASHAN_Imaging_Data_8/MR/P191338/P191338_qsm_tra_iso1.0mm_QSM.nii,/public/home2/nodecw_group/HUASHAN_Imaging_Data_8/MR/P191338/P191338_t1_gre_fsp_3d_sag_iso.nii,/public/home2/nodecw_group/HUASHAN_Imaging_Data_8/MR/P191338/P191338_qsm_tra_iso1.0mm_SWI_e1.nii,HUASHAN_Imaging_Data_8,118,1.0,118.0,1,A_directly_usable,Multiple system atrophy,yes,Neurodegenerative disease,,yes
99167459,P191416,/public/home2/nodecw_group/HUASHAN_Imaging_Data_8/MR/P191416/P191416_qsm_tra_iso1.0mm_QSM.nii,/public/home2/nodecw_group/HUASHAN_Imaging_Data_8/MR/P191416/P191416_t1_gre_fsp_3d_sag_iso.nii,/public/home2/nodecw_group/HUASHAN_Imaging_Data_8/MR/P191416/P191416_qsm_tra_iso1.0mm_SWI_e1.nii,HUASHAN_Imaging_Data_8,118,1.0,118.0,1,A_directly_usable,Multiple system atrophy,yes,Neurodegenerative disease,,yes
99169691,P192426-2,/public/home2/nodecw_group/HUASHAN_Imaging_Data_8/MR/P192426-2/P192426-2_qsm_tra_iso1.0mm_QSM.nii,/public/home2/nodecw_group/HUASHAN_Imaging_Data_8/MR/P192426-2/P192426-2_t1_gre_fsp_3d_sag_iso.nii,/public/home2/nodecw_group/HUASHAN_Imaging_Data_8/MR/P192426-2/P192426-2_qsm_tra_iso1.0mm_SWI_e1.nii,HUASHAN_Imaging_Data_8,118,1.0,118.0,1,A_directly_usable,Multiple system atrophy,yes,Neurodegenerative disease,,yes
99170676,P193240,/public/home2/nodecw_group/HUASHAN_Imaging_Data_8/MR/P193240/P193240_qsm_tra_iso1.0mm_QSM.nii,/public/home2/nodecw_group/HUASHAN_Imaging_Data_8/MR/P193240/P193240_t1_gre_fsp_3d_sag_iso.nii,/public/home2/nodecw_group/HUASHAN_Imaging_Data_8/MR/P193240/P193240_qsm_tra_iso1.0mm_SWI_e1.nii,HUASHAN_Imaging_Data_8,124,1.0,124.0,1,A_directly_usable,Multiple system atrophy,yes,Neurodegenerative disease,,yes
99171574,P193388,/public/home2/nodecw_group/HUASHAN_Imaging_Data_8/MR/P193388/P193388_qsm_tra_iso1.0mm_QSM.nii,/public/home2/nodecw_group/HUASHAN_Imaging_Data_8/MR/P193388/P193388_t1_gre_fsp_3d_sag_iso.nii,/public/home2/nodecw_group/HUASHAN_Imaging_Data_8/MR/P193388/P193388_qsm_tra_iso1.0mm_SWI_e1.nii,HUASHAN_Imaging_Data_8,118,1.0,118.0,1,A_directly_usable,Multiple system atrophy,yes,Neurodegenerative disease,,yes
99171900,P193818-2,/public/home2/nodecw_group/HUASHAN_Imaging_Data_8/MR/P193818-2/P193818-2_qsm_tra_iso1.0mm_QSM.nii,/public/home2/nodecw_group/HUASHAN_Imaging_Data_8/MR/P193818-2/P193818-2_t1_gre_fsp_3d_sag_iso.nii,/public/home2/nodecw_group/HUASHAN_Imaging_Data_8/MR/P193818-2/P193818-2_qsm_tra_iso1.0mm_SWI_e1.nii,HUASHAN_Imaging_Data_8,118,1.0,118.0,1,A_directly_usable,Multiple system atrophy,yes,Neurodegenerative disease,,yes
99172104,P193872,/public/home2/nodecw_group/HUASHAN_Imaging_Data_8/MR/P193872/P193872_qsm_tra_iso1.0mm_QSM.nii,/public/home2/nodecw_group/HUASHAN_Imaging_Data_8/MR/P193872/P193872_t1_gre_fsp_3d_sag_iso.nii,/public/home2/nodecw_group/HUASHAN_Imaging_Data_8/MR/P193872/P193872_qsm_tra_iso1.0mm_SWI_e1.nii,HUASHAN_Imaging_Data_8,124,1.0,124.0,1,A_directly_usable,Multiple system atrophy,yes,Neurodegenerative disease,,yes
99173937,P195075,/public/home2/nodecw_group/HUASHAN_Imaging_Data_8/MR/P195075/P195075_qsm_tra_iso1.0mm_QSM.nii,/public/home2/nodecw_group/HUASHAN_Imaging_Data_8/MR/P195075/P195075_t1_gre_fsp_3d_sag_iso.nii,/public/home2/nodecw_group/HUASHAN_Imaging_Data_8/MR/P195075/P195075_qsm_tra_iso1.0mm_SWI_e1.nii,HUASHAN_Imaging_Data_8,118,0.97,114.4,1,A_directly_usable,Multiple system atrophy,yes,Neurodegenerative disease,,yes
99174466,P195153-2,/public/home2/nodecw_group/HUASHAN_Imaging_Data_8/MR/P195153-2/P195153-2_qsm_tra_iso1.0mm_QSM.nii,/public/home2/nodecw_group/HUASHAN_Imaging_Data_8/MR/P195153-2/P195153-2_t1_gre_fsp_3d_sag_iso.nii,/public/home2/nodecw_group/HUASHAN_Imaging_Data_8/MR/P195153-2/P195153-2_qsm_tra_iso1.0mm_SWI_e1.nii,HUASHAN_Imaging_Data_8,144,1.0,144.0,1,A_directly_usable,Multiple system atrophy,yes,Neurodegenerative disease,,yes
99175839,P195998-2,/public/home2/nodecw_group/HUASHAN_Imaging_Data_8/MR/P195998-2/P195998-2_qsm_tra_iso1.0mm_QSM.nii,/public/home2/nodecw_group/HUASHAN_Imaging_Data_8/MR/P195998-2/P195998-2_t1_gre_fsp_3d_sag_iso.nii,/public/home2/nodecw_group/HUASHAN_Imaging_Data_8/MR/P195998-2/P195998-2_qsm_tra_iso1.0mm_SWI_e1.nii,HUASHAN_Imaging_Data_8,118,1.0,118.0,1,A_directly_usable,Multiple system atrophy,yes,Neurodegenerative disease,,yes
99176296,P196626,/public/home2/nodecw_group/HUASHAN_Imaging_Data_8/MR/P196626/P196626_qsm_tra_iso1.0mm_QSM.nii,/public/home2/nodecw_group/HUASHAN_Imaging_Data_8/MR/P196626/P196626_t1_gre_fsp_3d_sag_iso.nii,/public/home2/nodecw_group/HUASHAN_Imaging_Data_8/MR/P196626/P196626_qsm_tra_iso1.0mm_SWI_e1.nii,HUASHAN_Imaging_Data_8,118,1.0,118.0,1,A_directly_usable,Multiple system atrophy,yes,Neurodegenerative disease,,yes
99176587,P196658-2,/public/home2/nodecw_group/HUASHAN_Imaging_Data_8/MR/P196658-2/P196658-2_qsm_tra_iso1.0mm_QSM.nii,/public/home2/nodecw_group/HUASHAN_Imaging_Data_8/MR/P196658-2/P196658-2_t1_gre_fsp_3d_sag_iso.nii,/public/home2/nodecw_group/HUASHAN_Imaging_Data_8/MR/P196658-2/P196658-2_qsm_tra_iso1.0mm_SWI_e1.nii,HUASHAN_Imaging_Data_8,118,1.0,118.0,1,A_directly_usable,Multiple system atrophy,yes,Neurodegenerative disease,,yes
99180392,P198384-2,/public/home2/nodecw_group/HUASHAN_Imaging_Data_8/MR/P198384-2/P198384-2_qsm_tra_iso1.0mm_QSM.nii,/public/home2/nodecw_group/HUASHAN_Imaging_Data_8/MR/P198384-2/P198384-2_t1_gre_fsp_3d_sag_iso.nii,/public/home2/nodecw_group/HUASHAN_Imaging_Data_8/MR/P198384-2/P198384-2_qsm_tra_iso1.0mm_SWI_e1.nii,HUASHAN_Imaging_Data_8,140,1.0,140.0,1,A_directly_usable,Multiple system atrophy,yes,Neurodegenerative disease,,yes
99183792,P200395,/public/home2/nodecw_group/HUASHAN_Imaging_Data_8/MR/P200395/P200395_qsm_tra_iso1.0mm_QSM.nii,/public/home2/nodecw_group/HUASHAN_Imaging_Data_8/MR/P200395/P200395_t1_gre_fsp_3d_sag_iso.nii,/public/home2/nodecw_group/HUASHAN_Imaging_Data_8/MR/P200395/P200395_qsm_tra_iso1.0mm_SWI_e1.nii,HUASHAN_Imaging_Data_8,140,1.0,140.0,1,A_directly_usable,Multiple system atrophy,yes,Neurodegenerative disease,,yes
99184488,P201119,/public/home2/nodecw_group/HUASHAN_Imaging_Data_8/MR/P201119/P201119_qsm_tra_iso1.0mm_QSM.nii,/public/home2/nodecw_group/HUASHAN_Imaging_Data_8/MR/P201119/P201119_t1_gre_fsp_3d_sag_iso.nii,/public/home2/nodecw_group/HUASHAN_Imaging_Data_8/MR/P201119/P201119_qsm_tra_iso1.0mm_SWI_e1.nii,HUASHAN_Imaging_Data_8,118,1.0,118.0,1,A_directly_usable,Multiple system atrophy,no,Neurodegenerative disease,,yes
99184680,P201194-2,/public/home2/nodecw_group/HUASHAN_Imaging_Data_8/MR/P201194-2/P201194-2_qsm_tra_iso1.0mm_QSM.nii,/public/home2/nodecw_group/HUASHAN_Imaging_Data_8/MR/P201194-2/P201194-2_t1_gre_fsp_3d_sag_iso.nii,/public/home2/nodecw_group/HUASHAN_Imaging_Data_8/MR/P201194-2/P201194-2_qsm_tra_iso1.0mm_SWI_e1.nii,HUASHAN_Imaging_Data_8,118,1.0,118.0,1,A_directly_usable,Multiple system atrophy,no,Neurodegenerative disease,,yes
99185174,P201347,/public/home2/nodecw_group/HUASHAN_Imaging_Data_8/MR/P201347/P201347_qsm_tra_iso1.0mm_QSM.nii,/public/home2/nodecw_group/HUASHAN_Imaging_Data_8/MR/P201347/P201347_t1_gre_fsp_3d_sag_iso.nii,/public/home2/nodecw_group/HUASHAN_Imaging_Data_8/MR/P201347/P201347_qsm_tra_iso1.0mm_SWI_e1.nii,HUASHAN_Imaging_Data_8,118,1.0,118.0,1,A_directly_usable,Multiple system atrophy,yes,Neurodegenerative disease,,yes
99185501,P201352-3,/public/home2/nodecw_group/HUASHAN_Imaging_Data_8/MR/P201352-3/P201352-3_qsm_tra_iso1.0mm_QSM.nii,/public/home2/nodecw_group/HUASHAN_Imaging_Data_8/MR/P201352-3/P201352-3_t1_gre_fsp_3d_sag_iso.nii,/public/home2/nodecw_group/HUASHAN_Imaging_Data_8/MR/P201352-3/P201352-3_qsm_tra_iso1.0mm_SWI_e1.nii,HUASHAN_Imaging_Data_8,124,1.0,124.0,1,A_directly_usable,Multiple system atrophy,yes,Neurodegenerative disease,,yes
99185684,P201385,/public/home2/nodecw_group/HUASHAN_Imaging_Data_8/MR/P201385/P201385_qsm_tra_iso1.0mm_QSM.nii,/public/home2/nodecw_group/HUASHAN_Imaging_Data_8/MR/P201385/P201385_t1_gre_fsp_3d_sag_iso.nii,/public/home2/nodecw_group/HUASHAN_Imaging_Data_8/MR/P201385/P201385_qsm_tra_iso1.0mm_SWI_e1.nii,HUASHAN_Imaging_Data_8,144,1.0,144.0,1,A_directly_usable,Multiple system atrophy,yes,Neurodegenerative disease,,yes
99185822,P201435,/public/home2/nodecw_group/HUASHAN_Imaging_Data_8/MR/P201435/P201435_qsm_tra_iso1.0mm_QSM.nii,/public/home2/nodecw_group/HUASHAN_Imaging_Data_8/MR/P201435/P201435_t1_gre_fsp_3d_sag_iso.nii,/public/home2/nodecw_group/HUASHAN_Imaging_Data_8/MR/P201435/P201435_qsm_tra_iso1.0mm_SWI_e1.nii,HUASHAN_Imaging_Data_8,118,1.0,118.0,1,A_directly_usable,Multiple system atrophy,no,Neurodegenerative disease,,yes
99185837,P201434,/public/home2/nodecw_group/HUASHAN_Imaging_Data_8/MR/P201434/P201434_qsm_tra_iso1.0mm_QSM.nii,/public/home2/nodecw_group/HUASHAN_Imaging_Data_8/MR/P201434/P201434_t1_gre_fsp_3d_sag_iso.nii,/public/home2/nodecw_group/HUASHAN_Imaging_Data_8/MR/P201434/P201434_qsm_tra_iso1.0mm_SWI_e1.nii,HUASHAN_Imaging_Data_8,118,1.0,118.0,1,A_directly_usable,Multiple system atrophy,yes,Neurodegenerative disease,,yes
99186169,P202514,/public/home2/nodecw_group/HUASHAN_Imaging_Data_8/MR/P202514/P202514_qsm_tra_iso1.0mm_QSM.nii,/public/home2/nodecw_group/HUASHAN_Imaging_Data_8/MR/P202514/P202514_t1_gre_fsp_3d_sag_iso.nii,/public/home2/nodecw_group/HUASHAN_Imaging_Data_8/MR/P202514/P202514_qsm_tra_iso1.0mm_SWI_e1.nii,HUASHAN_Imaging_Data_8,118,1.0,118.0,1,A_directly_usable,Multiple system atrophy,yes,Neurodegenerative disease,,yes
99186891,P202762,/public/home2/nodecw_group/HUASHAN_Imaging_Data_8/MR/P202762/P202762_qsm_tra_iso1.0mm_QSM.nii,/public/home2/nodecw_group/HUASHAN_Imaging_Data_8/MR/P202762/P202762_t1_gre_fsp_3d_sag_iso.nii,/public/home2/nodecw_group/HUASHAN_Imaging_Data_8/MR/P202762/P202762_qsm_tra_iso1.0mm_SWI_e1.nii,HUASHAN_Imaging_Data_8,118,0.97,114.8,1,A_directly_usable,Multiple system atrophy,yes,Neurodegenerative disease,,yes
99187386,P202765,/public/home2/nodecw_group/HUASHAN_Imaging_Data_8/MR/P202765/P202765_qsm_tra_iso1.0mm_QSM.nii,/public/home2/nodecw_group/HUASHAN_Imaging_Data_8/MR/P202765/P202765_t1_gre_fsp_3d_sag_iso.nii,/public/home2/nodecw_group/HUASHAN_Imaging_Data_8/MR/P202765/P202765_qsm_tra_iso1.0mm_SWI_e1.nii,HUASHAN_Imaging_Data_8,118,0.93,109.8,1,A_directly_usable,Multiple system atrophy,yes,Neurodegenerative disease,,yes
99189163,P203665,/public/home2/nodecw_group/HUASHAN_Imaging_Data_8/MR/P203665/P203665_qsm_tra_iso1.0mm_QSM.nii,/public/home2/nodecw_group/HUASHAN_Imaging_Data_8/MR/P203665/P203665_t1_gre_fsp_3d_sag_iso.nii,/public/home2/nodecw_group/HUASHAN_Imaging_Data_8/MR/P203665/P203665_qsm_tra_iso1.0mm_SWI_e1.nii,HUASHAN_Imaging_Data_8,118,1.0,118.0,1,A_directly_usable,Multiple system atrophy,yes,Neurodegenerative disease,,yes
99189961,P203813-2,/public/home2/nodecw_group/HUASHAN_Imaging_Data_8/MR/P203813-2/P203813-2_qsm_tra_iso1.0mm_QSM.nii,/public/home2/nodecw_group/HUASHAN_Imaging_Data_8/MR/P203813-2/P203813-2_t1_gre_fsp_3d_sag_iso.nii,/public/home2/nodecw_group/HUASHAN_Imaging_Data_8/MR/P203813-2/P203813-2_qsm_tra_iso1.0mm_SWI_e1.nii,HUASHAN_Imaging_Data_8,118,1.0,118.0,1,A_directly_usable,Multiple system atrophy,no,Neurodegenerative disease,,yes
99190311,P203943,/public/home2/nodecw_group/HUASHAN_Imaging_Data_8/MR/P203943/P203943_qsm_tra_iso1.0mm_QSM.nii,/public/home2/nodecw_group/HUASHAN_Imaging_Data_8/MR/P203943/P203943_t1_gre_fsp_3d_sag_iso.nii,/public/home2/nodecw_group/HUASHAN_Imaging_Data_8/MR/P203943/P203943_qsm_tra_iso1.0mm_SWI_e1.nii,HUASHAN_Imaging_Data_8,118,0.96,113.5,1,A_directly_usable,Multiple system atrophy,no,Neurodegenerative disease,,yes
99191902,P204822,/public/home2/nodecw_group/HUASHAN_Imaging_Data_8/MR/P204822/P204822_qsm_tra_iso1.0mm_QSM.nii,/public/home2/nodecw_group/HUASHAN_Imaging_Data_8/MR/P204822/P204822_t1_gre_fsp_3d_sag_iso.nii,/public/home2/nodecw_group/HUASHAN_Imaging_Data_8/MR/P204822/P204822_qsm_tra_iso1.0mm_SWI_e1.nii,HUASHAN_Imaging_Data_8,118,1.0,118.0,1,A_directly_usable,Multiple system atrophy,yes,Neurodegenerative disease,,yes
99192239,P204908-2,/public/home2/nodecw_group/HUASHAN_Imaging_Data_8/MR/P204908-2/P204908-2_qsm_tra_iso1.0mm_QSM.nii,/public/home2/nodecw_group/HUASHAN_Imaging_Data_8/MR/P204908-2/P204908-2_t1_gre_fsp_3d_sag_iso.nii,/public/home2/nodecw_group/HUASHAN_Imaging_Data_8/MR/P204908-2/P204908-2_qsm_tra_iso1.0mm_SWI_e1.nii,HUASHAN_Imaging_Data_8,118,1.0,118.0,1,A_directly_usable,Multiple system atrophy,yes,Neurodegenerative disease,,yes
99192278,P204912,/public/home2/nodecw_group/HUASHAN_Imaging_Data_8/MR/P204912/P204912_qsm_tra_iso1.0mm_QSM.nii,/public/home2/nodecw_group/HUASHAN_Imaging_Data_8/MR/P204912/P204912_t1_gre_fsp_3d_sag_iso.nii,/public/home2/nodecw_group/HUASHAN_Imaging_Data_8/MR/P204912/P204912_qsm_tra_iso1.0mm_SWI_e1.nii,HUASHAN_Imaging_Data_8,118,1.0,118.0,1,A_directly_usable,Multiple system atrophy,yes,Neurodegenerative disease,,yes
99193492,P206264-2,/public/home2/nodecw_group/HUASHAN_Imaging_Data_8/MR/P206264-2/P206264-2_qsm_tra_iso1.0mm_QSM.nii,/public/home2/nodecw_group/HUASHAN_Imaging_Data_8/MR/P206264-2/P206264-2_t1_gre_fsp_3d_sag_iso.nii,/public/home2/nodecw_group/HUASHAN_Imaging_Data_8/MR/P206264-2/P206264-2_qsm_tra_iso1.0mm_SWI_e1.nii,HUASHAN_Imaging_Data_8,118,1.0,118.0,1,A_directly_usable,Multiple system atrophy,yes,Neurodegenerative disease,,yes
99110365,P163272,/public/home2/nodecw_group/HUASHAN_Imaging_Data_8/MR/P163272/P163272_qsm_tra_0.8mm_QSM.nii,/public/home2/nodecw_group/HUASHAN_Imaging_Data_8/MR/P163272/P163272_t1_gre_fsp_3d_sag_iso.nii,/public/home2/nodecw_group/HUASHAN_Imaging_Data_8/MR/P163272/P163272_qsm_tra_0.8mm_SWI_e12.4.nii,HUASHAN_Imaging_Data_8,180,0.8,144.0,1,A_directly_usable,Parkinson's disease,no,Neurodegenerative disease,,yes
99112458,P164309,/public/home2/nodecw_group/HUASHAN_Imaging_Data/MR/P164309/qsm_tra_0.8mm_QSM_P164309.nii,/public/home2/nodecw_group/HUASHAN_Imaging_Data/MR/P164309/t1_gre_fsp_3d_sag_iso_P164309.nii,/public/home2/nodecw_group/HUASHAN_Imaging_Data/MR/P164309/qsm_tra_0.8mm_SWI_P164309_e12.4.nii,HUASHAN_Imaging_Data,180,0.8,144.0,4,A_directly_usable,Parkinson's disease,no,Neurodegenerative disease,,yes
99114109,P165066-3,/public/home2/nodecw_group/HUASHAN_Imaging_Data/MR/P165066-3/qsm_tra_0.8mm_QSM_P165066-3.nii,/public/home2/nodecw_group/HUASHAN_Imaging_Data/MR/P165066-3/t1_gre_fsp_3d_sag_iso_P165066-3.nii,/public/home2/nodecw_group/HUASHAN_Imaging_Data/MR/P165066-3/qsm_tra_0.8mm_SWI_P165066-3_e12.4.nii,HUASHAN_Imaging_Data,180,0.8,144.0,4,A_directly_usable,Parkinson's disease,yes,Neurodegenerative disease,QSM slice counts differ across copies; selected the copy with the highest slice count.,yes
99120369,P168142,/public/home2/nodecw_group/HUASHAN_Imaging_Data/MR/P168142/qsm_tra_0.8mm_QSM_P168142.nii,/public/home2/nodecw_group/HUASHAN_Imaging_Data/MR/P168142/t1_gre_fsp_3d_sag_iso_P168142.nii,/public/home2/nodecw_group/HUASHAN_Imaging_Data/MR/P168142/qsm_tra_0.8mm_SWI_P168142_e12.4.nii,HUASHAN_Imaging_Data,180,0.8,144.0,4,A_directly_usable,Parkinson's disease,no,Neurodegenerative disease,QSM slice counts differ across copies; selected the copy with the highest slice count.,yes
99122464,P169209-2,/public/home2/nodecw_group/HUASHAN_Imaging_Data/MR/P169209-2/qsm_tra_0.8mm_QSM_P169209-2.nii,/public/home2/nodecw_group/HUASHAN_Imaging_Data/MR/P169209-2/t1_gre_fsp_3d_sag_iso_P169209-2.nii,/public/home2/nodecw_group/HUASHAN_Imaging_Data/MR/P169209-2/qsm_tra_0.8mm_SWI_P169209-2_e12.4.nii,HUASHAN_Imaging_Data,180,0.8,144.0,4,A_directly_usable,Parkinson's disease,yes,Neurodegenerative disease,QSM slice counts differ across copies; selected the copy with the highest slice count.,yes
99122831,P169291-2,/public/home2/nodecw_group/HUASHAN_Imaging_Data/MR/P169291-2/qsm_tra_0.8mm_QSM_P169291-2.nii,/public/home2/nodecw_group/HUASHAN_Imaging_Data/MR/P169291-2/t1_gre_fsp_3d_sag_iso_P169291-2.nii,/public/home2/nodecw_group/HUASHAN_Imaging_Data/MR/P169291-2/qsm_tra_0.8mm_SWI_P169291-2_e12.4.nii,HUASHAN_Imaging_Data,180,0.8,144.0,4,A_directly_usable,Parkinson's disease,yes,Neurodegenerative disease,,yes
99122876,P169293-2,/public/home2/nodecw_group/HUASHAN_Imaging_Data/MR/P169293-2/qsm_tra_0.8mm_QSM_P169293-2.nii,/public/home2/nodecw_group/HUASHAN_Imaging_Data/MR/P169293-2/t1_gre_fsp_3d_sag_iso_P169293-2.nii,/public/home2/nodecw_group/HUASHAN_Imaging_Data/MR/P169293-2/qsm_tra_0.8mm_SWI_P169293-2_e12.4.nii,HUASHAN_Imaging_Data,188,0.8,150.4,4,A_directly_usable,Parkinson's disease,yes,Neurodegenerative disease,,yes
99123672,P169459,/public/home2/nodecw_group/HUASHAN_Imaging_Data/MR/P169459/qsm_tra_0.8mm_QSM_P169459.nii,/public/home2/nodecw_group/HUASHAN_Imaging_Data/MR/P169459/t1_gre_fsp_3d_sag_iso_P169459.nii,/public/home2/nodecw_group/HUASHAN_Imaging_Data/MR/P169459/qsm_tra_0.8mm_SWI_P169459_e12.4.nii,HUASHAN_Imaging_Data,180,0.8,144.0,4,A_directly_usable,Parkinson's disease,yes,Neurodegenerative disease,QSM slice counts differ across copies; selected the copy with the highest slice count.,yes
99123851,P169500,/public/home2/nodecw_group/HUASHAN_Imaging_Data/MR/P169500/qsm_tra_0.8mm_QSM_P169500.nii,/public/home2/nodecw_group/HUASHAN_Imaging_Data/MR/P169500/t1_gre_fsp_3d_sag_iso_P169500.nii,/public/home2/nodecw_group/HUASHAN_Imaging_Data/MR/P169500/qsm_tra_0.8mm_SWI_P169500_e12.4.nii,HUASHAN_Imaging_Data,180,0.8,144.0,4,A_directly_usable,Parkinson's disease,yes,Neurodegenerative disease,,yes
99125743,P170514-2,/public/home2/nodecw_group/HUASHAN_Imaging_Data/MR/P170514-2/qsm_tra_0.8mm_QSM_P170514-2.nii,/public/home2/nodecw_group/HUASHAN_Imaging_Data/MR/P170514-2/t1_gre_fsp_3d_sag_iso_P170514-2.nii,/public/home2/nodecw_group/HUASHAN_Imaging_Data/MR/P170514-2/qsm_tra_0.8mm_SWI_P170514-2_e12.4.nii,HUASHAN_Imaging_Data,180,0.8,144.0,4,A_directly_usable,Parkinson's disease,yes,Neurodegenerative disease,,yes
99125815,P170543-2,/public/home2/nodecw_group/HUASHAN_Imaging_Data_2/MR/P170543-2/qsm_tra_0.8mm_QSM_P170543-2.nii,/public/home2/nodecw_group/HUASHAN_Imaging_Data_2/MR/P170543-2/t1_gre_fsp_3d_sag_iso_P170543-2.nii,/public/home2/nodecw_group/HUASHAN_Imaging_Data_2/MR/P170543-2/qsm_tra_0.8mm_SWI_P170543-2_e12.4.nii,HUASHAN_Imaging_Data_2,180,0.8,144.0,3,A_directly_usable,Parkinson's disease,yes,Neurodegenerative disease,,yes
99130389,P172956,/public/home2/nodecw_group/HUASHAN_Imaging_Data_2/MR/P172956/qsm_tra_0.8mm_QSM_P172956a.nii,/public/home2/nodecw_group/HUASHAN_Imaging_Data_2/MR/P172956/t1_gre_fsp_3d_sag_iso_P172956.nii,/public/home2/nodecw_group/HUASHAN_Imaging_Data_2/MR/P172956/qsm_tra_0.8mm_SWI_P172956_e12.4.nii,HUASHAN_Imaging_Data_2,180,0.8,144.0,3,A_directly_usable,Parkinson's disease,yes,Neurodegenerative disease,,yes
99133326,P174320-2,/public/home2/nodecw_group/HUASHAN_Imaging_Data_2/MR/P174320-2/qsm_tra_0.8mm_QSM_P174320-2.nii,/public/home2/nodecw_group/HUASHAN_Imaging_Data_2/MR/P174320-2/t1_gre_fsp_3d_sag_iso_P174320-2.nii,/public/home2/nodecw_group/HUASHAN_Imaging_Data_2/MR/P174320-2/qsm_tra_0.8mm_SWI_P174320-2_e12.4.nii,HUASHAN_Imaging_Data_2,180,0.8,144.0,3,A_directly_usable,Parkinson's disease,yes,Neurodegenerative disease,,yes
99136897,P176067-2,/public/home2/nodecw_group/HUASHAN_Imaging_Data_2/MR/P176067-2/qsm_tra_0.8mm_QSM_P176067-2.nii,/public/home2/nodecw_group/HUASHAN_Imaging_Data_2/MR/P176067-2/t1_gre_fsp_3d_sag_iso_P176067-2.nii,/public/home2/nodecw_group/HUASHAN_Imaging_Data_2/MR/P176067-2/qsm_tra_0.8mm_SWI_P176067-2_e12.4.nii,HUASHAN_Imaging_Data_2,180,0.8,144.0,3,A_directly_usable,Parkinson's disease,yes,Neurodegenerative disease,QSM slice counts differ across copies; selected the copy with the highest slice count.,yes
99137220,P176141-2,/public/home2/nodecw_group/HUASHAN_Imaging_Data_2/MR/P176141-2/qsm_tra_0.8mm_QSM_P176141-2.nii,/public/home2/nodecw_group/HUASHAN_Imaging_Data_2/MR/P176141-2/t1_gre_fsp_3d_sag_iso_P176141-2.nii,/public/home2/nodecw_group/HUASHAN_Imaging_Data_2/MR/P176141-2/qsm_tra_0.8mm_SWI_P176141-2_e12.4.nii,HUASHAN_Imaging_Data_2,180,0.8,144.0,3,A_directly_usable,Parkinson's disease,yes,Neurodegenerative disease,,yes
99137634,P176180-2,/public/home2/nodecw_group/HUASHAN_Imaging_Data_2/MR/P176180-2/qsm_tra_0.8mm_QSM_P176180-2.nii,/public/home2/nodecw_group/HUASHAN_Imaging_Data_2/MR/P176180-2/t1_gre_fsp_3d_sag_iso_P176180-2.nii,/public/home2/nodecw_group/HUASHAN_Imaging_Data_2/MR/P176180-2/qsm_tra_0.8mm_SWI_P176180-2_e12.4.nii,HUASHAN_Imaging_Data_2,180,0.8,144.0,3,A_directly_usable,Parkinson's disease,yes,Neurodegenerative disease,,yes
99139208,P177087-2,/public/home2/nodecw_group/HUASHAN_Imaging_Data_2/MR/P177087-2/qsm_tra_0.8mm_QSM_P177087-2.nii,/public/home2/nodecw_group/HUASHAN_Imaging_Data_2/MR/P177087-2/t1_gre_fsp_3d_sag_iso_P177087-2.nii,/public/home2/nodecw_group/HUASHAN_Imaging_Data_2/MR/P177087-2/qsm_tra_0.8mm_SWI_P177087-2_e12.4.nii,HUASHAN_Imaging_Data_2,180,0.8,144.0,3,A_directly_usable,Parkinson's disease,yes,Neurodegenerative disease,,yes
99139973,P177601-2,/public/home2/nodecw_group/HUASHAN_Imaging_Data_2/MR/P177601-2/qsm_tra_0.8mm_QSM_P177601-2.nii,/public/home2/nodecw_group/HUASHAN_Imaging_Data_2/MR/P177601-2/t1_gre_fsp_3d_sag_iso_P177601-2.nii,/public/home2/nodecw_group/HUASHAN_Imaging_Data_2/MR/P177601-2/qsm_tra_0.8mm_SWI_P177601-2_e12.4.nii,HUASHAN_Imaging_Data_2,180,0.8,144.0,3,A_directly_usable,Parkinson's disease,yes,Neurodegenerative disease,,yes
99140284,P177662,/public/home2/nodecw_group/HUASHAN_Imaging_Data_2/MR/P177662/qsm_tra_0.8mm_QSM_P177662.nii,/public/home2/nodecw_group/HUASHAN_Imaging_Data_2/MR/P177662/t1_gre_fsp_3d_sag_iso_P177662a.nii,/public/home2/nodecw_group/HUASHAN_Imaging_Data_2/MR/P177662/qsm_tra_0.8mm_SWI_P177662_e12.4.nii,HUASHAN_Imaging_Data_2,184,0.8,147.2,3,A_directly_usable,Parkinson's disease,no,Neurodegenerative disease,QSM slice counts differ across copies; selected the copy with the highest slice count.,yes
99141078,P177759,/public/home2/nodecw_group/HUASHAN_Imaging_Data_2/MR/P177759/qsm_tra_0.8mm_QSM_P177759.nii,/public/home2/nodecw_group/HUASHAN_Imaging_Data_2/MR/P177759/t1_gre_fsp_3d_sag_iso_P177759.nii,/public/home2/nodecw_group/HUASHAN_Imaging_Data_2/MR/P177759/qsm_tra_0.8mm_SWI_P177759_e1.nii,HUASHAN_Imaging_Data_2,180,0.8,144.0,3,A_directly_usable,Parkinson's disease,no,Neurodegenerative disease,QSM slice counts differ across copies; selected the copy with the highest slice count.,yes
99143136,P179310,/public/home2/nodecw_group/HUASHAN_Imaging_Data_2/MR/P179310/qsm_tra_iso1.0mm_QSM_P179310.nii,/public/home2/nodecw_group/HUASHAN_Imaging_Data_2/MR/P179310/t1_gre_fsp_3d_sag_iso_P179310.nii,/public/home2/nodecw_group/HUASHAN_Imaging_Data_2/MR/P179310/qsm_tra_iso1.0mm_SWI_P179310_e1.nii,HUASHAN_Imaging_Data_2,138,1.0,138.0,3,A_directly_usable,Parkinson's disease,no,Neurodegenerative disease,,yes
99145768,P180330,/public/home2/nodecw_group/HUASHAN_Imaging_Data_2/MR/P180330/qsm_tra_iso1.0mm_QSM_P180330.nii,/public/home2/nodecw_group/HUASHAN_Imaging_Data_2/MR/P180330/t1_gre_fsp_3d_sag_iso_P180330.nii,/public/home2/nodecw_group/HUASHAN_Imaging_Data_2/MR/P180330/qsm_tra_iso1.0mm_SWI_P180330_e1.nii,HUASHAN_Imaging_Data_2,118,1.0,118.0,2,A_directly_usable,Parkinson's disease,no,Neurodegenerative disease,,yes
99145768,P180330-2,/public/home2/nodecw_group/HUASHAN_Imaging_Data_2/MR/P180330-2/qsm_tra_iso1.0mm_QSM_P180330-2.nii,/public/home2/nodecw_group/HUASHAN_Imaging_Data_2/MR/P180330-2/t1_gre_fsp_3d_sag_iso_P180330-2.nii,/public/home2/nodecw_group/HUASHAN_Imaging_Data_2/MR/P180330-2/qsm_tra_iso1.0mm_SWI_P180330-2_e1.nii,HUASHAN_Imaging_Data_2,128,1.0,128.0,3,A_directly_usable,Parkinson's disease,no,Neurodegenerative disease,QSM slice counts differ across copies; selected the copy with the highest slice count.,yes
99158179,P186559,/public/home2/nodecw_group/HUASHAN_Imaging_Data_8/MR/P186559/P186559_qsm_tra_iso1.0mm_QSM.nii,/public/home2/nodecw_group/HUASHAN_Imaging_Data_8/MR/P186559/P186559_t1_gre_fsp_3d_sag_iso.nii,/public/home2/nodecw_group/HUASHAN_Imaging_Data_8/MR/P186559/P186559_qsm_tra_iso1.0mm_SWI_e1.nii,HUASHAN_Imaging_Data_8,130,1.0,130.0,1,A_directly_usable,Parkinson's disease,yes,Neurodegenerative disease,,yes
99159325,P187344,/public/home2/nodecw_group/HUASHAN_Imaging_Data_8/MR/P187344/P187344_qsm_tra_iso1.0mm_QSM.nii,/public/home2/nodecw_group/HUASHAN_Imaging_Data_8/MR/P187344/P187344_t1_gre_fsp_3d_sag_iso.nii,/public/home2/nodecw_group/HUASHAN_Imaging_Data_8/MR/P187344/P187344_qsm_tra_iso1.0mm_SWI_e1.nii,HUASHAN_Imaging_Data_8,144,1.0,144.0,1,A_directly_usable,Parkinson's disease,yes,Neurodegenerative disease,,yes
99161194,P188103,/public/home2/nodecw_group/HUASHAN_Imaging_Data_8/MR/P188103/P188103_qsm_tra_iso1.0mm_QSM.nii,/public/home2/nodecw_group/HUASHAN_Imaging_Data_8/MR/P188103/P188103_t1_gre_fsp_3d_sag_iso.nii,/public/home2/nodecw_group/HUASHAN_Imaging_Data_8/MR/P188103/P188103_qsm_tra_iso1.0mm_SWI_e1.nii,HUASHAN_Imaging_Data_8,136,1.0,136.0,1,A_directly_usable,Parkinson's disease,yes,Neurodegenerative disease,,yes
99164066,P189429,/public/home2/nodecw_group/HUASHAN_Imaging_Data_8/MR/P189429/P189429_qsm_tra_iso1.0mm_QSM.nii,/public/home2/nodecw_group/HUASHAN_Imaging_Data_8/MR/P189429/P189429_t1_gre_fsp_3d_sag_iso.nii,/public/home2/nodecw_group/HUASHAN_Imaging_Data_8/MR/P189429/P189429_qsm_tra_iso1.0mm_SWI_e1.nii,HUASHAN_Imaging_Data_8,118,1.0,118.0,1,A_directly_usable,Parkinson's disease,yes,Neurodegenerative disease,,yes
99164499,P190055-2,/public/home2/nodecw_group/HUASHAN_Imaging_Data_8/MR/P190055-2/P190055-2_qsm_tra_iso1.0mm_QSM.nii,/public/home2/nodecw_group/HUASHAN_Imaging_Data_8/MR/P190055-2/P190055-2_t1_gre_fsp_3d_sag_iso.nii,/public/home2/nodecw_group/HUASHAN_Imaging_Data_8/MR/P190055-2/P190055-2_qsm_tra_iso1.0mm_SWI_e1.nii,HUASHAN_Imaging_Data_8,118,1.0,118.0,1,A_directly_usable,Parkinson's disease,yes,Neurodegenerative disease,,yes
99166514,P190915-2,/public/home2/nodecw_group/HUASHAN_Imaging_Data_8/MR/P190915-2/P190915-2_qsm_tra_iso1.0mm_QSM.nii,/public/home2/nodecw_group/HUASHAN_Imaging_Data_8/MR/P190915-2/P190915-2_t1_gre_fsp_3d_sag_iso.nii,/public/home2/nodecw_group/HUASHAN_Imaging_Data_8/MR/P190915-2/P190915-2_qsm_tra_iso1.0mm_SWI_e1.nii,HUASHAN_Imaging_Data_8,124,1.0,124.0,1,A_directly_usable,Parkinson's disease,yes,Neurodegenerative disease,,yes
99168045,P191936,/public/home2/nodecw_group/HUASHAN_Imaging_Data_10/MR/P191936/P191936_qsm_tra_iso1.0mm_QSM.nii,/public/home2/nodecw_group/HUASHAN_Imaging_Data_10/MR/P191936/P191936_t1_gre_fsp_3d_sag_iso.nii,/public/home2/nodecw_group/HUASHAN_Imaging_Data_10/MR/P191936/P191936_qsm_tra_iso1.0mm_SWI_e1.nii,HUASHAN_Imaging_Data_10,126,1.0,126.0,1,A_directly_usable,Parkinson's disease,yes,Neurodegenerative disease,,yes
99172378,P193923,/public/home2/nodecw_group/HUASHAN_Imaging_Data_8/MR/P193923/P193923_qsm_tra_iso1.0mm_QSM.nii,/public/home2/nodecw_group/HUASHAN_Imaging_Data_8/MR/P193923/P193923_t1_gre_fsp_3d_sag_iso.nii,/public/home2/nodecw_group/HUASHAN_Imaging_Data_8/MR/P193923/P193923_qsm_tra_iso1.0mm_SWI_e1.nii,HUASHAN_Imaging_Data_8,118,1.0,118.0,1,A_directly_usable,Parkinson's disease,no,Neurodegenerative disease,,yes
99172777,P194051-3,/public/home2/nodecw_group/HUASHAN_Imaging_Data_8/MR/P194051-3/P194051-3_qsm_tra_iso1.0mm_QSM.nii,/public/home2/nodecw_group/HUASHAN_Imaging_Data_8/MR/P194051-3/P194051-3_t1_gre_fsp_3d_sag_iso.nii,/public/home2/nodecw_group/HUASHAN_Imaging_Data_8/MR/P194051-3/P194051-3_qsm_tra_iso1.0mm_SWI_e1.nii,HUASHAN_Imaging_Data_8,146,0.99,144.3,1,A_directly_usable,Parkinson's disease,no,Neurodegenerative disease,,yes
99176590,P196655,/public/home2/nodecw_group/HUASHAN_Imaging_Data_8/MR/P196655/P196655_qsm_tra_iso1.0mm_QSM.nii,/public/home2/nodecw_group/HUASHAN_Imaging_Data_8/MR/P196655/P196655_t1_gre_fsp_3d_sag_iso.nii,/public/home2/nodecw_group/HUASHAN_Imaging_Data_8/MR/P196655/P196655_qsm_tra_iso1.0mm_SWI_e1.nii,HUASHAN_Imaging_Data_8,150,1.0,150.0,1,A_directly_usable,Parkinson's disease,yes,Neurodegenerative disease,,yes
99176696,P196877,/public/home2/nodecw_group/HUASHAN_Imaging_Data_8/MR/P196877/P196877_qsm_tra_iso1.0mm_QSM.nii,/public/home2/nodecw_group/HUASHAN_Imaging_Data_8/MR/P196877/P196877_t1_gre_fsp_3d_sag_iso.nii,/public/home2/nodecw_group/HUASHAN_Imaging_Data_8/MR/P196877/P196877_qsm_tra_iso1.0mm_SWI_e1.nii,HUASHAN_Imaging_Data_8,130,1.0,130.0,1,A_directly_usable,Parkinson's disease,yes,Neurodegenerative disease,,yes
99177195,P196942,/public/home2/nodecw_group/HUASHAN_Imaging_Data_8/MR/P196942/P196942_qsm_tra_iso1.0mm_QSM.nii,/public/home2/nodecw_group/HUASHAN_Imaging_Data_8/MR/P196942/P196942_t1_gre_fsp_3d_sag_iso.nii,/public/home2/nodecw_group/HUASHAN_Imaging_Data_8/MR/P196942/P196942_qsm_tra_iso1.0mm_SWI_e1.nii,HUASHAN_Imaging_Data_8,144,1.0,144.0,1,A_directly_usable,Parkinson's disease,no,Neurodegenerative disease,,yes
99177363,P196948,/public/home2/nodecw_group/HUASHAN_Imaging_Data_8/MR/P196948/P196948_qsm_tra_iso1.0mm_QSM.nii,/public/home2/nodecw_group/HUASHAN_Imaging_Data_8/MR/P196948/P196948_t1_gre_fsp_3d_sag_iso.nii,/public/home2/nodecw_group/HUASHAN_Imaging_Data_8/MR/P196948/P196948_qsm_tra_iso1.0mm_SWI_e1.nii,HUASHAN_Imaging_Data_8,144,1.0,144.0,1,A_directly_usable,Parkinson's disease,yes,Neurodegenerative disease,,yes
99179199,P198019-2,/public/home2/nodecw_group/HUASHAN_Imaging_Data_8/MR/P198019-2/P198019-2_qsm_tra_iso1.0mm_QSM.nii,/public/home2/nodecw_group/HUASHAN_Imaging_Data_8/MR/P198019-2/P198019-2_t1_gre_fsp_3d_sag_iso.nii,/public/home2/nodecw_group/HUASHAN_Imaging_Data_8/MR/P198019-2/P198019-2_qsm_tra_iso1.0mm_SWI_e1.nii,HUASHAN_Imaging_Data_8,118,0.92,108.2,1,A_directly_usable,Parkinson's disease,no,Neurodegenerative disease,,yes
99181582,P199213-2,/public/home2/nodecw_group/HUASHAN_Imaging_Data_8/MR/P199213-2/P199213-2_qsm_tra_iso1.0mm_QSM.nii,/public/home2/nodecw_group/HUASHAN_Imaging_Data_8/MR/P199213-2/P199213-2_t1_gre_fsp_3d_sag_iso.nii,/public/home2/nodecw_group/HUASHAN_Imaging_Data_8/MR/P199213-2/P199213-2_qsm_tra_iso1.0mm_SWI_e1.nii,HUASHAN_Imaging_Data_8,118,0.85,100.8,1,A_directly_usable,Parkinson's disease,yes,Neurodegenerative disease,,yes
99183031,P200220,/public/home2/nodecw_group/HUASHAN_Imaging_Data_8/MR/P200220/P200220_qsm_tra_iso1.0mm_QSM.nii,/public/home2/nodecw_group/HUASHAN_Imaging_Data_8/MR/P200220/P200220_t1_gre_fsp_3d_sag_iso.nii,/public/home2/nodecw_group/HUASHAN_Imaging_Data_8/MR/P200220/P200220_qsm_tra_iso1.0mm_SWI_e1.nii,HUASHAN_Imaging_Data_8,118,1.0,118.0,1,A_directly_usable,Parkinson's disease,no,Neurodegenerative disease,,yes
99183372,P200328,/public/home2/nodecw_group/HUASHAN_Imaging_Data_8/MR/P200328/P200328_qsm_tra_iso1.0mm_QSM.nii,/public/home2/nodecw_group/HUASHAN_Imaging_Data_8/MR/P200328/P200328_t1_gre_fsp_3d_sag_iso.nii,/public/home2/nodecw_group/HUASHAN_Imaging_Data_8/MR/P200328/P200328_qsm_tra_iso1.0mm_SWI_e1.nii,HUASHAN_Imaging_Data_8,118,1.0,118.0,1,A_directly_usable,Parkinson's disease,yes,Neurodegenerative disease,,yes
99183391,P200327-2,/public/home2/nodecw_group/HUASHAN_Imaging_Data_8/MR/P200327-2/P200327-2_qsm_tra_iso1.0mm_QSM.nii,/public/home2/nodecw_group/HUASHAN_Imaging_Data_8/MR/P200327-2/P200327-2_t1_gre_fsp_3d_sag_iso.nii,/public/home2/nodecw_group/HUASHAN_Imaging_Data_8/MR/P200327-2/P200327-2_qsm_tra_iso1.0mm_SWI_e1.nii,HUASHAN_Imaging_Data_8,140,1.0,140.0,1,A_directly_usable,Parkinson's disease,yes,Neurodegenerative disease,,yes
99184310,P201090-2,/public/home2/nodecw_group/HUASHAN_Imaging_Data_8/MR/P201090-2/P201090-2_qsm_tra_iso1.0mm_QSM.nii,/public/home2/nodecw_group/HUASHAN_Imaging_Data_8/MR/P201090-2/P201090-2_t1_gre_fsp_3d_sag_iso.nii,/public/home2/nodecw_group/HUASHAN_Imaging_Data_8/MR/P201090-2/P201090-2_qsm_tra_iso1.0mm_SWI_e1.nii,HUASHAN_Imaging_Data_8,118,1.0,118.0,1,A_directly_usable,Parkinson's disease,no,Neurodegenerative disease,,yes
99185097,P201239,/public/home2/nodecw_group/HUASHAN_Imaging_Data_8/MR/P201239/P201239_qsm_tra_iso1.0mm_QSM.nii,/public/home2/nodecw_group/HUASHAN_Imaging_Data_8/MR/P201239/P201239_t1_gre_fsp_3d_sag_iso.nii,/public/home2/nodecw_group/HUASHAN_Imaging_Data_8/MR/P201239/P201239_qsm_tra_iso1.0mm_SWI_e1.nii,HUASHAN_Imaging_Data_8,118,1.0,118.0,1,A_directly_usable,Parkinson's disease,yes,Neurodegenerative disease,,yes
99185359,P201317-2,/public/home2/nodecw_group/HUASHAN_Imaging_Data_8/MR/P201317-2/P201317-2_qsm_tra_iso1.0mm_QSM.nii,/public/home2/nodecw_group/HUASHAN_Imaging_Data_8/MR/P201317-2/P201317-2_t1_gre_fsp_3d_sag_iso.nii,/public/home2/nodecw_group/HUASHAN_Imaging_Data_8/MR/P201317-2/P201317-2_qsm_tra_iso1.0mm_SWI_e1.nii,HUASHAN_Imaging_Data_8,118,1.0,118.0,1,A_directly_usable,Parkinson's disease,no,Neurodegenerative disease,,yes
99185706,P202545,/public/home2/nodecw_group/HUASHAN_Imaging_Data_8/MR/P202545/P202545_qsm_tra_iso1.0mm_QSM.nii,/public/home2/nodecw_group/HUASHAN_Imaging_Data_8/MR/P202545/P202545_t1_gre_fsp_3d_sag_iso.nii,/public/home2/nodecw_group/HUASHAN_Imaging_Data_8/MR/P202545/P202545_qsm_tra_iso1.0mm_SWI_e1.nii,HUASHAN_Imaging_Data_8,118,0.88,104.1,1,A_directly_usable,Parkinson's disease,no,Neurodegenerative disease,,yes
99186152,P202517-2,/public/home2/nodecw_group/HUASHAN_Imaging_Data_8/MR/P202517-2/P202517-2_qsm_tra_iso1.0mm_QSM.nii,/public/home2/nodecw_group/HUASHAN_Imaging_Data_8/MR/P202517-2/P202517-2_t1_gre_fsp_3d_sag_iso.nii,/public/home2/nodecw_group/HUASHAN_Imaging_Data_8/MR/P202517-2/P202517-2_qsm_tra_iso1.0mm_SWI_e1.nii,HUASHAN_Imaging_Data_8,118,0.97,114.6,1,A_directly_usable,Parkinson's disease,yes,Neurodegenerative disease,,yes
99187513,P202815,/public/home2/nodecw_group/HUASHAN_Imaging_Data_8/MR/P202815/P202815_qsm_tra_iso1.0mm_QSM.nii,/public/home2/nodecw_group/HUASHAN_Imaging_Data_8/MR/P202815/P202815_t1_gre_fsp_3d_sag_iso.nii,/public/home2/nodecw_group/HUASHAN_Imaging_Data_8/MR/P202815/P202815_qsm_tra_iso1.0mm_SWI_e1.nii,HUASHAN_Imaging_Data_8,118,1.0,118.0,1,A_directly_usable,Parkinson's disease,no,Neurodegenerative disease,,yes
99190056,P203855,/public/home2/nodecw_group/HUASHAN_Imaging_Data_8/MR/P203855/P203855_qsm_tra_iso1.0mm_QSM.nii,/public/home2/nodecw_group/HUASHAN_Imaging_Data_8/MR/P203855/P203855_t1_gre_fsp_3d_sag_iso.nii,/public/home2/nodecw_group/HUASHAN_Imaging_Data_8/MR/P203855/P203855_qsm_tra_iso1.0mm_SWI_e1.nii,HUASHAN_Imaging_Data_8,118,1.0,118.0,1,A_directly_usable,Parkinson's disease,yes,Neurodegenerative disease,,yes
99191165,P204576-2,/public/home2/nodecw_group/HUASHAN_Imaging_Data_8/MR/P204576-2/P204576-2_qsm_tra_iso1.0mm_QSM.nii,/public/home2/nodecw_group/HUASHAN_Imaging_Data_8/MR/P204576-2/P204576-2_t1_gre_fsp_3d_sag_iso.nii,/public/home2/nodecw_group/HUASHAN_Imaging_Data_8/MR/P204576-2/P204576-2_qsm_tra_iso1.0mm_SWI_e1.nii,HUASHAN_Imaging_Data_8,118,1.0,118.0,1,A_directly_usable,Parkinson's disease,yes,Neurodegenerative disease,,yes
99192112,P204875,/public/home2/nodecw_group/HUASHAN_Imaging_Data_8/MR/P204875/P204875_qsm_tra_iso1.0mm_QSM.nii,/public/home2/nodecw_group/HUASHAN_Imaging_Data_8/MR/P204875/P204875_t1_gre_fsp_3d_sag_iso.nii,/public/home2/nodecw_group/HUASHAN_Imaging_Data_8/MR/P204875/P204875_qsm_tra_iso1.0mm_SWI_e1.nii,HUASHAN_Imaging_Data_8,118,1.0,118.0,1,A_directly_usable,Parkinson's disease,yes,Neurodegenerative disease,,yes
99118929,P167545,/public/home2/nodecw_group/HUASHAN_Imaging_Data_11/MR/P167545/P167545_qsm_tra_0.8mm_QSM.nii,/public/home2/nodecw_group/HUASHAN_Imaging_Data_11/MR/P167545/P196904_t1_gre_fsp_3d_sag_iso_10mm.nii,/public/home2/nodecw_group/HUASHAN_Imaging_Data_11/MR/P167545/P167545_qsm_tra_0.8mm_SWI_e12.4.nii,HUASHAN_Imaging_Data_11,172,0.8,137.6,4,A_directly_usable,Corticobasal degeneration,no,Neurodegenerative disease,,yes
99128246,P171899,/public/home2/nodecw_group/HUASHAN_Imaging_Data/MR/P171899/qsm_tra_0.8mm_QSM_P171899.nii,/public/home2/nodecw_group/HUASHAN_Imaging_Data/MR/P171899/t1_gre_fsp_3d_sag_iso_P171899.nii,/public/home2/nodecw_group/HUASHAN_Imaging_Data/MR/P171899/qsm_tra_0.8mm_SWI_P171899_e12.4.nii,HUASHAN_Imaging_Data,180,0.8,144.0,4,A_directly_usable,Corticobasal degeneration,yes,Neurodegenerative disease,QSM slice counts differ across copies; selected the copy with the highest slice count.,yes
99131376,P173752,/public/home2/nodecw_group/HUASHAN_Imaging_Data_2/MR/P173752/qsm_tra_0.8mm_QSM_P173752a.nii,/public/home2/nodecw_group/HUASHAN_Imaging_Data_2/MR/P173752/t1_gre_fsp_3d_sag_iso_P173752a.nii,/public/home2/nodecw_group/HUASHAN_Imaging_Data_2/MR/P173752/qsm_tra_0.8mm_SWI_P173752_e12.4.nii,HUASHAN_Imaging_Data_2,180,0.8,144.0,3,A_directly_usable,Corticobasal degeneration,yes,Neurodegenerative disease,,yes
99132243,P173852,/public/home2/nodecw_group/HUASHAN_Imaging_Data/MR/P173852/qsm_tra_0.8mm_QSM_P173852.nii,/public/home2/nodecw_group/HUASHAN_Imaging_Data/MR/P173852/t1_gre_fsp_3d_sag_iso_P173852.nii,/public/home2/nodecw_group/HUASHAN_Imaging_Data/MR/P173852/qsm_tra_0.8mm_SWI_P173852_e12.4.nii,HUASHAN_Imaging_Data,180,0.8,144.0,4,A_directly_usable,Corticobasal degeneration,no,Neurodegenerative disease,,yes
99138799,P176991,/public/home2/nodecw_group/HUASHAN_Imaging_Data/MR/P176991/qsm_tra_0.8mm_QSM_P176991.nii,/public/home2/nodecw_group/HUASHAN_Imaging_Data/MR/P176991/t1_gre_fsp_3d_sag_iso_P176991.nii,/public/home2/nodecw_group/HUASHAN_Imaging_Data/MR/P176991/qsm_tra_0.8mm_SWI_P176991_e12.4.nii,HUASHAN_Imaging_Data,180,0.8,144.0,4,A_directly_usable,Corticobasal degeneration,no,Neurodegenerative disease,,yes
99145732,P180331,/public/home2/nodecw_group/HUASHAN_Imaging_Data_10/MR/P180331/P180331_qsm_tra_iso1.0mm_QSM.nii,/public/home2/nodecw_group/HUASHAN_Imaging_Data_10/MR/P180331/P180331_t1_gre_fsp_3d_sag_iso.nii,/public/home2/nodecw_group/HUASHAN_Imaging_Data_10/MR/P180331/P180331_qsm_tra_iso1.0mm_SWI_e1.nii,HUASHAN_Imaging_Data_10,126,1.0,126.0,3,A_directly_usable,Corticobasal degeneration,yes,Neurodegenerative disease,,yes
99179319,P198027,/public/home2/nodecw_group/HUASHAN_Imaging_Data_6/MR/P198027/P198027_qsm_tra_iso1.0mm_QSM.nii,/public/home2/nodecw_group/HUASHAN_Imaging_Data_6/MR/P198027/P198027_t1_gre_fsp_3d_sag_iso.nii,/public/home2/nodecw_group/HUASHAN_Imaging_Data_6/MR/P198027/P198027_qsm_tra_iso1.0mm_SWI_e1.nii,HUASHAN_Imaging_Data_6,118,0.96,113.1,1,A_directly_usable,Corticobasal degeneration,no,Neurodegenerative disease,,yes
99189653,P203760,/public/home2/nodecw_group/HUASHAN_Imaging_Data_8/MR/P203760/P203760_qsm_tra_iso1.0mm_QSM.nii,/public/home2/nodecw_group/HUASHAN_Imaging_Data_8/MR/P203760/P203760_t1_gre_fsp_3d_sag_iso.nii,/public/home2/nodecw_group/HUASHAN_Imaging_Data_8/MR/P203760/P203760_qsm_tra_iso1.0mm_SWI_e1.nii,HUASHAN_Imaging_Data_8,124,1.0,124.0,1,A_directly_usable,Corticobasal degeneration,yes,Neurodegenerative disease,,yes
99065307,P204787,/public/home2/nodecw_group/HUASHAN_Imaging_Data_8/MR/P204787/P204787_qsm_tra_iso1.0mm_QSM.nii,/public/home2/nodecw_group/HUASHAN_Imaging_Data_8/MR/P204787/P204787_t1_gre_fsp_3d_sag_iso.nii,/public/home2/nodecw_group/HUASHAN_Imaging_Data_8/MR/P204787/P204787_qsm_tra_iso1.0mm_SWI_e1.nii,HUASHAN_Imaging_Data_8,118,1.0,118.0,1,A_directly_usable,Dementia with Lewy bodies,yes,Neurodegenerative disease,,yes
99113309,P164680,/public/home2/nodecw_group/HUASHAN_Imaging_Data/MR/P164680/qsm_tra_0.8mm_QSM_P164680.nii,/public/home2/nodecw_group/HUASHAN_Imaging_Data/MR/P164680/t1_gre_fsp_3d_sag_iso_P164680.nii,/public/home2/nodecw_group/HUASHAN_Imaging_Data/MR/P164680/qsm_tra_0.8mm_SWI_P164680_e12.4.nii,HUASHAN_Imaging_Data,180,0.8,143.9,5,A_directly_usable,Dementia with Lewy bodies,yes,Neurodegenerative disease,,yes
99115195,P165538-3,/public/home2/nodecw_group/HUASHAN_Imaging_Data/MR/P165538-3/qsm_tra_0.8mm_QSM_P165538-3.nii,/public/home2/nodecw_group/HUASHAN_Imaging_Data/MR/P165538-3/t1_gre_fsp_3d_sag_iso_P165538-3.nii,/public/home2/nodecw_group/HUASHAN_Imaging_Data/MR/P165538-3/qsm_tra_0.8mm_SWI_P165538-3_e12.4.nii,HUASHAN_Imaging_Data,180,0.8,144.0,4,A_directly_usable,Dementia with Lewy bodies,yes,Neurodegenerative disease,QSM slice counts differ across copies; selected the copy with the highest slice count.,yes
99121304,P168542,/public/home2/nodecw_group/HUASHAN_Imaging_Data/MR/P168542/qsm_tra_0.8mm_QSM_P168542.nii,/public/home2/nodecw_group/HUASHAN_Imaging_Data/MR/P168542/t1_gre_fsp_3d_sag_iso_P168542.nii,/public/home2/nodecw_group/HUASHAN_Imaging_Data/MR/P168542/qsm_tra_0.8mm_SWI_P168542_e12.4.nii,HUASHAN_Imaging_Data,180,0.8,144.0,5,A_directly_usable,Dementia with Lewy bodies,yes,Neurodegenerative disease,,yes
99122445,P169207-2,/public/home2/nodecw_group/HUASHAN_Imaging_Data/MR/P169207-2/qsm_tra_0.8mm_QSM_P169207-2.nii,/public/home2/nodecw_group/HUASHAN_Imaging_Data/MR/P169207-2/t1_gre_fsp_3d_sag_iso_P169207-2.nii,/public/home2/nodecw_group/HUASHAN_Imaging_Data/MR/P169207-2/qsm_tra_0.8mm_SWI_P169207-2_e12.4.nii,HUASHAN_Imaging_Data,180,0.8,144.0,4,A_directly_usable,Dementia with Lewy bodies,yes,Neurodegenerative disease,QSM slice counts differ across copies; selected the copy with the highest slice count.,yes
99129976,P172909,/public/home2/nodecw_group/HUASHAN_Imaging_Data/MR/P172909/qsm_tra_0.8mm_QSM_P172909.nii,/public/home2/nodecw_group/HUASHAN_Imaging_Data/MR/P172909/t1_gre_fsp_3d_sag_iso_P172909.nii,/public/home2/nodecw_group/HUASHAN_Imaging_Data/MR/P172909/qsm_tra_0.8mm_SWI_P172909_e12.4.nii,HUASHAN_Imaging_Data,180,0.8,143.7,4,A_directly_usable,Dementia with Lewy bodies,yes,Neurodegenerative disease,QSM slice counts differ across copies; selected the copy with the highest slice count.,yes
99131868,P173763,/public/home2/nodecw_group/HUASHAN_Imaging_Data_2/MR/P173763/qsm_tra_0.8mm_QSM_P173763.nii,/public/home2/nodecw_group/HUASHAN_Imaging_Data_2/MR/P173763/t1_gre_fsp_3d_sag_iso_P173763.nii,/public/home2/nodecw_group/HUASHAN_Imaging_Data_2/MR/P173763/qsm_tra_0.8mm_SWI_P173763_e12.4.nii,HUASHAN_Imaging_Data_2,180,0.8,144.0,2,A_directly_usable,Dementia with Lewy bodies,yes,Neurodegenerative disease,,yes
99132591,P174253-2,/public/home2/nodecw_group/HUASHAN_Imaging_Data_2/MR/P174253-2/qsm_tra_0.8mm_QSM_P174253-2.nii,/public/home2/nodecw_group/HUASHAN_Imaging_Data_2/MR/P174253-2/t1_gre_fsp_3d_sag_iso_P174253-2.nii,/public/home2/nodecw_group/HUASHAN_Imaging_Data_2/MR/P174253-2/qsm_tra_0.8mm_SWI_P174253-2_e12.4.nii,HUASHAN_Imaging_Data_2,180,0.8,144.0,2,A_directly_usable,Dementia with Lewy bodies,yes,Neurodegenerative disease,,yes
99133989,P174739,/public/home2/nodecw_group/HUASHAN_Imaging_Data_2/MR/P174739/qsm_tra_0.8mm_QSM_P174739.nii,/public/home2/nodecw_group/HUASHAN_Imaging_Data_2/MR/P174739/t1_gre_fsp_3d_sag_iso_P174739.nii,/public/home2/nodecw_group/HUASHAN_Imaging_Data_2/MR/P174739/qsm_tra_0.8mm_SWI_P174739_e12.4.nii,HUASHAN_Imaging_Data_2,180,0.8,144.0,3,A_directly_usable,Dementia with Lewy bodies,yes,Neurodegenerative disease,,yes
99137704,P176826,/public/home2/nodecw_group/HUASHAN_Imaging_Data_2/MR/P176826/qsm_tra_0.8mm_QSM_P176826.nii,/public/home2/nodecw_group/HUASHAN_Imaging_Data_2/MR/P176826/t1_gre_fsp_3d_sag_iso_P176826.nii,/public/home2/nodecw_group/HUASHAN_Imaging_Data_2/MR/P176826/qsm_tra_0.8mm_SWI_P176826_e12.4.nii,HUASHAN_Imaging_Data_2,188,0.8,150.4,4,A_directly_usable,Dementia with Lewy bodies,yes,Neurodegenerative disease,,yes
99139673,P177122-2,/public/home2/nodecw_group/HUASHAN_Imaging_Data_2/MR/P177122-2/qsm_tra_0.8mm_QSM_P177122-2.nii,/public/home2/nodecw_group/HUASHAN_Imaging_Data_2/MR/P177122-2/t1_gre_fsp_3d_sag_iso_P177122-2.nii,/public/home2/nodecw_group/HUASHAN_Imaging_Data_2/MR/P177122-2/qsm_tra_0.8mm_SWI_P177122-2_e12.4.nii,HUASHAN_Imaging_Data_2,180,0.8,144.0,3,A_directly_usable,Dementia with Lewy bodies,yes,Neurodegenerative disease,QSM slice counts differ across copies; selected the copy with the highest slice count.,yes
99141846,P178243-2,/public/home2/nodecw_group/HUASHAN_Imaging_Data_2/MR/P178243-2/qsm_tra_0.8mm_QSM_P178243-2.nii,/public/home2/nodecw_group/HUASHAN_Imaging_Data_2/MR/P178243-2/t1_gre_fsp_3d_sag_iso_P178243-2.nii,/public/home2/nodecw_group/HUASHAN_Imaging_Data_2/MR/P178243-2/qsm_tra_0.8mm_SWI_P178243-2_e1.nii,HUASHAN_Imaging_Data_2,180,0.8,144.0,2,A_directly_usable,Dementia with Lewy bodies,yes,Neurodegenerative disease,,yes
99142943,P179226,/public/home2/nodecw_group/HUASHAN_Imaging_Data_7/MR/P179226/P179226_qsm_tra_0.8mm_QSM.nii,/public/home2/nodecw_group/HUASHAN_Imaging_Data_7/MR/P179226/P179226_t1_gre_fsp_3d_sag_iso.nii,/public/home2/nodecw_group/HUASHAN_Imaging_Data_7/MR/P179226/P179226_qsm_tra_0.8mm_SWI_e1.nii,HUASHAN_Imaging_Data_7,184,0.8,147.2,2,A_directly_usable,Dementia with Lewy bodies,no,Neurodegenerative disease,,yes
99142943,P179226-4,/public/home2/nodecw_group/HUASHAN_Imaging_Data_7/MR/P179226-4/P179226-4_qsm_tra_iso1.0mm_QSM.nii,/public/home2/nodecw_group/HUASHAN_Imaging_Data_7/MR/P179226-4/P179226-4_t1_gre_fsp_3d_sag_iso.nii,/public/home2/nodecw_group/HUASHAN_Imaging_Data_7/MR/P179226-4/P179226-4_qsm_tra_iso1.0mm_SWI_e1.nii,HUASHAN_Imaging_Data_7,144,1.0,144.0,2,A_directly_usable,Dementia with Lewy bodies,no,Neurodegenerative disease,,yes
99162848,P189142,/public/home2/nodecw_group/HUASHAN_Imaging_Data_8/MR/P189142/P189142_qsm_tra_iso1.0mm_QSM.nii,/public/home2/nodecw_group/HUASHAN_Imaging_Data_8/MR/P189142/P189142_t1_gre_fsp_3d_sag_iso.nii,/public/home2/nodecw_group/HUASHAN_Imaging_Data_8/MR/P189142/P189142_qsm_tra_iso1.0mm_SWI_e1.nii,HUASHAN_Imaging_Data_8,118,1.0,118.0,1,A_directly_usable,Dementia with Lewy bodies,no,Neurodegenerative disease,,yes
99163897,P189393-3,/public/home2/nodecw_group/HUASHAN_Imaging_Data_8/MR/P189393-3/P189393-3_qsm_tra_iso1.0mm_QSM.nii,/public/home2/nodecw_group/HUASHAN_Imaging_Data_8/MR/P189393-3/P189393-3_t1_gre_fsp_3d_sag_iso.nii,/public/home2/nodecw_group/HUASHAN_Imaging_Data_8/MR/P189393-3/P189393-3_qsm_tra_iso1.0mm_SWI_e1.nii,HUASHAN_Imaging_Data_8,118,1.0,118.0,1,A_directly_usable,Dementia with Lewy bodies,no,Neurodegenerative disease,,yes
99164077,P189427-2,/public/home2/nodecw_group/HUASHAN_Imaging_Data_8/MR/P189427-2/P189427-2_qsm_tra_iso1.0mm_QSM.nii,/public/home2/nodecw_group/HUASHAN_Imaging_Data_8/MR/P189427-2/P189427-2_t1_gre_fsp_3d_sag_iso.nii,/public/home2/nodecw_group/HUASHAN_Imaging_Data_8/MR/P189427-2/P189427-2_qsm_tra_iso1.0mm_SWI_e1.nii,HUASHAN_Imaging_Data_8,130,1.0,130.0,1,A_directly_usable,Dementia with Lewy bodies,yes,Neurodegenerative disease,,yes
99164288,P190029-2,/public/home2/nodecw_group/HUASHAN_Imaging_Data_8/MR/P190029-2/P190029-2_qsm_tra_iso1.0mm_QSM.nii,/public/home2/nodecw_group/HUASHAN_Imaging_Data_8/MR/P190029-2/P190029-2_t1_gre_fsp_3d_sag_iso.nii,/public/home2/nodecw_group/HUASHAN_Imaging_Data_8/MR/P190029-2/P190029-2_qsm_tra_iso1.0mm_SWI_e1.nii,HUASHAN_Imaging_Data_8,124,1.0,124.0,1,A_directly_usable,Dementia with Lewy bodies,yes,Neurodegenerative disease,,yes
99164454,P186241,/public/home2/nodecw_group/HUASHAN_Imaging_Data_8/MR/P186241/P186241_qsm_tra_iso1.0mm_QSM.nii,/public/home2/nodecw_group/HUASHAN_Imaging_Data_8/MR/P186241/P186241_t1_gre_fsp_3d_sag_iso.nii,/public/home2/nodecw_group/HUASHAN_Imaging_Data_8/MR/P186241/P186241_qsm_tra_iso1.0mm_SWI_e1.nii,HUASHAN_Imaging_Data_8,126,0.96,120.7,1,A_directly_usable,Dementia with Lewy bodies,no,Neurodegenerative disease,,yes
99166541,P190924,/public/home2/nodecw_group/HUASHAN_Imaging_Data_8/MR/P190924/P190924_qsm_tra_iso1.0mm_QSM.nii,/public/home2/nodecw_group/HUASHAN_Imaging_Data_8/MR/P190924/P190924_t1_gre_fsp_3d_sag_iso.nii,/public/home2/nodecw_group/HUASHAN_Imaging_Data_8/MR/P190924/P190924_qsm_tra_iso1.0mm_SWI_e1.nii,HUASHAN_Imaging_Data_8,130,1.0,130.0,1,A_directly_usable,Dementia with Lewy bodies,yes,Neurodegenerative disease,,yes
99169372,P192401-3,/public/home2/nodecw_group/HUASHAN_Imaging_Data_7/MR/P192401-3/P192401-3_qsm_tra_iso1.0mm_QSM.nii,/public/home2/nodecw_group/HUASHAN_Imaging_Data_7/MR/P192401-3/P192401-3_t1_gre_fsp_3d_sag_iso.nii,/public/home2/nodecw_group/HUASHAN_Imaging_Data_7/MR/P192401-3/P192401-3_qsm_tra_iso1.0mm_SWI_e1.nii,HUASHAN_Imaging_Data_7,118,1.0,118.0,2,A_directly_usable,Dementia with Lewy bodies,yes,Neurodegenerative disease,,yes
99171444,P193385,/public/home2/nodecw_group/HUASHAN_Imaging_Data_7/MR/P193385/P193385_qsm_tra_iso1.0mm_QSM.nii,/public/home2/nodecw_group/HUASHAN_Imaging_Data_7/MR/P193385/P193385_t1_gre_fsp_3d_sag_iso.nii,/public/home2/nodecw_group/HUASHAN_Imaging_Data_7/MR/P193385/P193385_qsm_tra_iso1.0mm_SWI_e1.nii,HUASHAN_Imaging_Data_7,148,1.0,148.0,2,A_directly_usable,Dementia with Lewy bodies,no,Neurodegenerative disease,,yes
99172017,P193822-2,/public/home2/nodecw_group/HUASHAN_Imaging_Data_7/MR/P193822-2/P193822-2_qsm_tra_iso1.0mm_QSM.nii,/public/home2/nodecw_group/HUASHAN_Imaging_Data_7/MR/P193822-2/P193822-2_t1_gre_fsp_3d_sag_iso.nii,/public/home2/nodecw_group/HUASHAN_Imaging_Data_7/MR/P193822-2/P193822-2_qsm_tra_iso1.0mm_SWI_e1.nii,HUASHAN_Imaging_Data_7,144,1.0,144.0,2,A_directly_usable,Dementia with Lewy bodies,yes,Neurodegenerative disease,,yes
99172234,P193929-2,/public/home2/nodecw_group/HUASHAN_Imaging_Data_7/MR/P193929-2/P193929-2_qsm_tra_iso1.0mm_QSM.nii,/public/home2/nodecw_group/HUASHAN_Imaging_Data_7/MR/P193929-2/P193929-2_t1_gre_fsp_3d_sag_iso.nii,/public/home2/nodecw_group/HUASHAN_Imaging_Data_7/MR/P193929-2/P193929-2_qsm_tra_iso1.0mm_SWI_e1.nii,HUASHAN_Imaging_Data_7,118,0.91,107.4,2,A_directly_usable,Dementia with Lewy bodies,no,Neurodegenerative disease,,yes
99172831,P194014,/public/home2/nodecw_group/HUASHAN_Imaging_Data_7/MR/P194014/P194014_qsm_tra_iso1.0mm_QSM.nii,/public/home2/nodecw_group/HUASHAN_Imaging_Data_7/MR/P194014/P194014_t1_gre_fsp_3d_sag_iso.nii,/public/home2/nodecw_group/HUASHAN_Imaging_Data_7/MR/P194014/P194014_qsm_tra_iso1.0mm_SWI_e1.nii,HUASHAN_Imaging_Data_7,118,0.96,113.5,2,A_directly_usable,Dementia with Lewy bodies,no,Neurodegenerative disease,,yes
99175193,P195521,/public/home2/nodecw_group/HUASHAN_Imaging_Data_7/MR/P195521/P195521_qsm_tra_iso1.0mm_QSM.nii,/public/home2/nodecw_group/HUASHAN_Imaging_Data_7/MR/P195521/P195521_t1_gre_fsp_3d_sag_iso.nii,/public/home2/nodecw_group/HUASHAN_Imaging_Data_7/MR/P195521/P195521_qsm_tra_iso1.0mm_SWI_e1.nii,HUASHAN_Imaging_Data_7,118,0.91,107.9,2,A_directly_usable,Dementia with Lewy bodies,yes,Neurodegenerative disease,,yes
99175334,P195543-2,/public/home2/nodecw_group/HUASHAN_Imaging_Data_8/MR/P195543-2/P195543-2_qsm_tra_iso1.0mm_QSM.nii,/public/home2/nodecw_group/HUASHAN_Imaging_Data_8/MR/P195543-2/P195543-2_t1_gre_fsp_3d_sag_iso.nii,/public/home2/nodecw_group/HUASHAN_Imaging_Data_8/MR/P195543-2/P195543-2_qsm_tra_iso1.0mm_SWI_e1.nii,HUASHAN_Imaging_Data_8,118,0.93,109.9,1,A_directly_usable,Dementia with Lewy bodies,yes,Neurodegenerative disease,,yes
99177192,P196908,/public/home2/nodecw_group/HUASHAN_Imaging_Data_7/MR/P196908/P196908_qsm_tra_iso1.0mm_QSM.nii,/public/home2/nodecw_group/HUASHAN_Imaging_Data_7/MR/P196908/P196908_t1_gre_fsp_3d_sag_iso.nii,/public/home2/nodecw_group/HUASHAN_Imaging_Data_7/MR/P196908/P196908_qsm_tra_iso1.0mm_SWI_e1.nii,HUASHAN_Imaging_Data_7,118,0.93,109.6,2,A_directly_usable,Dementia with Lewy bodies,yes,Neurodegenerative disease,,yes
99184344,P201066,/public/home2/nodecw_group/HUASHAN_Imaging_Data_6/MR/P201066/P201066_qsm_tra_iso1.0mm_QSM.nii,/public/home2/nodecw_group/HUASHAN_Imaging_Data_6/MR/P201066/P201066_t1_gre_fsp_3d_sag_iso.nii,/public/home2/nodecw_group/HUASHAN_Imaging_Data_6/MR/P201066/P201066_qsm_tra_iso1.0mm_SWI_e1.nii,HUASHAN_Imaging_Data_6,118,0.89,105.3,1,A_directly_usable,Dementia with Lewy bodies,yes,Neurodegenerative disease,,yes
99186174,P201485,/public/home2/nodecw_group/HUASHAN_Imaging_Data_8/MR/P201485/P201485_qsm_tra_iso1.0mm_QSM.nii,/public/home2/nodecw_group/HUASHAN_Imaging_Data_8/MR/P201485/P201485_t1_gre_fsp_3d_sag_iso.nii,/public/home2/nodecw_group/HUASHAN_Imaging_Data_8/MR/P201485/P201485_qsm_tra_iso1.0mm_SWI_e1.nii,HUASHAN_Imaging_Data_8,140,1.0,140.0,1,A_directly_usable,Dementia with Lewy bodies,yes,Neurodegenerative disease,,yes
99186723,P202669,/public/home2/nodecw_group/HUASHAN_Imaging_Data_8/MR/P202669/P202669_qsm_tra_iso1.0mm_QSM.nii,/public/home2/nodecw_group/HUASHAN_Imaging_Data_8/MR/P202669/P202669_t1_gre_fsp_3d_sag_iso.nii,/public/home2/nodecw_group/HUASHAN_Imaging_Data_8/MR/P202669/P202669_qsm_tra_iso1.0mm_SWI_e1.nii,HUASHAN_Imaging_Data_8,118,0.9,106.6,1,A_directly_usable,Dementia with Lewy bodies,yes,Neurodegenerative disease,,yes
99187825,P202850-2,/public/home2/nodecw_group/HUASHAN_Imaging_Data_8/MR/P202850-2/P202850-2_qsm_tra_iso1.0mm_QSM.nii,/public/home2/nodecw_group/HUASHAN_Imaging_Data_8/MR/P202850-2/P202850-2_t1_gre_fsp_3d_sag_iso.nii,/public/home2/nodecw_group/HUASHAN_Imaging_Data_8/MR/P202850-2/P202850-2_qsm_tra_iso1.0mm_SWI_e1.nii,HUASHAN_Imaging_Data_8,118,0.94,111.4,1,A_directly_usable,Dementia with Lewy bodies,yes,Neurodegenerative disease,,yes
99188222,P202972-2,/public/home2/nodecw_group/HUASHAN_Imaging_Data_8/MR/P202972-2/P202972-2_qsm_tra_iso1.0mm_QSM.nii,/public/home2/nodecw_group/HUASHAN_Imaging_Data_8/MR/P202972-2/P202972-2_t1_gre_fsp_3d_sag_iso.nii,/public/home2/nodecw_group/HUASHAN_Imaging_Data_8/MR/P202972-2/P202972-2_qsm_tra_iso1.0mm_SWI_e1.nii,HUASHAN_Imaging_Data_8,130,1.0,130.0,1,A_directly_usable,Dementia with Lewy bodies,yes,Neurodegenerative disease,,yes
99189014,P203618-2,/public/home2/nodecw_group/HUASHAN_Imaging_Data_8/MR/P203618-2/P203618-2_qsm_tra_iso1.0mm_QSM.nii,/public/home2/nodecw_group/HUASHAN_Imaging_Data_8/MR/P203618-2/P203618-2_t1_gre_fsp_3d_sag_iso.nii,/public/home2/nodecw_group/HUASHAN_Imaging_Data_8/MR/P203618-2/P203618-2_qsm_tra_iso1.0mm_SWI_e1.nii,HUASHAN_Imaging_Data_8,118,1.0,118.0,1,A_directly_usable,Dementia with Lewy bodies,yes,Neurodegenerative disease,,yes
99190267,P203911,/public/home2/nodecw_group/HUASHAN_Imaging_Data_8/MR/P203911/P203911_qsm_tra_iso1.0mm_QSM.nii,/public/home2/nodecw_group/HUASHAN_Imaging_Data_8/MR/P203911/P203911_t1_gre_fsp_3d_sag_iso.nii,/public/home2/nodecw_group/HUASHAN_Imaging_Data_8/MR/P203911/P203911_qsm_tra_iso1.0mm_SWI_e1.nii,HUASHAN_Imaging_Data_8,118,0.96,113.6,1,A_directly_usable,Dementia with Lewy bodies,yes,Neurodegenerative disease,,yes
99191748,P204763-2,/public/home2/nodecw_group/HUASHAN_Imaging_Data_8/MR/P204763-2/P204763-2_qsm_tra_iso1.0mm_QSM.nii,/public/home2/nodecw_group/HUASHAN_Imaging_Data_8/MR/P204763-2/P204763-2_t1_gre_fsp_3d_sag_iso.nii,/public/home2/nodecw_group/HUASHAN_Imaging_Data_8/MR/P204763-2/P204763-2_qsm_tra_iso1.0mm_SWI_e1.nii,HUASHAN_Imaging_Data_8,118,1.0,118.0,1,A_directly_usable,Dementia with Lewy bodies,no,Neurodegenerative disease,,yes
99192574,P204947,/public/home2/nodecw_group/HUASHAN_Imaging_Data_8/MR/P204947/P204947_qsm_tra_iso1.0mm_QSM.nii,/public/home2/nodecw_group/HUASHAN_Imaging_Data_8/MR/P204947/P204947_t1_gre_fsp_3d_sag_iso.nii,/public/home2/nodecw_group/HUASHAN_Imaging_Data_8/MR/P204947/P204947_qsm_tra_iso1.0mm_SWI_e1.nii,HUASHAN_Imaging_Data_8,118,1.0,118.0,1,A_directly_usable,Dementia with Lewy bodies,yes,Neurodegenerative disease,,yes
99121037,P168182,/public/home2/nodecw_group/HUASHAN_Imaging_Data/MR/P168182/qsm_tra_0.8mm_QSM_P168182.nii,/public/home2/nodecw_group/HUASHAN_Imaging_Data/MR/P168182/t1_gre_fsp_3d_sag_iso_P168182.nii,/public/home2/nodecw_group/HUASHAN_Imaging_Data/MR/P168182/qsm_tra_0.8mm_SWI_P168182_e12.4.nii,HUASHAN_Imaging_Data,180,0.8,144.0,4,A_directly_usable,Motor neuron disease,no,Neurodegenerative disease,,yes
99146868,P180924,/public/home2/nodecw_group/HUASHAN_Imaging_Data_2/MR/P180924/qsm_tra_iso1.0mm_QSM_P180924.nii,/public/home2/nodecw_group/HUASHAN_Imaging_Data_2/MR/P180924/t1_gre_fsp_3d_sag_iso_P180924.nii,/public/home2/nodecw_group/HUASHAN_Imaging_Data_2/MR/P180924/qsm_tra_iso1.0mm_SWI_P180924_e1.nii,HUASHAN_Imaging_Data_2,118,1.0,118.0,3,A_directly_usable,Motor neuron disease,yes,Neurodegenerative disease,QSM slice counts differ across copies; selected the copy with the highest slice count.,yes
99158793,P186913,/public/home2/nodecw_group/HUASHAN_Imaging_Data_8/MR/P186913/P186913_qsm_tra_iso1.0mm_QSM.nii,/public/home2/nodecw_group/HUASHAN_Imaging_Data_8/MR/P186913/P186913_t1_gre_fsp_3d_sag_iso.nii,/public/home2/nodecw_group/HUASHAN_Imaging_Data_8/MR/P186913/P186913_qsm_tra_iso1.0mm_SWI_e1.nii,HUASHAN_Imaging_Data_8,118,0.93,109.9,1,A_directly_usable,Motor neuron disease,yes,Neurodegenerative disease,,yes
99162455,P188695,/public/home2/nodecw_group/HUASHAN_Imaging_Data_7/MR/P188695/P188695_qsm_tra_iso1.0mm_QSM.nii,/public/home2/nodecw_group/HUASHAN_Imaging_Data_7/MR/P188695/P188695_t1_gre_fsp_3d_sag_iso.nii,/public/home2/nodecw_group/HUASHAN_Imaging_Data_7/MR/P188695/P188695_qsm_tra_iso1.0mm_SWI_e1.nii,HUASHAN_Imaging_Data_7,140,1.0,140.0,2,A_directly_usable,Motor neuron disease,no,Neurodegenerative disease,,yes
99109091,P162748-2,/public/home2/nodecw_group/HUASHAN_Imaging_Data/MR/P162748-2/qsm_tra_0.8mm_QSM_P162748-2.nii,/public/home2/nodecw_group/HUASHAN_Imaging_Data/MR/P162748-2/t1_gre_fsp_3d_sag_iso_P162748-2.nii,/public/home2/nodecw_group/HUASHAN_Imaging_Data/MR/P162748-2/qsm_tra_0.8mm_SWI_P162748-2_e12.4.nii,HUASHAN_Imaging_Data,152,0.8,121.6,5,A_directly_usable,Progressive supranuclear palsy,yes,Neurodegenerative disease,,yes
99110529,P163349-2,/public/home2/nodecw_group/HUASHAN_Imaging_Data_10/MR/P163349-2/P163349-2_qsm_tra_0.8mm_QSM.nii,/public/home2/nodecw_group/HUASHAN_Imaging_Data_10/MR/P163349-2/P163349-2_t1_gre_fsp_3d_sag_iso.nii,/public/home2/nodecw_group/HUASHAN_Imaging_Data_10/MR/P163349-2/P163349-2_qsm_tra_0.8mm_SWI_e12.4.nii,HUASHAN_Imaging_Data_10,180,0.8,144.0,3,A_directly_usable,Progressive supranuclear palsy,yes,Neurodegenerative disease,QSM slice counts differ across copies; selected the copy with the highest slice count.,yes
99111190,P163672-2,/public/home2/nodecw_group/HUASHAN_Imaging_Data_8/MR/P163672-2/P163672-2_qsm_tra_0.8mm_QSM.nii,/public/home2/nodecw_group/HUASHAN_Imaging_Data_8/MR/P163672-2/P163672-2_t1_gre_fsp_3d_sag_iso.nii,/public/home2/nodecw_group/HUASHAN_Imaging_Data_8/MR/P163672-2/P163672-2_qsm_tra_0.8mm_SWI_e12.4.nii,HUASHAN_Imaging_Data_8,180,0.8,144.0,1,A_directly_usable,Progressive supranuclear palsy,yes,Neurodegenerative disease,,yes
99111464,P163973-2,/public/home2/nodecw_group/HUASHAN_Imaging_Data/MR/P163973-2/qsm_tra_0.8mm_QSM_P163973-2.nii,/public/home2/nodecw_group/HUASHAN_Imaging_Data/MR/P163973-2/t1_gre_fsp_3d_sag_iso_P163973-2.nii,/public/home2/nodecw_group/HUASHAN_Imaging_Data/MR/P163973-2/qsm_tra_0.8mm_SWI_P163973-2_e12.4.nii,HUASHAN_Imaging_Data,180,0.8,143.6,4,A_directly_usable,Progressive supranuclear palsy,yes,Neurodegenerative disease,QSM slice counts differ across copies; selected the copy with the highest slice count.,yes
99112376,P164153,/public/home2/nodecw_group/HUASHAN_Imaging_Data/MR/P164153/qsm_tra_0.8mm_QSM_P164153.nii,/public/home2/nodecw_group/HUASHAN_Imaging_Data/MR/P164153/t1_gre_fsp_3d_sag_iso_P164153.nii,/public/home2/nodecw_group/HUASHAN_Imaging_Data/MR/P164153/qsm_tra_0.8mm_SWI_P164153_e12.4.nii,HUASHAN_Imaging_Data,180,0.8,144.0,4,A_directly_usable,Progressive supranuclear palsy,yes,Neurodegenerative disease,,yes
99112601,P164408-2,/public/home2/nodecw_group/HUASHAN_Imaging_Data/MR/P164408-2/qsm_tra_0.8mm_QSM_P164408-2.nii,/public/home2/nodecw_group/HUASHAN_Imaging_Data/MR/P164408-2/t1_gre_fsp_3d_sag_iso_P164408-2.nii,/public/home2/nodecw_group/HUASHAN_Imaging_Data/MR/P164408-2/qsm_tra_0.8mm_SWI_P164408-2_e12.4.nii,HUASHAN_Imaging_Data,180,0.8,144.0,4,A_directly_usable,Progressive supranuclear palsy,no,Neurodegenerative disease,QSM slice counts differ across copies; selected the copy with the highest slice count.,yes
99114530,P165184-2,/public/home2/nodecw_group/HUASHAN_Imaging_Data/MR/P165184-2/qsm_tra_0.8mm_QSM_P165184-2.nii,/public/home2/nodecw_group/HUASHAN_Imaging_Data/MR/P165184-2/t1_gre_fsp_3d_sag_iso_P165184-2.nii,/public/home2/nodecw_group/HUASHAN_Imaging_Data/MR/P165184-2/qsm_tra_0.8mm_SWI_P165184-2_e12.4.nii,HUASHAN_Imaging_Data,180,0.8,144.0,4,A_directly_usable,Progressive supranuclear palsy,yes,Neurodegenerative disease,QSM slice counts differ across copies; selected the copy with the highest slice count.,yes
99115166,P165542-2,/public/home2/nodecw_group/HUASHAN_Imaging_Data/MR/P165542-2/qsm_tra_0.8mm_QSM_P165542-2.nii,/public/home2/nodecw_group/HUASHAN_Imaging_Data/MR/P165542-2/t1_gre_fsp_3d_sag_iso_P165542-2.nii,/public/home2/nodecw_group/HUASHAN_Imaging_Data/MR/P165542-2/qsm_tra_0.8mm_SWI_P165542-2_e12.4.nii,HUASHAN_Imaging_Data,180,0.8,144.0,4,A_directly_usable,Progressive supranuclear palsy,yes,Neurodegenerative disease,QSM slice counts differ across copies; selected the copy with the highest slice count.,yes
99115985,P165919-2,/public/home2/nodecw_group/HUASHAN_Imaging_Data/MR/P165919-2/qsm_tra_0.8mm_QSM_P165919-2.nii,/public/home2/nodecw_group/HUASHAN_Imaging_Data/MR/P165919-2/t1_gre_fsp_3d_sag_iso_P165919-2.nii,/public/home2/nodecw_group/HUASHAN_Imaging_Data/MR/P165919-2/qsm_tra_0.8mm_SWI_P165919-2_e12.4.nii,HUASHAN_Imaging_Data,180,0.8,144.0,4,A_directly_usable,Progressive supranuclear palsy,yes,Neurodegenerative disease,,yes
99116484,P166218,/public/home2/nodecw_group/HUASHAN_Imaging_Data/MR/P166218/qsm_tra_0.8mm_QSM_P166218.nii,/public/home2/nodecw_group/HUASHAN_Imaging_Data/MR/P166218/t1_gre_fsp_3d_sag_iso_P166218.nii,/public/home2/nodecw_group/HUASHAN_Imaging_Data/MR/P166218/qsm_tra_0.8mm_SWI_P166218_e12.4.nii,HUASHAN_Imaging_Data,180,0.8,144.0,4,A_directly_usable,Progressive supranuclear palsy,no,Neurodegenerative disease,QSM slice counts differ across copies; selected the copy with the highest slice count.,yes
99116555,P166217,/public/home2/nodecw_group/HUASHAN_Imaging_Data/MR/P166217/qsm_tra_0.8mm_QSM_P166217.nii,/public/home2/nodecw_group/HUASHAN_Imaging_Data/MR/P166217/t1_gre_fsp_3d_sag_iso_P166217.nii,/public/home2/nodecw_group/HUASHAN_Imaging_Data/MR/P166217/qsm_tra_0.8mm_SWI_P166217_e12.4.nii,HUASHAN_Imaging_Data,180,0.79,142.8,4,A_directly_usable,Progressive supranuclear palsy,yes,Neurodegenerative disease,QSM slice counts differ across copies; selected the copy with the highest slice count.,yes
99116597,P166221-2,/public/home2/nodecw_group/HUASHAN_Imaging_Data/MR/P166221-2/qsm_tra_0.8mm_QSM_P166221-2.nii,/public/home2/nodecw_group/HUASHAN_Imaging_Data/MR/P166221-2/t1_gre_fsp_3d_sag_iso_P166221-2.nii,/public/home2/nodecw_group/HUASHAN_Imaging_Data/MR/P166221-2/qsm_tra_0.8mm_SWI_P166221-2_e12.4.nii,HUASHAN_Imaging_Data,180,0.8,144.0,4,A_directly_usable,Progressive supranuclear palsy,yes,Neurodegenerative disease,QSM slice counts differ across copies; selected the copy with the highest slice count.,yes
99116805,P166378-2,/public/home2/nodecw_group/HUASHAN_Imaging_Data/MR/P166378-2/qsm_tra_0.8mm_QSM_P166378-2.nii,/public/home2/nodecw_group/HUASHAN_Imaging_Data/MR/P166378-2/t1_gre_fsp_3d_sag_iso_P166378-2.nii,/public/home2/nodecw_group/HUASHAN_Imaging_Data/MR/P166378-2/qsm_tra_0.8mm_SWI_P166378-2_e12.4.nii,HUASHAN_Imaging_Data,180,0.8,144.0,4,A_directly_usable,Progressive supranuclear palsy,yes,Neurodegenerative disease,,yes
99117944,P166785-3,/public/home2/nodecw_group/HUASHAN_Imaging_Data/MR/P166785-3/qsm_tra_0.8mm_QSM_P166785-3.nii,/public/home2/nodecw_group/HUASHAN_Imaging_Data/MR/P166785-3/t1_gre_fsp_3d_sag_iso_P166785-3.nii,/public/home2/nodecw_group/HUASHAN_Imaging_Data/MR/P166785-3/qsm_tra_0.8mm_SWI_P166785-3_e12.4.nii,HUASHAN_Imaging_Data,180,0.8,144.0,4,A_directly_usable,Progressive supranuclear palsy,yes,Neurodegenerative disease,,yes
99118469,P167121,/public/home2/nodecw_group/HUASHAN_Imaging_Data/MR/P167121/qsm_tra_0.8mm_QSM_P167121.nii,/public/home2/nodecw_group/HUASHAN_Imaging_Data/MR/P167121/t1_gre_fsp_3d_sag_iso_P167121.nii,/public/home2/nodecw_group/HUASHAN_Imaging_Data/MR/P167121/qsm_tra_0.8mm_SWI_P167121_e12.4.nii,HUASHAN_Imaging_Data,180,0.8,144.0,4,A_directly_usable,Progressive supranuclear palsy,yes,Neurodegenerative disease,,yes
99118630,P167140,/public/home2/nodecw_group/HUASHAN_Imaging_Data/MR/P167140/qsm_tra_0.8mm_QSM_P167140.nii,/public/home2/nodecw_group/HUASHAN_Imaging_Data/MR/P167140/t1_gre_fsp_3d_sag_iso_P167140.nii,/public/home2/nodecw_group/HUASHAN_Imaging_Data/MR/P167140/qsm_tra_0.8mm_SWI_P167140_e12.4.nii,HUASHAN_Imaging_Data,180,0.8,144.0,4,A_directly_usable,Progressive supranuclear palsy,no,Neurodegenerative disease,QSM slice counts differ across copies; selected the copy with the highest slice count.,yes
99119099,P167610,/public/home2/nodecw_group/HUASHAN_Imaging_Data/MR/P167610/qsm_tra_0.8mm_QSM_P167610.nii,/public/home2/nodecw_group/HUASHAN_Imaging_Data/MR/P167610/t1_gre_fsp_3d_sag_iso_P167610.nii,/public/home2/nodecw_group/HUASHAN_Imaging_Data/MR/P167610/qsm_tra_0.8mm_SWI_P167610_e12.4.nii,HUASHAN_Imaging_Data,180,0.8,144.0,4,A_directly_usable,Progressive supranuclear palsy,yes,Neurodegenerative disease,,yes
99120286,P168093-2,/public/home2/nodecw_group/HUASHAN_Imaging_Data/MR/P168093-2/qsm_tra_0.8mm_QSM_P168093-2.nii,/public/home2/nodecw_group/HUASHAN_Imaging_Data/MR/P168093-2/t1_gre_fsp_3d_sag_iso_P168093-2.nii,/public/home2/nodecw_group/HUASHAN_Imaging_Data/MR/P168093-2/qsm_tra_0.8mm_SWI_P168093-2_e12.4.nii,HUASHAN_Imaging_Data,180,0.8,144.0,4,A_directly_usable,Progressive supranuclear palsy,yes,Neurodegenerative disease,,yes
99122017,P168687-2,/public/home2/nodecw_group/HUASHAN_Imaging_Data/MR/P168687-2/qsm_tra_0.8mm_QSM_P168687-2.nii,/public/home2/nodecw_group/HUASHAN_Imaging_Data/MR/P168687-2/t1_gre_fsp_3d_sag_iso_P168687-2.nii,/public/home2/nodecw_group/HUASHAN_Imaging_Data/MR/P168687-2/qsm_tra_0.8mm_SWI_P168687-2_e12.4.nii,HUASHAN_Imaging_Data,180,0.8,144.0,4,A_directly_usable,Progressive supranuclear palsy,yes,Neurodegenerative disease,,yes
99128356,P171881,/public/home2/nodecw_group/HUASHAN_Imaging_Data_2/MR/P171881/qsm_tra_0.8mm_QSM_P171881.nii,/public/home2/nodecw_group/HUASHAN_Imaging_Data_2/MR/P171881/t1_gre_fsp_3d_sag_iso_P171881.nii,/public/home2/nodecw_group/HUASHAN_Imaging_Data_2/MR/P171881/qsm_tra_0.8mm_SWI_P171881_e12.4.nii,HUASHAN_Imaging_Data_2,180,0.8,144.0,2,A_directly_usable,Progressive supranuclear palsy,yes,Neurodegenerative disease,,yes
99128625,P172205,/public/home2/nodecw_group/HUASHAN_Imaging_Data/MR/P172205/qsm_tra_0.8mm_QSM_P172205.nii,/public/home2/nodecw_group/HUASHAN_Imaging_Data/MR/P172205/t1_gre_fsp_3d_sag_iso_P172205.nii,/public/home2/nodecw_group/HUASHAN_Imaging_Data/MR/P172205/qsm_tra_0.8mm_SWI_P172205_e12.4.nii,HUASHAN_Imaging_Data,180,0.8,144.0,4,A_directly_usable,Progressive supranuclear palsy,yes,Neurodegenerative disease,QSM slice counts differ across copies; selected the copy with the highest slice count.,yes
99129211,P172260,/public/home2/nodecw_group/HUASHAN_Imaging_Data/MR/P172260/qsm_tra_0.8mm_QSM_P172260.nii,/public/home2/nodecw_group/HUASHAN_Imaging_Data/MR/P172260/t1_gre_fsp_3d_sag_iso_P172260.nii,/public/home2/nodecw_group/HUASHAN_Imaging_Data/MR/P172260/qsm_tra_0.8mm_SWI_P172260_e12.4.nii,HUASHAN_Imaging_Data,180,0.8,144.0,4,A_directly_usable,Progressive supranuclear palsy,yes,Neurodegenerative disease,QSM slice counts differ across copies; selected the copy with the highest slice count.,yes
99130160,P172907,/public/home2/nodecw_group/HUASHAN_Imaging_Data_2/MR/P172907/qsm_tra_0.8mm_QSM_P172907.nii,/public/home2/nodecw_group/HUASHAN_Imaging_Data_2/MR/P172907/t1_gre_fsp_3d_sag_iso_P172907.nii,/public/home2/nodecw_group/HUASHAN_Imaging_Data_2/MR/P172907/qsm_tra_0.8mm_SWI_P172907_e12.4.nii,HUASHAN_Imaging_Data_2,180,0.8,144.0,2,A_directly_usable,Progressive supranuclear palsy,yes,Neurodegenerative disease,,yes
99131632,P173708-2,/public/home2/nodecw_group/HUASHAN_Imaging_Data_2/MR/P173708-2/qsm_tra_0.8mm_QSM_P173708-2.nii,/public/home2/nodecw_group/HUASHAN_Imaging_Data_2/MR/P173708-2/t1_gre_fsp_3d_sag_iso_P173708-2.nii,/public/home2/nodecw_group/HUASHAN_Imaging_Data_2/MR/P173708-2/qsm_tra_0.8mm_SWI_P173708-2_e12.4.nii,HUASHAN_Imaging_Data_2,180,0.8,144.0,3,A_directly_usable,Progressive supranuclear palsy,yes,Neurodegenerative disease,QSM slice counts differ across copies; selected the copy with the highest slice count.,yes
99132759,P174207-2,/public/home2/nodecw_group/HUASHAN_Imaging_Data_2/MR/P174207-2/qsm_tra_0.8mm_QSM_P174207-2.nii,/public/home2/nodecw_group/HUASHAN_Imaging_Data_2/MR/P174207-2/t1_gre_fsp_3d_sag_iso_P174207-2.nii,/public/home2/nodecw_group/HUASHAN_Imaging_Data_2/MR/P174207-2/qsm_tra_0.8mm_SWI_P174207-2_e12.4.nii,HUASHAN_Imaging_Data_2,180,0.8,144.0,2,A_directly_usable,Progressive supranuclear palsy,yes,Neurodegenerative disease,,yes
99133119,P174277,/public/home2/nodecw_group/HUASHAN_Imaging_Data_2/MR/P174277/qsm_tra_0.8mm_QSM_P174277.nii,/public/home2/nodecw_group/HUASHAN_Imaging_Data_2/MR/P174277/t1_gre_fsp_3d_sag_iso_P174277.nii,/public/home2/nodecw_group/HUASHAN_Imaging_Data_2/MR/P174277/qsm_tra_0.8mm_SWI_P174277_e12.4.nii,HUASHAN_Imaging_Data_2,180,0.8,144.0,2,A_directly_usable,Progressive supranuclear palsy,yes,Neurodegenerative disease,,yes
99133745,P174877,/public/home2/nodecw_group/HUASHAN_Imaging_Data_2/MR/P174877/qsm_tra_0.8mm_QSM_P174877a.nii,/public/home2/nodecw_group/HUASHAN_Imaging_Data_2/MR/P174877/t1_gre_fsp_3d_sag_iso_P174877a.nii,/public/home2/nodecw_group/HUASHAN_Imaging_Data_2/MR/P174877/qsm_tra_0.8mm_SWI_P174877_e12.4.nii,HUASHAN_Imaging_Data_2,180,0.8,144.0,3,A_directly_usable,Progressive supranuclear palsy,yes,Neurodegenerative disease,,yes
99135114,P175287,/public/home2/nodecw_group/HUASHAN_Imaging_Data_2/MR/P175287/qsm_tra_0.8mm_QSM_P175287.nii,/public/home2/nodecw_group/HUASHAN_Imaging_Data_2/MR/P175287/t1_gre_fsp_3d_sag_iso_P175287.nii,/public/home2/nodecw_group/HUASHAN_Imaging_Data_2/MR/P175287/qsm_tra_0.8mm_SWI_P175287_e12.4.nii,HUASHAN_Imaging_Data_2,180,0.8,144.0,2,A_directly_usable,Progressive supranuclear palsy,yes,Neurodegenerative disease,,yes
99136750,P176087-2,/public/home2/nodecw_group/HUASHAN_Imaging_Data_2/MR/P176087-2/qsm_tra_0.8mm_QSM_P176087-2.nii,/public/home2/nodecw_group/HUASHAN_Imaging_Data_2/MR/P176087-2/t1_gre_fsp_3d_sag_iso_P176087-2.nii,/public/home2/nodecw_group/HUASHAN_Imaging_Data_2/MR/P176087-2/qsm_tra_0.8mm_SWI_P176087-2_e12.4.nii,HUASHAN_Imaging_Data_2,180,0.8,144.0,2,A_directly_usable,Progressive supranuclear palsy,yes,Neurodegenerative disease,,yes
99140120,P177666-2,/public/home2/nodecw_group/HUASHAN_Imaging_Data_2/MR/P177666-2/qsm_tra_0.8mm_QSM_P177666-2.nii,/public/home2/nodecw_group/HUASHAN_Imaging_Data_2/MR/P177666-2/t1_gre_fsp_3d_sag_iso_P177666-2.nii,/public/home2/nodecw_group/HUASHAN_Imaging_Data_2/MR/P177666-2/qsm_tra_0.8mm_SWI_P177666-2_e12.4.nii,HUASHAN_Imaging_Data_2,180,0.8,144.0,3,A_directly_usable,Progressive supranuclear palsy,yes,Neurodegenerative disease,QSM slice counts differ across copies; selected the copy with the highest slice count.,yes
99144355,P179752-2,/public/home2/nodecw_group/HUASHAN_Imaging_Data_2/MR/P179752-2/qsm_tra_iso1.0mm_QSM_P179752-2.nii,/public/home2/nodecw_group/HUASHAN_Imaging_Data_2/MR/P179752-2/t1_gre_fsp_3d_sag_iso_P179752-2.nii,/public/home2/nodecw_group/HUASHAN_Imaging_Data_2/MR/P179752-2/qsm_tra_iso1.0mm_SWI_P179752-2_e1.nii,HUASHAN_Imaging_Data_2,132,1.0,132.0,3,A_directly_usable,Progressive supranuclear palsy,yes,Neurodegenerative disease,QSM slice counts differ across copies; selected the copy with the highest slice count.,yes
99144500,P179795-2,/public/home2/nodecw_group/HUASHAN_Imaging_Data_2/MR/P179795-2/qsm_tra_iso1.0mm_QSM_P179795-2.nii,/public/home2/nodecw_group/HUASHAN_Imaging_Data_2/MR/P179795-2/t1_gre_fsp_3d_sag_iso_P179795-2.nii,/public/home2/nodecw_group/HUASHAN_Imaging_Data_2/MR/P179795-2/qsm_tra_iso1.0mm_SWI_P179795-2_e1.nii,HUASHAN_Imaging_Data_2,126,1.0,126.0,3,A_directly_usable,Progressive supranuclear palsy,yes,Neurodegenerative disease,,yes
99145476,P180267,/public/home2/nodecw_group/HUASHAN_Imaging_Data_2/MR/P180267/qsm_tra_iso1.0mm_QSM_P180267.nii,/public/home2/nodecw_group/HUASHAN_Imaging_Data_2/MR/P180267/t1_gre_fsp_3d_sag_iso_P180267.nii,/public/home2/nodecw_group/HUASHAN_Imaging_Data_2/MR/P180267/qsm_tra_iso1.0mm_SWI_P180267_e1.nii,HUASHAN_Imaging_Data_2,128,1.0,128.0,3,A_directly_usable,Progressive supranuclear palsy,yes,Neurodegenerative disease,QSM slice counts differ across copies; selected the copy with the highest slice count.,yes
99145560,P180329,/public/home2/nodecw_group/HUASHAN_Imaging_Data_2/MR/P180329/qsm_tra_iso1.0mm_QSM_P180329.nii,/public/home2/nodecw_group/HUASHAN_Imaging_Data_2/MR/P180329/t1_gre_fsp_3d_sag_iso_P180329.nii,/public/home2/nodecw_group/HUASHAN_Imaging_Data_2/MR/P180329/qsm_tra_iso1.0mm_SWI_P180329_e1.nii,HUASHAN_Imaging_Data_2,130,1.0,130.0,2,A_directly_usable,Progressive supranuclear palsy,yes,Neurodegenerative disease,,yes
99146194,P180714-2,/public/home2/nodecw_group/HUASHAN_Imaging_Data_2/MR/P180714-2/qsm_tra_iso1.0mm_QSM_P180714-2.nii,/public/home2/nodecw_group/HUASHAN_Imaging_Data_2/MR/P180714-2/t1_gre_fsp_3d_sag_iso_P180714-2.nii,/public/home2/nodecw_group/HUASHAN_Imaging_Data_2/MR/P180714-2/qsm_tra_iso1.0mm_SWI_P180714-2_e1.nii,HUASHAN_Imaging_Data_2,138,1.0,138.0,3,A_directly_usable,Progressive supranuclear palsy,no,Neurodegenerative disease,,yes
99155850,P185180,/public/home2/nodecw_group/HUASHAN_Imaging_Data_8/MR/P185180/P185180_qsm_tra_iso1.0mm_QSM.nii,/public/home2/nodecw_group/HUASHAN_Imaging_Data_8/MR/P185180/P185180_t1_gre_fsp_3d_sag_iso.nii,/public/home2/nodecw_group/HUASHAN_Imaging_Data_8/MR/P185180/P185180_qsm_tra_iso1.0mm_SWI_e1.nii,HUASHAN_Imaging_Data_8,118,1.0,118.0,1,A_directly_usable,Progressive supranuclear palsy,yes,Neurodegenerative disease,,yes
99156957,P186220-2,/public/home2/nodecw_group/HUASHAN_Imaging_Data_8/MR/P186220-2/P186220-2_qsm_tra_iso1.0mm_QSM.nii,/public/home2/nodecw_group/HUASHAN_Imaging_Data_8/MR/P186220-2/P186220-2_t1_gre_fsp_3d_sag_iso.nii,/public/home2/nodecw_group/HUASHAN_Imaging_Data_8/MR/P186220-2/P186220-2_qsm_tra_iso1.0mm_M_e1.nii,HUASHAN_Imaging_Data_8,140,1.0,140.0,1,A_directly_usable,Progressive supranuclear palsy,yes,Neurodegenerative disease,,yes
99162322,P188639,/public/home2/nodecw_group/HUASHAN_Imaging_Data_8/MR/P188639/P188639_qsm_tra_iso1.0mm_QSM.nii,/public/home2/nodecw_group/HUASHAN_Imaging_Data_8/MR/P188639/P188639_t1_gre_fsp_3d_sag_iso.nii,/public/home2/nodecw_group/HUASHAN_Imaging_Data_8/MR/P188639/P188639_qsm_tra_iso1.0mm_SWI_e1.nii,HUASHAN_Imaging_Data_8,118,1.0,118.0,1,A_directly_usable,Progressive supranuclear palsy,yes,Neurodegenerative disease,,yes
99163469,P189314-2,/public/home2/nodecw_group/HUASHAN_Imaging_Data_8/MR/P189314-2/P189314-2_qsm_tra_iso1.0mm_QSM.nii,/public/home2/nodecw_group/HUASHAN_Imaging_Data_8/MR/P189314-2/P189314-2_t1_gre_fsp_3d_sag_iso.nii,/public/home2/nodecw_group/HUASHAN_Imaging_Data_8/MR/P189314-2/P189314-2_qsm_tra_iso1.0mm_SWI_e1.nii,HUASHAN_Imaging_Data_8,124,1.0,124.0,1,A_directly_usable,Progressive supranuclear palsy,yes,Neurodegenerative disease,,yes
99164826,P190136,/public/home2/nodecw_group/HUASHAN_Imaging_Data_8/MR/P190136/P190136_qsm_tra_iso1.0mm_QSM.nii,/public/home2/nodecw_group/HUASHAN_Imaging_Data_8/MR/P190136/P190136_t1_gre_fsp_3d_sag_iso.nii,/public/home2/nodecw_group/HUASHAN_Imaging_Data_8/MR/P190136/P190136_qsm_tra_iso1.0mm_SWI_e1.nii,HUASHAN_Imaging_Data_8,124,1.0,124.0,1,A_directly_usable,Progressive supranuclear palsy,yes,Neurodegenerative disease,,yes
99165120,P190327,/public/home2/nodecw_group/HUASHAN_Imaging_Data_8/MR/P190327/P190327_qsm_tra_iso1.0mm_QSM.nii,/public/home2/nodecw_group/HUASHAN_Imaging_Data_8/MR/P190327/P190327_t1_gre_fsp_3d_sag_iso.nii,/public/home2/nodecw_group/HUASHAN_Imaging_Data_8/MR/P190327/P190327_qsm_tra_iso1.0mm_SWI_e1.nii,HUASHAN_Imaging_Data_8,136,1.0,136.0,1,A_directly_usable,Progressive supranuclear palsy,no,Neurodegenerative disease,,yes
99165123,P190199,/public/home2/nodecw_group/HUASHAN_Imaging_Data_10/MR/P190199/P190199_qsm_tra_iso1.0mm_QSM.nii,/public/home2/nodecw_group/HUASHAN_Imaging_Data_10/MR/P190199/P190199_t1_gre_fsp_3d_sag_iso.nii,/public/home2/nodecw_group/HUASHAN_Imaging_Data_10/MR/P190199/P190199_qsm_tra_iso1.0mm_SWI_e1.nii,HUASHAN_Imaging_Data_10,136,1.0,136.0,2,A_directly_usable,Progressive supranuclear palsy,no,Neurodegenerative disease,,yes
99166243,P190822-2,/public/home2/nodecw_group/HUASHAN_Imaging_Data_8/MR/P190822-2/P190822-2_qsm_tra_iso1.0mm_QSM.nii,/public/home2/nodecw_group/HUASHAN_Imaging_Data_8/MR/P190822-2/P190822-2_t1_gre_fsp_3d_sag_iso.nii,/public/home2/nodecw_group/HUASHAN_Imaging_Data_8/MR/P190822-2/P190822-2_qsm_tra_iso1.0mm_SWI_e1.nii,HUASHAN_Imaging_Data_8,140,1.0,140.0,1,A_directly_usable,Progressive supranuclear palsy,yes,Neurodegenerative disease,,yes
99166473,P190920,/public/home2/nodecw_group/HUASHAN_Imaging_Data_8/MR/P190920/P190920_qsm_tra_iso1.0mm_QSM.nii,/public/home2/nodecw_group/HUASHAN_Imaging_Data_8/MR/P190920/P190920_t1_gre_fsp_3d_sag_iso.nii,/public/home2/nodecw_group/HUASHAN_Imaging_Data_8/MR/P190920/P190920_qsm_tra_iso1.0mm_SWI_e1.nii,HUASHAN_Imaging_Data_8,130,1.0,130.0,1,A_directly_usable,Progressive supranuclear palsy,yes,Neurodegenerative disease,,yes
99167288,P191365,/public/home2/nodecw_group/HUASHAN_Imaging_Data_8/MR/P191365/P191365_qsm_tra_iso1.0mm_QSM.nii,/public/home2/nodecw_group/HUASHAN_Imaging_Data_8/MR/P191365/P191365_t1_gre_fsp_3d_sag_iso.nii,/public/home2/nodecw_group/HUASHAN_Imaging_Data_8/MR/P191365/P191365_qsm_tra_iso1.0mm_SWI_e1.nii,HUASHAN_Imaging_Data_8,122,1.0,122.0,1,A_directly_usable,Progressive supranuclear palsy,yes,Neurodegenerative disease,,yes
99168259,P191943-2,/public/home2/nodecw_group/HUASHAN_Imaging_Data_8/MR/P191943-2/P191943-2_qsm_tra_iso1.0mm_QSM.nii,/public/home2/nodecw_group/HUASHAN_Imaging_Data_8/MR/P191943-2/P191943-2_t1_gre_fsp_3d_sag_iso.nii,/public/home2/nodecw_group/HUASHAN_Imaging_Data_8/MR/P191943-2/P191943-2_qsm_tra_iso1.0mm_SWI_e1.nii,HUASHAN_Imaging_Data_8,148,1.0,148.0,1,A_directly_usable,Progressive supranuclear palsy,no,Neurodegenerative disease,,yes
99170423,P193241-2,/public/home2/nodecw_group/HUASHAN_Imaging_Data_8/MR/P193241-2/P193241-2_qsm_tra_iso1.0mm_QSM.nii,/public/home2/nodecw_group/HUASHAN_Imaging_Data_8/MR/P193241-2/P193241-2_t1_gre_fsp_3d_sag_iso.nii,/public/home2/nodecw_group/HUASHAN_Imaging_Data_8/MR/P193241-2/P193241-2_qsm_tra_iso1.0mm_SWI_e1.nii,HUASHAN_Imaging_Data_8,118,1.0,118.0,1,A_directly_usable,Progressive supranuclear palsy,yes,Neurodegenerative disease,,yes
99170678,P193242,/public/home2/nodecw_group/HUASHAN_Imaging_Data_10/MR/P193242/P193242_qsm_tra_iso1.0mm_QSM.nii,/public/home2/nodecw_group/HUASHAN_Imaging_Data_10/MR/P193242/P193242_t1_gre_fsp_3d_sag_iso.nii,/public/home2/nodecw_group/HUASHAN_Imaging_Data_10/MR/P193242/P193242_qsm_tra_iso1.0mm_SWI_e1.nii,HUASHAN_Imaging_Data_10,124,1.0,124.0,2,A_directly_usable,Progressive supranuclear palsy,yes,Neurodegenerative disease,,yes
99170884,P193264,/public/home2/nodecw_group/HUASHAN_Imaging_Data_8/MR/P193264/P193264_qsm_tra_iso1.0mm_QSM.nii,/public/home2/nodecw_group/HUASHAN_Imaging_Data_8/MR/P193264/P193264_t1_gre_fsp_3d_sag_iso.nii,/public/home2/nodecw_group/HUASHAN_Imaging_Data_8/MR/P193264/P193264_qsm_tra_iso1.0mm_SWI_e1.nii,HUASHAN_Imaging_Data_8,130,1.0,130.0,1,A_directly_usable,Progressive supranuclear palsy,yes,Neurodegenerative disease,,yes
99173839,P195015,/public/home2/nodecw_group/HUASHAN_Imaging_Data_8/MR/P195015/P195015_qsm_tra_iso1.0mm_QSM.nii,/public/home2/nodecw_group/HUASHAN_Imaging_Data_8/MR/P195015/P195015_t1_gre_fsp_3d_sag_iso.nii,/public/home2/nodecw_group/HUASHAN_Imaging_Data_8/MR/P195015/P195015_qsm_tra_iso1.0mm_SWI_e1.nii,HUASHAN_Imaging_Data_8,118,1.0,118.0,1,A_directly_usable,Progressive supranuclear palsy,no,Neurodegenerative disease,,yes
99174701,P195200-3,/public/home2/nodecw_group/HUASHAN_Imaging_Data_8/MR/P195200-3/P195200-3_qsm_tra_iso1.0mm_QSM.nii,/public/home2/nodecw_group/HUASHAN_Imaging_Data_8/MR/P195200-3/P195200-3_t1_gre_fsp_3d_sag_iso.nii,/public/home2/nodecw_group/HUASHAN_Imaging_Data_8/MR/P195200-3/P195200-3_qsm_tra_iso1.0mm_SWI_e1.nii,HUASHAN_Imaging_Data_8,130,1.0,130.0,1,A_directly_usable,Progressive supranuclear palsy,yes,Neurodegenerative disease,,yes
99175005,P195520,/public/home2/nodecw_group/HUASHAN_Imaging_Data_8/MR/P195520/P195520_qsm_tra_iso1.0mm_QSM.nii,/public/home2/nodecw_group/HUASHAN_Imaging_Data_8/MR/P195520/P195520_t1_gre_fsp_3d_sag_iso.nii,/public/home2/nodecw_group/HUASHAN_Imaging_Data_8/MR/P195520/P195520_qsm_tra_iso1.0mm_SWI_e1.nii,HUASHAN_Imaging_Data_8,118,0.99,116.5,1,A_directly_usable,Progressive supranuclear palsy,yes,Neurodegenerative disease,,yes
99176093,P196557,/public/home2/nodecw_group/HUASHAN_Imaging_Data_8/MR/P196557/P196557_qsm_tra_iso1.0mm_QSM.nii,/public/home2/nodecw_group/HUASHAN_Imaging_Data_8/MR/P196557/P196557_t1_gre_fsp_3d_sag_iso.nii,/public/home2/nodecw_group/HUASHAN_Imaging_Data_8/MR/P196557/P196557_qsm_tra_iso1.0mm_SWI_e1.nii,HUASHAN_Imaging_Data_8,118,1.0,118.0,1,A_directly_usable,Progressive supranuclear palsy,no,Neurodegenerative disease,,yes
99176619,P196660-2,/public/home2/nodecw_group/HUASHAN_Imaging_Data_10/MR/P196660-2/P196660-2_qsm_tra_iso1.0mm_QSM.nii,/public/home2/nodecw_group/HUASHAN_Imaging_Data_10/MR/P196660-2/P196660-2_t1_gre_fsp_3d_sag_iso.nii,/public/home2/nodecw_group/HUASHAN_Imaging_Data_10/MR/P196660-2/P196660-2_qsm_tra_iso1.0mm_SWI_e1.nii,HUASHAN_Imaging_Data_10,130,1.0,130.0,2,A_directly_usable,Progressive supranuclear palsy,yes,Neurodegenerative disease,,yes
99178079,P197301,/public/home2/nodecw_group/HUASHAN_Imaging_Data_8/MR/P197301/P197301_qsm_tra_iso1.0mm_QSM.nii,/public/home2/nodecw_group/HUASHAN_Imaging_Data_8/MR/P197301/P197301_t1_gre_fsp_3d_sag_iso.nii,/public/home2/nodecw_group/HUASHAN_Imaging_Data_8/MR/P197301/P197301_qsm_tra_iso1.0mm_SWI_e1.nii,HUASHAN_Imaging_Data_8,128,1.0,128.0,1,A_directly_usable,Progressive supranuclear palsy,no,Neurodegenerative disease,,yes
99180914,P199015-3,/public/home2/nodecw_group/HUASHAN_Imaging_Data_8/MR/P199015-3/P199015-3_qsm_tra_iso1.0mm_QSM.nii,/public/home2/nodecw_group/HUASHAN_Imaging_Data_8/MR/P199015-3/P199015-3_t1_gre_fsp_3d_sag_iso.nii,/public/home2/nodecw_group/HUASHAN_Imaging_Data_8/MR/P199015-3/P199015-3_qsm_tra_iso1.0mm_SWI_e1.nii,HUASHAN_Imaging_Data_8,140,1.0,140.0,1,A_directly_usable,Progressive supranuclear palsy,yes,Neurodegenerative disease,,yes
99181667,P199198-2,/public/home2/nodecw_group/HUASHAN_Imaging_Data_8/MR/P199198-2/P199198-2_qsm_tra_iso1.0mm_QSM.nii,/public/home2/nodecw_group/HUASHAN_Imaging_Data_8/MR/P199198-2/P199198-2_t1_gre_fsp_3d_sag_iso.nii,/public/home2/nodecw_group/HUASHAN_Imaging_Data_8/MR/P199198-2/P199198-2_qsm_tra_iso1.0mm_SWI_e1.nii,HUASHAN_Imaging_Data_8,118,0.93,109.5,1,A_directly_usable,Progressive supranuclear palsy,yes,Neurodegenerative disease,,yes
99182459,P199408,/public/home2/nodecw_group/HUASHAN_Imaging_Data_8/MR/P199408/P199408_qsm_tra_iso1.0mm_QSM.nii,/public/home2/nodecw_group/HUASHAN_Imaging_Data_8/MR/P199408/P199408_t1_gre_fsp_3d_sag_iso.nii,/public/home2/nodecw_group/HUASHAN_Imaging_Data_8/MR/P199408/P199408_qsm_tra_iso1.0mm_SWI_e1.nii,HUASHAN_Imaging_Data_8,118,1.0,118.0,1,A_directly_usable,Progressive supranuclear palsy,yes,Neurodegenerative disease,,yes
99184465,P201083,/public/home2/nodecw_group/HUASHAN_Imaging_Data_8/MR/P201083/P201083_qsm_tra_iso1.0mm_QSM.nii,/public/home2/nodecw_group/HUASHAN_Imaging_Data_8/MR/P201083/P201083_t1_gre_fsp_3d_sag_iso.nii,/public/home2/nodecw_group/HUASHAN_Imaging_Data_8/MR/P201083/P201083_qsm_tra_iso1.0mm_SWI_e1.nii,HUASHAN_Imaging_Data_8,118,1.0,118.0,1,A_directly_usable,Progressive supranuclear palsy,yes,Neurodegenerative disease,,yes
99185095,P201271,/public/home2/nodecw_group/HUASHAN_Imaging_Data_8/MR/P201271/P201271_qsm_tra_iso1.0mm_QSM.nii,/public/home2/nodecw_group/HUASHAN_Imaging_Data_8/MR/P201271/P201271_t1_gre_fsp_3d_sag_iso.nii,/public/home2/nodecw_group/HUASHAN_Imaging_Data_8/MR/P201271/P201271_qsm_tra_iso1.0mm_SWI_e1.nii,HUASHAN_Imaging_Data_8,148,1.0,148.0,1,A_directly_usable,Progressive supranuclear palsy,yes,Neurodegenerative disease,,yes
99185454,P201348,/public/home2/nodecw_group/HUASHAN_Imaging_Data_8/MR/P201348/P201348_qsm_tra_iso1.0mm_QSM.nii,/public/home2/nodecw_group/HUASHAN_Imaging_Data_8/MR/P201348/P201348_t1_gre_fsp_3d_sag_iso.nii,/public/home2/nodecw_group/HUASHAN_Imaging_Data_8/MR/P201348/P201348_qsm_tra_iso1.0mm_SWI_e1.nii,HUASHAN_Imaging_Data_8,130,1.0,130.0,1,A_directly_usable,Progressive supranuclear palsy,yes,Neurodegenerative disease,,yes
99186816,P202688,/public/home2/nodecw_group/HUASHAN_Imaging_Data_8/MR/P202688/P202688_qsm_tra_iso1.0mm_QSM.nii,/public/home2/nodecw_group/HUASHAN_Imaging_Data_8/MR/P202688/P202688_t1_gre_fsp_3d_sag_iso.nii,/public/home2/nodecw_group/HUASHAN_Imaging_Data_8/MR/P202688/P202688_qsm_tra_iso1.0mm_SWI_e1.nii,HUASHAN_Imaging_Data_8,118,0.89,105.4,1,A_directly_usable,Progressive supranuclear palsy,no,Neurodegenerative disease,,yes
99189012,P203710,/public/home2/nodecw_group/HUASHAN_Imaging_Data_8/MR/P203710/P203710_qsm_tra_iso1.0mm_QSM.nii,/public/home2/nodecw_group/HUASHAN_Imaging_Data_8/MR/P203710/P203710_t1_gre_fsp_3d_sag_iso.nii,/public/home2/nodecw_group/HUASHAN_Imaging_Data_8/MR/P203710/P203710_qsm_tra_iso1.0mm_SWI_e1.nii,HUASHAN_Imaging_Data_8,132,1.0,132.0,1,A_directly_usable,Progressive supranuclear palsy,no,Neurodegenerative disease,,yes
99189404,P203709,/public/home2/nodecw_group/HUASHAN_Imaging_Data_8/MR/P203709/P203709_qsm_tra_iso1.0mm_QSM.nii,/public/home2/nodecw_group/HUASHAN_Imaging_Data_8/MR/P203709/P203709_t1_gre_fsp_3d_sag_iso.nii,/public/home2/nodecw_group/HUASHAN_Imaging_Data_8/MR/P203709/P203709_qsm_tra_iso1.0mm_SWI_e1.nii,HUASHAN_Imaging_Data_8,136,1.0,136.0,1,A_directly_usable,Progressive supranuclear palsy,no,Neurodegenerative disease,,yes
99190756,P204509,/public/home2/nodecw_group/HUASHAN_Imaging_Data_8/MR/P204509/P204509_qsm_tra_iso1.0mm_QSM.nii,/public/home2/nodecw_group/HUASHAN_Imaging_Data_8/MR/P204509/P204509_t1_gre_fsp_3d_sag_iso.nii,/public/home2/nodecw_group/HUASHAN_Imaging_Data_8/MR/P204509/P204509_qsm_tra_iso1.0mm_SWI_e1.nii,HUASHAN_Imaging_Data_8,118,1.0,118.0,1,A_directly_usable,Progressive supranuclear palsy,yes,Neurodegenerative disease,,yes
99191838,P204761-2,/public/home2/nodecw_group/HUASHAN_Imaging_Data_8/MR/P204761-2/P204761-2_qsm_tra_iso1.0mm_QSM.nii,/public/home2/nodecw_group/HUASHAN_Imaging_Data_8/MR/P204761-2/P204761-2_t1_gre_fsp_3d_sag_iso.nii,/public/home2/nodecw_group/HUASHAN_Imaging_Data_8/MR/P204761-2/P204761-2_qsm_tra_iso1.0mm_SWI_e1.nii,HUASHAN_Imaging_Data_8,118,1.0,118.0,1,A_directly_usable,Progressive supranuclear palsy,yes,Neurodegenerative disease,,yes
99192580,P206003,/public/home2/nodecw_group/HUASHAN_Imaging_Data_8/MR/P206003/P206003_qsm_tra_iso1.0mm_QSM.nii,/public/home2/nodecw_group/HUASHAN_Imaging_Data_8/MR/P206003/P206003_t1_gre_fsp_3d_sag_iso.nii,/public/home2/nodecw_group/HUASHAN_Imaging_Data_8/MR/P206003/P206003_qsm_tra_iso1.0mm_SWI_e1.nii,HUASHAN_Imaging_Data_8,130,1.0,130.0,1,A_directly_usable,Progressive supranuclear palsy,no,Neurodegenerative disease,,yes
99076210,P201485,/public/home2/nodecw_group/HUASHAN_Imaging_Data_8/MR/P201485/P201485_qsm_tra_iso1.0mm_QSM.nii,/public/home2/nodecw_group/HUASHAN_Imaging_Data_8/MR/P201485/P201485_t1_gre_fsp_3d_sag_iso.nii,/public/home2/nodecw_group/HUASHAN_Imaging_Data_8/MR/P201485/P201485_qsm_tra_iso1.0mm_SWI_e1.nii,HUASHAN_Imaging_Data_8,140,1.0,140.0,1,A_directly_usable,Hereditary ataxia,no,Neurodegenerative disease,,yes
99191394,P204649,/public/home2/nodecw_group/HUASHAN_Imaging_Data_8/MR/P204649/P204649_qsm_tra_iso1.0mm_QSM.nii,/public/home2/nodecw_group/HUASHAN_Imaging_Data_8/MR/P204649/P204649_t1_gre_fsp_3d_sag_iso.nii,/public/home2/nodecw_group/HUASHAN_Imaging_Data_8/MR/P204649/P204649_qsm_tra_iso1.0mm_SWI_e1.nii,HUASHAN_Imaging_Data_8,130,1.0,130.0,1,A_directly_usable,Hereditary ataxia,no,Neurodegenerative disease,,yes
99040085,P169326,/public/home2/nodecw_group/HUASHAN_Imaging_Data/MR/P169326/qsm_tra_0.8mm_QSM_P169326.nii,/public/home2/nodecw_group/HUASHAN_Imaging_Data/MR/P169326/t1_gre_fsp_3d_sag_iso_P169326.nii,/public/home2/nodecw_group/HUASHAN_Imaging_Data/MR/P169326/qsm_tra_0.8mm_SWI_P169326_e12.4.nii,HUASHAN_Imaging_Data,180,0.8,144.0,3,A_directly_usable,Alzheimer's disease,yes,Neurodegenerative disease,,yes
99067255,P149939-3,/public/home2/nodecw_group/HUASHAN_Imaging_Data_7/MR/P149939-3/P149939-3_qsm_tra_iso1.0mm_QSM.nii,/public/home2/nodecw_group/HUASHAN_Imaging_Data_7/MR/P149939-3/P149939-3_t1_gre_fsp_3d_sag_iso.nii,/public/home2/nodecw_group/HUASHAN_Imaging_Data_7/MR/P149939-3/P149939-3_qsm_tra_iso1.0mm_SWI_e1.nii,HUASHAN_Imaging_Data_7,148,1.0,148.0,2,A_directly_usable,Alzheimer's disease,yes,Neurodegenerative disease,,yes
99072231,P151495-3,/public/home2/nodecw_group/HUASHAN_Imaging_Data_8/MR/P151495-3/P151495-3_qsm_tra_iso1.0mm_QSM.nii,/public/home2/nodecw_group/HUASHAN_Imaging_Data_8/MR/P151495-3/P151495-3_t1_gre_fsp_3d_sag_iso.nii,/public/home2/nodecw_group/HUASHAN_Imaging_Data_8/MR/P151495-3/P151495-3_qsm_tra_iso1.0mm_SWI_e1.nii,HUASHAN_Imaging_Data_8,118,0.93,110.1,1,A_directly_usable,Alzheimer's disease,yes,Neurodegenerative disease,,yes
99076039,P195951,/public/home2/nodecw_group/HUASHAN_Imaging_Data_4/MR/P195951/P195951_qsm_tra_iso1.0mm_QSM_Eq_1.nii,/public/home2/nodecw_group/HUASHAN_Imaging_Data_4/MR/P195951/P195951_t1_gre_fsp_3d_sag_iso.nii,/public/home2/nodecw_group/HUASHAN_Imaging_Data_4/MR/P195951/P195951_qsm_tra_iso1.0mm_SWI_e1.nii,HUASHAN_Imaging_Data_4,129,1.0,129.0,2,A_directly_usable,Alzheimer's disease,yes,Neurodegenerative disease,,yes
99085910,P194010,/public/home2/nodecw_group/HUASHAN_Imaging_Data_7/MR/P194010/P194010_qsm_tra_iso1.0mm_QSM.nii,/public/home2/nodecw_group/HUASHAN_Imaging_Data_7/MR/P194010/P194010_t1_gre_fsp_3d_sag_iso.nii,/public/home2/nodecw_group/HUASHAN_Imaging_Data_7/MR/P194010/P194010_qsm_tra_iso1.0mm_SWI_e1.nii,HUASHAN_Imaging_Data_7,118,0.93,110.2,2,A_directly_usable,Alzheimer's disease,no,Neurodegenerative disease,,yes
99107699,P162068,/public/home2/nodecw_group/HUASHAN_Imaging_Data/MR/P162068/qsm_tra_0.8mm_QSM_P162068.nii,/public/home2/nodecw_group/HUASHAN_Imaging_Data/MR/P162068/t1_gre_fsp_3d_sag_iso_P162068.nii,/public/home2/nodecw_group/HUASHAN_Imaging_Data/MR/P162068/qsm_tra_0.8mm_SWI_P162068_e12.4.nii,HUASHAN_Imaging_Data,152,0.8,121.2,4,A_directly_usable,Alzheimer's disease,yes,Neurodegenerative disease,QSM slice counts differ across copies; selected the copy with the highest slice count.,yes
99107730,P162066,/public/home2/nodecw_group/HUASHAN_Imaging_Data_2/MR/P162066/qsm_tra_0.8mm_QSM_P162066d_Eq_1.nii,/public/home2/nodecw_group/HUASHAN_Imaging_Data_2/MR/P162066/t1_gre_fsp_3d_sag_iso_P162066.nii,/public/home2/nodecw_group/HUASHAN_Imaging_Data_2/MR/P162066/qsm_tra_0.8mm_SWI_P162066_e12.4.nii,HUASHAN_Imaging_Data_2,151,0.79,119.2,4,A_directly_usable,Alzheimer's disease,yes,Neurodegenerative disease,QSM slice counts differ across copies; selected the copy with the highest slice count.,yes
99107855,P162067,/public/home2/nodecw_group/HUASHAN_Imaging_Data/MR/P162067/qsm_tra_0.8mm_QSM_P162067.nii,/public/home2/nodecw_group/HUASHAN_Imaging_Data/MR/P162067/t1_gre_fsp_3d_sag_iso_P162067.nii,/public/home2/nodecw_group/HUASHAN_Imaging_Data/MR/P162067/qsm_tra_0.8mm_SWI_P162067_e12.4.nii,HUASHAN_Imaging_Data,152,0.8,121.6,4,A_directly_usable,Alzheimer's disease,yes,Neurodegenerative disease,QSM slice counts differ across copies; selected the copy with the highest slice count.,yes
99108032,P183189,/public/home2/nodecw_group/HUASHAN_Imaging_Data_4/MR/P183189/P183189_qsm_tra_iso1.0mm_QSM.nii,/public/home2/nodecw_group/HUASHAN_Imaging_Data_4/MR/P183189/P183189_t1_gre_fsp_3d_sag_iso.nii,/public/home2/nodecw_group/HUASHAN_Imaging_Data_4/MR/P183189/P183189_qsm_tra_iso1.0mm_SWI_e1.nii,HUASHAN_Imaging_Data_4,111,1.0,111.0,2,A_directly_usable,Alzheimer's disease,yes,Neurodegenerative disease,,yes
99108261,P162282,/public/home2/nodecw_group/HUASHAN_Imaging_Data_3/MR/P162282/P162282_qsm_tra_0.8mm_QSM.nii,/public/home2/nodecw_group/HUASHAN_Imaging_Data_3/MR/P162282/P162282_t1_gre_fsp_3d_sag_iso.nii,/public/home2/nodecw_group/HUASHAN_Imaging_Data_3/MR/P162282/P162282_qsm_tra_0.8mm_SWI_e12.4.nii,HUASHAN_Imaging_Data_3,152,0.79,120.3,4,A_directly_usable,Alzheimer's disease,yes,Neurodegenerative disease,QSM slice counts differ across copies; selected the copy with the highest slice count.,yes
99109910,P196841,/public/home2/nodecw_group/HUASHAN_Imaging_Data_7/MR/P196841/P196841_qsm_tra_iso1.0mm_QSM.nii,/public/home2/nodecw_group/HUASHAN_Imaging_Data_7/MR/P196841/P196841_t1_gre_fsp_3d_sag_iso.nii,/public/home2/nodecw_group/HUASHAN_Imaging_Data_7/MR/P196841/P196841_qsm_tra_iso1.0mm_SWI_e1.nii,HUASHAN_Imaging_Data_7,130,1.0,130.0,2,A_directly_usable,Alzheimer's disease,no,Neurodegenerative disease,,yes
99110127,P163186,/public/home2/nodecw_group/HUASHAN_Imaging_Data/MR/P163186/qsm_tra_0.8mm_QSM_P163186.nii,/public/home2/nodecw_group/HUASHAN_Imaging_Data/MR/P163186/t1_gre_fsp_3d_sag_iso_P163186.nii,/public/home2/nodecw_group/HUASHAN_Imaging_Data/MR/P163186/qsm_tra_0.8mm_SWI_P163186_e12.4.nii,HUASHAN_Imaging_Data,180,0.8,144.0,5,A_directly_usable,Alzheimer's disease,no,Neurodegenerative disease,,yes
99111473,P163752,/public/home2/nodecw_group/HUASHAN_Imaging_Data/MR/P163752/qsm_tra_0.8mm_QSM_P163752.nii,/public/home2/nodecw_group/HUASHAN_Imaging_Data/MR/P163752/t1_gre_fsp_3d_sag_iso_P163752.nii,/public/home2/nodecw_group/HUASHAN_Imaging_Data/MR/P163752/qsm_tra_0.8mm_SWI_P163752_e12.4.nii,HUASHAN_Imaging_Data,180,0.8,144.0,4,A_directly_usable,Alzheimer's disease,no,Neurodegenerative disease,QSM slice counts differ across copies; selected the copy with the highest slice count.,yes
99111505,P163766,/public/home2/nodecw_group/HUASHAN_Imaging_Data_11/MR/P163766/P163766_qsm_tra_0.8mm_QSM.nii,/public/home2/nodecw_group/HUASHAN_Imaging_Data_11/MR/P163766/P163766_t1_gre_fsp_3d_sag_iso.nii,/public/home2/nodecw_group/HUASHAN_Imaging_Data_11/MR/P163766/P163766_qsm_tra_0.8mm_SWI_e12.4.nii,HUASHAN_Imaging_Data_11,180,0.8,144.0,4,A_directly_usable,Alzheimer's disease,yes,Neurodegenerative disease,,yes
99112071,P164053,/public/home2/nodecw_group/HUASHAN_Imaging_Data/MR/P164053/qsm_tra_0.8mm_QSM_P164053.nii,/public/home2/nodecw_group/HUASHAN_Imaging_Data/MR/P164053/t1_gre_fsp_3d_sag_iso_P164053.nii,/public/home2/nodecw_group/HUASHAN_Imaging_Data/MR/P164053/qsm_tra_0.8mm_SWI_P164053_e12.4.nii,HUASHAN_Imaging_Data,180,0.8,144.0,4,A_directly_usable,Alzheimer's disease,yes,Neurodegenerative disease,QSM slice counts differ across copies; selected the copy with the highest slice count.,yes
99112116,P164055,/public/home2/nodecw_group/HUASHAN_Imaging_Data/MR/P164055/qsm_tra_0.8mm_QSM_P164055.nii,/public/home2/nodecw_group/HUASHAN_Imaging_Data/MR/P164055/t1_gre_fsp_3d_sag_iso_P164055.nii,/public/home2/nodecw_group/HUASHAN_Imaging_Data/MR/P164055/qsm_tra_0.8mm_SWI_P164055_e12.4.nii,HUASHAN_Imaging_Data,180,0.8,144.0,4,A_directly_usable,Alzheimer's disease,yes,Neurodegenerative disease,QSM slice counts differ across copies; selected the copy with the highest slice count.,yes
99112366,P164278,/public/home2/nodecw_group/HUASHAN_Imaging_Data/MR/P164278/qsm_tra_0.8mm_QSM_P164278.nii,/public/home2/nodecw_group/HUASHAN_Imaging_Data/MR/P164278/t1_gre_fsp_3d_sag_iso_P164278.nii,/public/home2/nodecw_group/HUASHAN_Imaging_Data/MR/P164278/qsm_tra_0.8mm_SWI_P164278_e12.4.nii,HUASHAN_Imaging_Data,180,0.8,144.0,4,A_directly_usable,Alzheimer's disease,no,Neurodegenerative disease,,yes
99113102,P164633,/public/home2/nodecw_group/HUASHAN_Imaging_Data/MR/P164633/qsm_tra_0.8mm_QSM_P164633.nii,/public/home2/nodecw_group/HUASHAN_Imaging_Data/MR/P164633/t1_gre_fsp_3d_sag_iso_P164633.nii,/public/home2/nodecw_group/HUASHAN_Imaging_Data/MR/P164633/qsm_tra_0.8mm_SWI_P164633_e12.4.nii,HUASHAN_Imaging_Data,180,0.8,144.0,4,A_directly_usable,Alzheimer's disease,yes,Neurodegenerative disease,QSM slice counts differ across copies; selected the copy with the highest slice count.,yes
99113108,P164643,/public/home2/nodecw_group/HUASHAN_Imaging_Data/MR/P164643/qsm_tra_0.8mm_QSM_P164643.nii,/public/home2/nodecw_group/HUASHAN_Imaging_Data/MR/P164643/t1_gre_fsp_3d_sag_iso_P164643.nii,/public/home2/nodecw_group/HUASHAN_Imaging_Data/MR/P164643/qsm_tra_0.8mm_SWI_P164643_e12.4.nii,HUASHAN_Imaging_Data,180,0.8,143.9,4,A_directly_usable,Alzheimer's disease,yes,Neurodegenerative disease,,yes
99114003,P164932,/public/home2/nodecw_group/HUASHAN_Imaging_Data/MR/P164932/qsm_tra_0.8mm_QSM_P164932.nii,/public/home2/nodecw_group/HUASHAN_Imaging_Data/MR/P164932/t1_gre_fsp_3d_sag_iso_P164932.nii,/public/home2/nodecw_group/HUASHAN_Imaging_Data/MR/P164932/qsm_tra_0.8mm_SWI_P164932_e12.4.nii,HUASHAN_Imaging_Data,180,0.8,143.8,4,A_directly_usable,Alzheimer's disease,no,Neurodegenerative disease,,yes
99114350,P165190,/public/home2/nodecw_group/HUASHAN_Imaging_Data/MR/P165190/qsm_tra_0.8mm_QSM_P165190.nii,/public/home2/nodecw_group/HUASHAN_Imaging_Data/MR/P165190/t1_gre_fsp_3d_sag_iso_P165190.nii,/public/home2/nodecw_group/HUASHAN_Imaging_Data/MR/P165190/qsm_tra_0.8mm_SWI_P165190_e12.4.nii,HUASHAN_Imaging_Data,180,0.8,144.0,4,A_directly_usable,Alzheimer's disease,yes,Neurodegenerative disease,,yes
99115582,P165734,/public/home2/nodecw_group/HUASHAN_Imaging_Data/MR/P165734/qsm_tra_0.8mm_QSM_P165734.nii,/public/home2/nodecw_group/HUASHAN_Imaging_Data/MR/P165734/t1_gre_fsp_3d_sag_iso_P165734.nii,/public/home2/nodecw_group/HUASHAN_Imaging_Data/MR/P165734/qsm_tra_0.8mm_SWI_P165734_e12.4.nii,HUASHAN_Imaging_Data,180,0.8,144.0,4,A_directly_usable,Alzheimer's disease,yes,Neurodegenerative disease,,yes
99116144,P165994-2,/public/home2/nodecw_group/HUASHAN_Imaging_Data/MR/P165994-2/qsm_tra_0.8mm_QSM_P165994-2.nii,/public/home2/nodecw_group/HUASHAN_Imaging_Data/MR/P165994-2/t1_gre_fsp_3d_sag_iso_P165994-2.nii,/public/home2/nodecw_group/HUASHAN_Imaging_Data/MR/P165994-2/qsm_tra_0.8mm_SWI_P165994-2_e12.4.nii,HUASHAN_Imaging_Data,180,0.79,143.0,4,A_directly_usable,Alzheimer's disease,yes,Neurodegenerative disease,,yes
99117100,P166537,/public/home2/nodecw_group/HUASHAN_Imaging_Data/MR/P166537/qsm_tra_0.8mm_QSM_P166537.nii,/public/home2/nodecw_group/HUASHAN_Imaging_Data/MR/P166537/t1_gre_fsp_3d_sag_iso_P166537.nii,/public/home2/nodecw_group/HUASHAN_Imaging_Data/MR/P166537/qsm_tra_0.8mm_SWI_P166537_e12.4.nii,HUASHAN_Imaging_Data,180,0.8,144.0,4,A_directly_usable,Alzheimer's disease,yes,Neurodegenerative disease,,yes
99117533,P166670,/public/home2/nodecw_group/HUASHAN_Imaging_Data/MR/P166670/qsm_tra_0.8mm_QSM_P166670.nii,/public/home2/nodecw_group/HUASHAN_Imaging_Data/MR/P166670/t1_gre_fsp_3d_sag_iso_P166670.nii,/public/home2/nodecw_group/HUASHAN_Imaging_Data/MR/P166670/qsm_tra_0.8mm_SWI_P166670_e12.4.nii,HUASHAN_Imaging_Data,180,0.8,144.0,4,A_directly_usable,Alzheimer's disease,yes,Neurodegenerative disease,QSM slice counts differ across copies; selected the copy with the highest slice count.,yes
99117542,P166700,/public/home2/nodecw_group/HUASHAN_Imaging_Data/MR/P166700/qsm_tra_0.8mm_QSM_P166700.nii,/public/home2/nodecw_group/HUASHAN_Imaging_Data/MR/P166700/t1_gre_fsp_3d_sag_iso_P166700.nii,/public/home2/nodecw_group/HUASHAN_Imaging_Data/MR/P166700/qsm_tra_0.8mm_SWI_P166700_e12.4.nii,HUASHAN_Imaging_Data,180,0.8,144.0,4,A_directly_usable,Alzheimer's disease,yes,Neurodegenerative disease,,yes
99117928,P166835,/public/home2/nodecw_group/HUASHAN_Imaging_Data/MR/P166835/qsm_tra_0.8mm_QSM_P166835.nii,/public/home2/nodecw_group/HUASHAN_Imaging_Data/MR/P166835/t1_gre_fsp_3d_sag_iso_P166835.nii,/public/home2/nodecw_group/HUASHAN_Imaging_Data/MR/P166835/qsm_tra_0.8mm_SWI_P166835_e12.4.nii,HUASHAN_Imaging_Data,180,0.8,144.0,4,A_directly_usable,Alzheimer's disease,yes,Neurodegenerative disease,,yes
99118513,P167126-2,/public/home2/nodecw_group/HUASHAN_Imaging_Data/MR/P167126-2/qsm_tra_0.8mm_QSM_P167126-2.nii,/public/home2/nodecw_group/HUASHAN_Imaging_Data/MR/P167126-2/t1_gre_fsp_3d_sag_iso_P167126-2.nii,/public/home2/nodecw_group/HUASHAN_Imaging_Data/MR/P167126-2/qsm_tra_0.8mm_SWI_P167126-2_e12.4.nii,HUASHAN_Imaging_Data,180,0.8,144.0,3,A_directly_usable,Alzheimer's disease,yes,Neurodegenerative disease,,yes
99119106,P167559,/public/home2/nodecw_group/HUASHAN_Imaging_Data/MR/P167559/qsm_tra_0.8mm_QSM_P167559.nii,/public/home2/nodecw_group/HUASHAN_Imaging_Data/MR/P167559/t1_gre_fsp_3d_sag_iso_P167559.nii,/public/home2/nodecw_group/HUASHAN_Imaging_Data/MR/P167559/qsm_tra_0.8mm_SWI_P167559_e12.4.nii,HUASHAN_Imaging_Data,180,0.8,144.0,4,A_directly_usable,Alzheimer's disease,yes,Neurodegenerative disease,QSM slice counts differ across copies; selected the copy with the highest slice count.,yes
99119258,P167560,/public/home2/nodecw_group/HUASHAN_Imaging_Data/MR/P167560/qsm_tra_0.8mm_QSM_P167560.nii,/public/home2/nodecw_group/HUASHAN_Imaging_Data/MR/P167560/t1_gre_fsp_3d_sag_iso_P167560.nii,/public/home2/nodecw_group/HUASHAN_Imaging_Data/MR/P167560/qsm_tra_0.8mm_SWI_P167560_e12.4.nii,HUASHAN_Imaging_Data,180,0.8,144.0,4,A_directly_usable,Alzheimer's disease,yes,Neurodegenerative disease,QSM slice counts differ across copies; selected the copy with the highest slice count.,yes
99119647,P167661,/public/home2/nodecw_group/HUASHAN_Imaging_Data/MR/P167661/qsm_tra_0.8mm_QSM_P167661.nii,/public/home2/nodecw_group/HUASHAN_Imaging_Data/MR/P167661/t1_gre_fsp_3d_sag_iso_P167661.nii,/public/home2/nodecw_group/HUASHAN_Imaging_Data/MR/P167661/qsm_tra_0.8mm_SWI_P167661_e12.4.nii,HUASHAN_Imaging_Data,180,0.8,144.0,4,A_directly_usable,Alzheimer's disease,yes,Neurodegenerative disease,,yes
99120827,P168140,/public/home2/nodecw_group/HUASHAN_Imaging_Data/MR/P168140/qsm_tra_0.8mm_QSM_P168140.nii,/public/home2/nodecw_group/HUASHAN_Imaging_Data/MR/P168140/t1_gre_fsp_3d_sag_iso_P168140.nii,/public/home2/nodecw_group/HUASHAN_Imaging_Data/MR/P168140/qsm_tra_0.8mm_SWI_P168140_e12.4.nii,HUASHAN_Imaging_Data,180,0.8,144.0,4,A_directly_usable,Alzheimer's disease,no,Neurodegenerative disease,,yes
99121057,P168559,/public/home2/nodecw_group/HUASHAN_Imaging_Data/MR/P168559/qsm_tra_0.8mm_QSM_P168559.nii,/public/home2/nodecw_group/HUASHAN_Imaging_Data/MR/P168559/t1_gre_fsp_3d_sag_iso_P168559.nii,/public/home2/nodecw_group/HUASHAN_Imaging_Data/MR/P168559/qsm_tra_0.8mm_SWI_P168559_e12.4.nii,HUASHAN_Imaging_Data,180,0.8,144.0,4,A_directly_usable,Alzheimer's disease,yes,Neurodegenerative disease,,yes
99121456,P168581,/public/home2/nodecw_group/HUASHAN_Imaging_Data/MR/P168581/qsm_tra_0.8mm_QSM_P168581.nii,/public/home2/nodecw_group/HUASHAN_Imaging_Data/MR/P168581/t1_gre_fsp_3d_sag_iso_P168581.nii,/public/home2/nodecw_group/HUASHAN_Imaging_Data/MR/P168581/qsm_tra_0.8mm_SWI_P168581_e12.4.nii,HUASHAN_Imaging_Data,180,0.8,144.0,4,A_directly_usable,Alzheimer's disease,yes,Neurodegenerative disease,,yes
99121903,P168645,/public/home2/nodecw_group/HUASHAN_Imaging_Data/MR/P168645/qsm_tra_0.8mm_QSM_P168645.nii,/public/home2/nodecw_group/HUASHAN_Imaging_Data/MR/P168645/t1_gre_fsp_3d_sag_iso_P168645.nii,/public/home2/nodecw_group/HUASHAN_Imaging_Data/MR/P168645/qsm_tra_0.8mm_SWI_P168645_e12.4.nii,HUASHAN_Imaging_Data,180,0.8,144.0,4,A_directly_usable,Alzheimer's disease,yes,Neurodegenerative disease,QSM slice counts differ across copies; selected the copy with the highest slice count.,yes
99121913,P168644,/public/home2/nodecw_group/HUASHAN_Imaging_Data/MR/P168644/qsm_tra_0.8mm_QSM_P168644.nii,/public/home2/nodecw_group/HUASHAN_Imaging_Data/MR/P168644/t1_gre_fsp_3d_sag_iso_P168644.nii,/public/home2/nodecw_group/HUASHAN_Imaging_Data/MR/P168644/qsm_tra_0.8mm_SWI_P168644_e12.4.nii,HUASHAN_Imaging_Data,180,0.8,144.0,4,A_directly_usable,Alzheimer's disease,yes,Neurodegenerative disease,,yes
99122199,P168691,/public/home2/nodecw_group/HUASHAN_Imaging_Data/MR/P168691/qsm_tra_0.8mm_QSM_P168691.nii,/public/home2/nodecw_group/HUASHAN_Imaging_Data/MR/P168691/t1_gre_fsp_3d_sag_iso_P168691.nii,/public/home2/nodecw_group/HUASHAN_Imaging_Data/MR/P168691/qsm_tra_0.8mm_SWI_P168691_e12.4.nii,HUASHAN_Imaging_Data,180,0.8,144.0,4,A_directly_usable,Alzheimer's disease,yes,Neurodegenerative disease,,yes
99122575,P169246,/public/home2/nodecw_group/HUASHAN_Imaging_Data/MR/P169246/qsm_tra_0.8mm_QSM_P169246.nii,/public/home2/nodecw_group/HUASHAN_Imaging_Data/MR/P169246/t1_gre_fsp_3d_sag_iso_P169246.nii,/public/home2/nodecw_group/HUASHAN_Imaging_Data/MR/P169246/qsm_tra_0.8mm_SWI_P169246_e12.4.nii,HUASHAN_Imaging_Data,180,0.8,144.0,4,A_directly_usable,Alzheimer's disease,yes,Neurodegenerative disease,QSM slice counts differ across copies; selected the copy with the highest slice count.,yes
99124230,P169839,/public/home2/nodecw_group/HUASHAN_Imaging_Data/MR/P169839/qsm_tra_0.8mm_QSM_P169839.nii,/public/home2/nodecw_group/HUASHAN_Imaging_Data/MR/P169839/t1_gre_fsp_3d_sag_iso_P169839.nii,/public/home2/nodecw_group/HUASHAN_Imaging_Data/MR/P169839/qsm_tra_0.8mm_SWI_P169839_e12.4.nii,HUASHAN_Imaging_Data,180,0.8,144.0,4,A_directly_usable,Alzheimer's disease,yes,Neurodegenerative disease,,yes
99124999,P169980,/public/home2/nodecw_group/HUASHAN_Imaging_Data_11/MR/P169980/P169980_qsm_tra_0.8mm_QSM.nii,/public/home2/nodecw_group/HUASHAN_Imaging_Data_11/MR/P169980/P169980_t1_gre_fsp_3d_sag_iso.nii,/public/home2/nodecw_group/HUASHAN_Imaging_Data_11/MR/P169980/P169980_qsm_tra_0.8mm_SWI_e12.4.nii,HUASHAN_Imaging_Data_11,180,0.8,144.0,4,A_directly_usable,Alzheimer's disease,yes,Neurodegenerative disease,,yes
99125429,P170548,/public/home2/nodecw_group/HUASHAN_Imaging_Data_2/MR/P170548/qsm_tra_0.8mm_QSM_P170548.nii,/public/home2/nodecw_group/HUASHAN_Imaging_Data_2/MR/P170548/t1_gre_fsp_3d_sag_iso_P170548.nii,/public/home2/nodecw_group/HUASHAN_Imaging_Data_2/MR/P170548/qsm_tra_0.8mm_SWI_P170548_e12.4.nii,HUASHAN_Imaging_Data_2,180,0.8,144.0,4,A_directly_usable,Alzheimer's disease,no,Neurodegenerative disease,,yes
99125726,P170497,/public/home2/nodecw_group/HUASHAN_Imaging_Data/MR/P170497/qsm_tra_0.8mm_QSM_P170497.nii,/public/home2/nodecw_group/HUASHAN_Imaging_Data/MR/P170497/t1_gre_fsp_3d_sag_iso_P170497.nii,/public/home2/nodecw_group/HUASHAN_Imaging_Data/MR/P170497/qsm_tra_0.8mm_SWI_P170497_e12.4.nii,HUASHAN_Imaging_Data,180,0.8,144.0,4,A_directly_usable,Alzheimer's disease,yes,Neurodegenerative disease,QSM slice counts differ across copies; selected the copy with the highest slice count.,yes
99125880,P170557,/public/home2/nodecw_group/HUASHAN_Imaging_Data_2/MR/P170557/qsm_tra_0.8mm_QSM_P170557.nii,/public/home2/nodecw_group/HUASHAN_Imaging_Data_2/MR/P170557/t1_gre_fsp_3d_sag_iso_P170557.nii,/public/home2/nodecw_group/HUASHAN_Imaging_Data_2/MR/P170557/qsm_tra_0.8mm_SWI_P170557_e12.4.nii,HUASHAN_Imaging_Data_2,180,0.8,144.0,3,A_directly_usable,Alzheimer's disease,no,Neurodegenerative disease,,yes
99126188,P170905,/public/home2/nodecw_group/HUASHAN_Imaging_Data_11/MR/P170905/P170905_qsm_tra_0.8mm_QSM.nii,/public/home2/nodecw_group/HUASHAN_Imaging_Data_11/MR/P170905/P170905_t1_gre_fsp_3d_sag_iso.nii,/public/home2/nodecw_group/HUASHAN_Imaging_Data_11/MR/P170905/P170905_qsm_tra_0.8mm_SWI_e12.4.nii,HUASHAN_Imaging_Data_11,180,0.8,144.0,3,A_directly_usable,Alzheimer's disease,yes,Neurodegenerative disease,,yes
99126203,P170903,/public/home2/nodecw_group/HUASHAN_Imaging_Data_11/MR/P170903/P170903_qsm_tra_0.8mm_QSM.nii,/public/home2/nodecw_group/HUASHAN_Imaging_Data_11/MR/P170903/P170903_t1_gre_fsp_3d_sag_iso.nii,/public/home2/nodecw_group/HUASHAN_Imaging_Data_11/MR/P170903/P170903_qsm_tra_0.8mm_SWI_e12.4.nii,HUASHAN_Imaging_Data_11,184,0.8,147.2,3,A_directly_usable,Alzheimer's disease,yes,Neurodegenerative disease,,yes
99127072,P171061,/public/home2/nodecw_group/HUASHAN_Imaging_Data/MR/P171061/qsm_tra_0.8mm_QSM_P171061.nii,/public/home2/nodecw_group/HUASHAN_Imaging_Data/MR/P171061/t1_gre_fsp_3d_sag_iso_P171061.nii,/public/home2/nodecw_group/HUASHAN_Imaging_Data/MR/P171061/qsm_tra_0.8mm_SWI_P171061_e12.4.nii,HUASHAN_Imaging_Data,184,0.8,147.2,4,A_directly_usable,Alzheimer's disease,yes,Neurodegenerative disease,QSM slice counts differ across copies; selected the copy with the highest slice count.,yes
99127072,P171061-3,/public/home2/nodecw_group/HUASHAN_Imaging_Data_8/MR/P171061-3/P171061-3_qsm_tra_iso1.0mm_QSM.nii,/public/home2/nodecw_group/HUASHAN_Imaging_Data_8/MR/P171061-3/P171061-3_t1_gre_fsp_3d_sag_iso.nii,/public/home2/nodecw_group/HUASHAN_Imaging_Data_8/MR/P171061-3/P171061-3_qsm_tra_iso1.0mm_SWI_e1.nii,HUASHAN_Imaging_Data_8,130,1.0,130.0,1,A_directly_usable,Alzheimer's disease,yes,Neurodegenerative disease,,yes
99127556,P171511,/public/home2/nodecw_group/HUASHAN_Imaging_Data_11/MR/P171511/P171511_qsm_tra_0.8mm_QSM.nii,/public/home2/nodecw_group/HUASHAN_Imaging_Data_11/MR/P171511/P171511_t1_gre_fsp_3d_sag_iso.nii,/public/home2/nodecw_group/HUASHAN_Imaging_Data_11/MR/P171511/P171511_qsm_tra_0.8mm_SWI_e12.4.nii,HUASHAN_Imaging_Data_11,180,0.8,144.0,3,A_directly_usable,Alzheimer's disease,yes,Neurodegenerative disease,,yes
99127775,P171574,/public/home2/nodecw_group/HUASHAN_Imaging_Data/MR/P171574/qsm_tra_0.8mm_QSM_P171574.nii,/public/home2/nodecw_group/HUASHAN_Imaging_Data/MR/P171574/t1_gre_fsp_3d_sag_iso_P171574.nii,/public/home2/nodecw_group/HUASHAN_Imaging_Data/MR/P171574/qsm_tra_0.8mm_SWI_P171574_e12.4.nii,HUASHAN_Imaging_Data,180,0.8,144.0,4,A_directly_usable,Alzheimer's disease,yes,Neurodegenerative disease,,yes
99127929,P171599,/public/home2/nodecw_group/HUASHAN_Imaging_Data_11/MR/P171599/P171599_qsm_tra_0.8mm_QSM.nii,/public/home2/nodecw_group/HUASHAN_Imaging_Data_11/MR/P171599/P171599_t1_gre_fsp_3d_sag_iso.nii,/public/home2/nodecw_group/HUASHAN_Imaging_Data_11/MR/P171599/P171599_qsm_tra_0.8mm_SWI_e12.4.nii,HUASHAN_Imaging_Data_11,180,0.8,144.0,4,A_directly_usable,Alzheimer's disease,yes,Neurodegenerative disease,,yes
99128219,P171848,/public/home2/nodecw_group/HUASHAN_Imaging_Data/MR/P171848/qsm_tra_0.8mm_QSM_P171848.nii,/public/home2/nodecw_group/HUASHAN_Imaging_Data/MR/P171848/t1_gre_fsp_3d_sag_iso_P171848.nii,/public/home2/nodecw_group/HUASHAN_Imaging_Data/MR/P171848/qsm_tra_0.8mm_SWI_P171848_e12.4.nii,HUASHAN_Imaging_Data,180,0.8,144.0,4,A_directly_usable,Alzheimer's disease,yes,Neurodegenerative disease,QSM slice counts differ across copies; selected the copy with the highest slice count.,yes
99128971,P172209,/public/home2/nodecw_group/HUASHAN_Imaging_Data_11/MR/P172209/P172209_qsm_tra_0.8mm_QSM.nii,/public/home2/nodecw_group/HUASHAN_Imaging_Data_11/MR/P172209/P172209_t1_gre_fsp_3d_sag_iso.nii,/public/home2/nodecw_group/HUASHAN_Imaging_Data_11/MR/P172209/P172209_qsm_tra_0.8mm_SWI_e12.4.nii,HUASHAN_Imaging_Data_11,180,0.8,143.7,4,A_directly_usable,Alzheimer's disease,yes,Neurodegenerative disease,,yes
99129192,P172275,/public/home2/nodecw_group/HUASHAN_Imaging_Data/MR/P172275/qsm_tra_0.8mm_QSM_P172275.nii,/public/home2/nodecw_group/HUASHAN_Imaging_Data/MR/P172275/t1_gre_fsp_3d_sag_iso_P172275.nii,/public/home2/nodecw_group/HUASHAN_Imaging_Data/MR/P172275/qsm_tra_0.8mm_SWI_P172275_e12.4.nii,HUASHAN_Imaging_Data,184,0.8,147.2,4,A_directly_usable,Alzheimer's disease,no,Neurodegenerative disease,,yes
99130607,P173122,/public/home2/nodecw_group/HUASHAN_Imaging_Data_2/MR/P173122/qsm_tra_0.8mm_QSM_P173122.nii,/public/home2/nodecw_group/HUASHAN_Imaging_Data_2/MR/P173122/t1_gre_fsp_3d_sag_iso_P173122.nii,/public/home2/nodecw_group/HUASHAN_Imaging_Data_2/MR/P173122/qsm_tra_0.8mm_SWI_P173122_e12.4.nii,HUASHAN_Imaging_Data_2,180,0.8,144.0,3,A_directly_usable,Alzheimer's disease,yes,Neurodegenerative disease,,yes
99130825,P173194,/public/home2/nodecw_group/HUASHAN_Imaging_Data/MR/P173194/qsm_tra_0.8mm_QSM_P173194.nii,/public/home2/nodecw_group/HUASHAN_Imaging_Data/MR/P173194/t1_gre_fsp_3d_sag_iso_P173194.nii,/public/home2/nodecw_group/HUASHAN_Imaging_Data/MR/P173194/qsm_tra_0.8mm_SWI_P173194_e12.4.nii,HUASHAN_Imaging_Data,180,0.8,144.0,4,A_directly_usable,Alzheimer's disease,yes,Neurodegenerative disease,,yes
99130858,P173199,/public/home2/nodecw_group/HUASHAN_Imaging_Data/MR/P173199/qsm_tra_0.8mm_QSM_P173199.nii,/public/home2/nodecw_group/HUASHAN_Imaging_Data/MR/P173199/t1_gre_fsp_3d_sag_iso_P173199.nii,/public/home2/nodecw_group/HUASHAN_Imaging_Data/MR/P173199/qsm_tra_0.8mm_SWI_P173199_e12.4.nii,HUASHAN_Imaging_Data,180,0.8,144.0,4,A_directly_usable,Alzheimer's disease,yes,Neurodegenerative disease,,yes
99131137,P173270,/public/home2/nodecw_group/HUASHAN_Imaging_Data_2/MR/P173270/qsm_tra_0.8mm_QSM_P173270.nii,/public/home2/nodecw_group/HUASHAN_Imaging_Data_2/MR/P173270/t1_gre_fsp_3d_sag_iso_P173270.nii,/public/home2/nodecw_group/HUASHAN_Imaging_Data_2/MR/P173270/qsm_tra_0.8mm_SWI_P173270_e12.4.nii,HUASHAN_Imaging_Data_2,180,0.8,144.0,2,A_directly_usable,Alzheimer's disease,yes,Neurodegenerative disease,,yes
99131969,P173797,/public/home2/nodecw_group/HUASHAN_Imaging_Data_2/MR/P173797/qsm_tra_0.8mm_QSM_P173797.nii,/public/home2/nodecw_group/HUASHAN_Imaging_Data_2/MR/P173797/t1_gre_fsp_3d_sag_iso_P173797.nii,/public/home2/nodecw_group/HUASHAN_Imaging_Data_2/MR/P173797/qsm_tra_0.8mm_SWI_P173797_e12.4.nii,HUASHAN_Imaging_Data_2,180,0.8,144.0,4,A_directly_usable,Alzheimer's disease,yes,Neurodegenerative disease,QSM slice counts differ across copies; selected the copy with the highest slice count.,yes
99131982,P173795,/public/home2/nodecw_group/HUASHAN_Imaging_Data_2/MR/P173795/qsm_tra_0.8mm_QSM_P173795.nii,/public/home2/nodecw_group/HUASHAN_Imaging_Data_2/MR/P173795/t1_gre_fsp_3d_sag_iso_P173795.nii,/public/home2/nodecw_group/HUASHAN_Imaging_Data_2/MR/P173795/qsm_tra_0.8mm_SWI_P173795_e12.4.nii,HUASHAN_Imaging_Data_2,180,0.8,144.0,2,A_directly_usable,Alzheimer's disease,yes,Neurodegenerative disease,,yes
99132266,P173844,/public/home2/nodecw_group/HUASHAN_Imaging_Data_2/MR/P173844/qsm_tra_0.8mm_QSM_P173844.nii,/public/home2/nodecw_group/HUASHAN_Imaging_Data_2/MR/P173844/t1_gre_fsp_3d_sag_iso_P173844.nii,/public/home2/nodecw_group/HUASHAN_Imaging_Data_2/MR/P173844/qsm_tra_0.8mm_SWI_P173844_e12.4.nii,HUASHAN_Imaging_Data_2,180,0.8,144.0,3,A_directly_usable,Alzheimer's disease,yes,Neurodegenerative disease,,yes
99132283,P173841,/public/home2/nodecw_group/HUASHAN_Imaging_Data/MR/P173841/qsm_tra_0.8mm_QSM_P173841.nii,/public/home2/nodecw_group/HUASHAN_Imaging_Data/MR/P173841/t1_gre_fsp_3d_sag_iso_P173841.nii,/public/home2/nodecw_group/HUASHAN_Imaging_Data/MR/P173841/qsm_tra_0.8mm_SWI_P173841_e12.4.nii,HUASHAN_Imaging_Data,184,0.8,147.2,4,A_directly_usable,Alzheimer's disease,yes,Neurodegenerative disease,,yes
99132728,P173892,/public/home2/nodecw_group/HUASHAN_Imaging_Data/MR/P173892/qsm_tra_0.8mm_QSM_P173892.nii,/public/home2/nodecw_group/HUASHAN_Imaging_Data/MR/P173892/t1_gre_fsp_3d_sag_iso_P173892.nii,/public/home2/nodecw_group/HUASHAN_Imaging_Data/MR/P173892/qsm_tra_0.8mm_SWI_P173892_e12.4.nii,HUASHAN_Imaging_Data,184,0.8,147.2,4,A_directly_usable,Alzheimer's disease,yes,Neurodegenerative disease,,yes
99133104,P174372,/public/home2/nodecw_group/HUASHAN_Imaging_Data/MR/P174372/qsm_tra_0.8mm_QSM_P174372.nii,/public/home2/nodecw_group/HUASHAN_Imaging_Data/MR/P174372/t1_gre_fsp_3d_sag_iso_P174372.nii,/public/home2/nodecw_group/HUASHAN_Imaging_Data/MR/P174372/qsm_tra_0.8mm_SWI_P174372_e12.4.nii,HUASHAN_Imaging_Data,180,0.8,144.0,4,A_directly_usable,Alzheimer's disease,yes,Neurodegenerative disease,,yes
99133448,00455850,/public/home2/nodecw_group/HUASHAN_Imaging_Data_5/MR/00455850/00455850_qsm_tra111_QSM.nii,/public/home2/nodecw_group/HUASHAN_Imaging_Data_5/MR/00455850/00455850_t1_iso1mm_A.nii,/public/home2/nodecw_group/HUASHAN_Imaging_Data_5/MR/00455850/00455850_qsm_tra111_SWI_e1.nii,HUASHAN_Imaging_Data_5,130,0.9,117.0,3,A_directly_usable,Alzheimer's disease,yes,Neurodegenerative disease,,yes
99133448,P174371-2,/public/home2/nodecw_group/HUASHAN_Imaging_Data_2/MR/P174371-2/qsm_tra_0.8mm_QSM_P174371-2.nii,/public/home2/nodecw_group/HUASHAN_Imaging_Data_2/MR/P174371-2/t1_gre_fsp_3d_sag_iso_P174371-2.nii,/public/home2/nodecw_group/HUASHAN_Imaging_Data_2/MR/P174371-2/qsm_tra_0.8mm_SWI_P174371-2_e12.4.nii,HUASHAN_Imaging_Data_2,180,0.8,144.0,3,A_directly_usable,Alzheimer's disease,yes,Neurodegenerative disease,QSM slice counts differ across copies; selected the copy with the highest slice count.,yes
99135138,P175278,/public/home2/nodecw_group/HUASHAN_Imaging_Data/MR/P175278/qsm_tra_0.8mm_QSM_P175278.nii,/public/home2/nodecw_group/HUASHAN_Imaging_Data/MR/P175278/t1_gre_fsp_3d_sag_iso_P175278.nii,/public/home2/nodecw_group/HUASHAN_Imaging_Data/MR/P175278/qsm_tra_0.8mm_SWI_P175278_e12.4.nii,HUASHAN_Imaging_Data,180,0.8,144.0,4,A_directly_usable,Alzheimer's disease,yes,Neurodegenerative disease,QSM slice counts differ across copies; selected the copy with the highest slice count.,yes
99135600,P175344,/public/home2/nodecw_group/HUASHAN_Imaging_Data_2/MR/P175344/qsm_tra_0.8mm_QSM_P175344.nii,/public/home2/nodecw_group/HUASHAN_Imaging_Data_2/MR/P175344/t1_gre_fsp_3d_sag_iso_P175344.nii,/public/home2/nodecw_group/HUASHAN_Imaging_Data_2/MR/P175344/qsm_tra_0.8mm_SWI_P175344_e12.4.nii,HUASHAN_Imaging_Data_2,180,0.8,144.0,2,A_directly_usable,Alzheimer's disease,yes,Neurodegenerative disease,,yes
99135677,P175345,/public/home2/nodecw_group/HUASHAN_Imaging_Data/MR/P175345/qsm_tra_0.8mm_QSM_P175345.nii,/public/home2/nodecw_group/HUASHAN_Imaging_Data/MR/P175345/t1_gre_fsp_3d_sag_iso_P175345.nii,/public/home2/nodecw_group/HUASHAN_Imaging_Data/MR/P175345/qsm_tra_0.8mm_SWI_P175345_e12.4.nii,HUASHAN_Imaging_Data,180,0.8,144.0,4,A_directly_usable,Alzheimer's disease,yes,Neurodegenerative disease,QSM slice counts differ across copies; selected the copy with the highest slice count.,yes
99136037,P175736,/public/home2/nodecw_group/HUASHAN_Imaging_Data/MR/P175736/qsm_tra_0.8mm_QSM_P175736.nii,/public/home2/nodecw_group/HUASHAN_Imaging_Data/MR/P175736/t1_gre_fsp_3d_sag_iso_P175736.nii,/public/home2/nodecw_group/HUASHAN_Imaging_Data/MR/P175736/qsm_tra_0.8mm_SWI_P175736_e12.4.nii,HUASHAN_Imaging_Data,180,0.8,144.0,4,A_directly_usable,Alzheimer's disease,yes,Neurodegenerative disease,,yes
99136143,P175746,/public/home2/nodecw_group/HUASHAN_Imaging_Data_2/MR/P175746/qsm_tra_0.8mm_QSM_P175746.nii,/public/home2/nodecw_group/HUASHAN_Imaging_Data_2/MR/P175746/t1_gre_fsp_3d_sag_iso_P175746.nii,/public/home2/nodecw_group/HUASHAN_Imaging_Data_2/MR/P175746/qsm_tra_0.8mm_SWI_P175746_e12.4.nii,HUASHAN_Imaging_Data_2,180,0.8,144.0,2,A_directly_usable,Alzheimer's disease,no,Neurodegenerative disease,,yes
99136566,P175795,/public/home2/nodecw_group/HUASHAN_Imaging_Data/MR/P175795/qsm_tra_0.8mm_QSM_P175795.nii,/public/home2/nodecw_group/HUASHAN_Imaging_Data/MR/P175795/t1_gre_fsp_3d_sag_iso_P175795.nii,/public/home2/nodecw_group/HUASHAN_Imaging_Data/MR/P175795/qsm_tra_0.8mm_SWI_P175795_e12.4.nii,HUASHAN_Imaging_Data,180,0.8,143.5,4,A_directly_usable,Alzheimer's disease,yes,Neurodegenerative disease,,yes
99137518,P176161,/public/home2/nodecw_group/HUASHAN_Imaging_Data_2/MR/P176161/qsm_tra_0.8mm_QSM_P176161.nii,/public/home2/nodecw_group/HUASHAN_Imaging_Data_2/MR/P176161/t1_gre_fsp_3d_sag_iso_P176161.nii,/public/home2/nodecw_group/HUASHAN_Imaging_Data_2/MR/P176161/qsm_tra_0.8mm_SWI_P176161_e12.4.nii,HUASHAN_Imaging_Data_2,180,0.8,144.0,3,A_directly_usable,Alzheimer's disease,yes,Neurodegenerative disease,QSM slice counts differ across copies; selected the copy with the highest slice count.,yes
99138174,P176890,/public/home2/nodecw_group/HUASHAN_Imaging_Data/MR/P176890/qsm_tra_0.8mm_QSM_P176890.nii,/public/home2/nodecw_group/HUASHAN_Imaging_Data/MR/P176890/t1_gre_fsp_3d_sag_iso_P176890.nii,/public/home2/nodecw_group/HUASHAN_Imaging_Data/MR/P176890/qsm_tra_0.8mm_SWI_P176890_e12.4.nii,HUASHAN_Imaging_Data,180,0.8,144.0,4,A_directly_usable,Alzheimer's disease,yes,Neurodegenerative disease,,yes
99139285,P177084,/public/home2/nodecw_group/HUASHAN_Imaging_Data/MR/P177084/qsm_tra_0.8mm_QSM_P177084.nii,/public/home2/nodecw_group/HUASHAN_Imaging_Data/MR/P177084/t1_gre_fsp_3d_sag_iso_P177084.nii,/public/home2/nodecw_group/HUASHAN_Imaging_Data/MR/P177084/qsm_tra_0.8mm_SWI_P177084_e12.4.nii,HUASHAN_Imaging_Data,180,0.8,144.0,4,A_directly_usable,Alzheimer's disease,yes,Neurodegenerative disease,,yes
99139593,P177160,/public/home2/nodecw_group/HUASHAN_Imaging_Data_2/MR/P177160/qsm_tra_0.8mm_QSM_P177160a.nii,/public/home2/nodecw_group/HUASHAN_Imaging_Data_2/MR/P177160/t1_gre_fsp_3d_sag_iso_P177160a.nii,/public/home2/nodecw_group/HUASHAN_Imaging_Data_2/MR/P177160/qsm_tra_0.8mm_SWI_P177160_e12.4.nii,HUASHAN_Imaging_Data_2,180,0.8,144.0,3,A_directly_usable,Alzheimer's disease,no,Neurodegenerative disease,QSM slice counts differ across copies; selected the copy with the highest slice count.,yes
99139822,P177172,/public/home2/nodecw_group/HUASHAN_Imaging_Data_2/MR/P177172/qsm_tra_0.8mm_QSM_P177172.nii,/public/home2/nodecw_group/HUASHAN_Imaging_Data_2/MR/P177172/t1_gre_fsp_3d_sag_iso_P177172.nii,/public/home2/nodecw_group/HUASHAN_Imaging_Data_2/MR/P177172/qsm_tra_0.8mm_SWI_P177172_e12.4.nii,HUASHAN_Imaging_Data_2,180,0.8,144.0,4,A_directly_usable,Alzheimer's disease,yes,Neurodegenerative disease,,yes
99140716,P177751,/public/home2/nodecw_group/HUASHAN_Imaging_Data_2/MR/P177751/qsm_tra_0.8mm_QSM_P177751.nii,/public/home2/nodecw_group/HUASHAN_Imaging_Data_2/MR/P177751/t1_gre_fsp_3d_sag_iso_P177751.nii,/public/home2/nodecw_group/HUASHAN_Imaging_Data_2/MR/P177751/qsm_tra_0.8mm_SWI_P177751_e1.nii,HUASHAN_Imaging_Data_2,180,0.8,144.0,3,A_directly_usable,Alzheimer's disease,no,Neurodegenerative disease,QSM slice counts differ across copies; selected the copy with the highest slice count.,yes
99140927,P177768,/public/home2/nodecw_group/HUASHAN_Imaging_Data_2/MR/P177768/qsm_tra_0.8mm_QSM_P177768.nii,/public/home2/nodecw_group/HUASHAN_Imaging_Data_2/MR/P177768/t1_gre_fsp_3d_sag_iso_P177768.nii,/public/home2/nodecw_group/HUASHAN_Imaging_Data_2/MR/P177768/qsm_tra_0.8mm_SWI_P177768_e1.nii,HUASHAN_Imaging_Data_2,180,0.8,144.0,3,A_directly_usable,Alzheimer's disease,yes,Neurodegenerative disease,QSM slice counts differ across copies; selected the copy with the highest slice count.,yes
99140951,P177752,/public/home2/nodecw_group/HUASHAN_Imaging_Data_2/MR/P177752/qsm_tra_0.8mm_QSM_P177752.nii,/public/home2/nodecw_group/HUASHAN_Imaging_Data_2/MR/P177752/t1_gre_fsp_3d_sag_iso_P177752.nii,/public/home2/nodecw_group/HUASHAN_Imaging_Data_2/MR/P177752/qsm_tra_0.8mm_SWI_P177752_e1.nii,HUASHAN_Imaging_Data_2,180,0.8,144.0,3,A_directly_usable,Alzheimer's disease,yes,Neurodegenerative disease,QSM slice counts differ across copies; selected the copy with the highest slice count.,yes
99141094,P177769,/public/home2/nodecw_group/HUASHAN_Imaging_Data_2/MR/P177769/qsm_tra_0.8mm_QSM_P177769.nii,/public/home2/nodecw_group/HUASHAN_Imaging_Data_2/MR/P177769/t1_gre_fsp_3d_sag_iso_P177769.nii,/public/home2/nodecw_group/HUASHAN_Imaging_Data_2/MR/P177769/qsm_tra_0.8mm_SWI_P177769_e1.nii,HUASHAN_Imaging_Data_2,180,0.8,143.8,4,A_directly_usable,Alzheimer's disease,no,Neurodegenerative disease,,yes
99141791,P178232,/public/home2/nodecw_group/HUASHAN_Imaging_Data_2/MR/P178232/qsm_tra_0.8mm_QSM_P178232.nii,/public/home2/nodecw_group/HUASHAN_Imaging_Data_2/MR/P178232/t1_gre_fsp_3d_sag_iso_P178232.nii,/public/home2/nodecw_group/HUASHAN_Imaging_Data_2/MR/P178232/qsm_tra_0.8mm_SWI_P178232_e1.nii,HUASHAN_Imaging_Data_2,180,0.8,144.0,4,A_directly_usable,Alzheimer's disease,no,Neurodegenerative disease,,yes
99141952,P178268,/public/home2/nodecw_group/HUASHAN_Imaging_Data_2/MR/P178268/qsm_tra_0.8mm_QSM_P178268a.nii,/public/home2/nodecw_group/HUASHAN_Imaging_Data_2/MR/P178268/t1_gre_fsp_3d_sag_iso_P178268.nii,/public/home2/nodecw_group/HUASHAN_Imaging_Data_2/MR/P178268/qsm_tra_0.8mm_SWI_P178268_e1.nii,HUASHAN_Imaging_Data_2,180,0.8,144.0,2,A_directly_usable,Alzheimer's disease,yes,Neurodegenerative disease,,yes
99142797,P178901,/public/home2/nodecw_group/HUASHAN_Imaging_Data_2/MR/P178901/qsm_tra_0.8mm_QSM_P178901.nii,/public/home2/nodecw_group/HUASHAN_Imaging_Data_2/MR/P178901/t1_gre_fsp_3d_sag_iso_P178901.nii,/public/home2/nodecw_group/HUASHAN_Imaging_Data_2/MR/P178901/qsm_tra_0.8mm_SWI_P178901_e1.nii,HUASHAN_Imaging_Data_2,180,0.8,144.0,3,A_directly_usable,Alzheimer's disease,yes,Neurodegenerative disease,,yes
99145241,P179896,/public/home2/nodecw_group/HUASHAN_Imaging_Data/MR/P179896/qsm_tra_iso1.0mm_QSM_P179896.nii,/public/home2/nodecw_group/HUASHAN_Imaging_Data/MR/P179896/t1_gre_fsp_3d_sag_iso_P179896.nii,/public/home2/nodecw_group/HUASHAN_Imaging_Data/MR/P179896/qsm_tra_iso1.0mm_SWI_P179896_e1.nii,HUASHAN_Imaging_Data,118,1.0,118.0,4,A_directly_usable,Alzheimer's disease,yes,Neurodegenerative disease,,yes
99145898,P180334,/public/home2/nodecw_group/HUASHAN_Imaging_Data_2/MR/P180334/qsm_tra_iso1.0mm_QSM_P180334.nii,/public/home2/nodecw_group/HUASHAN_Imaging_Data_2/MR/P180334/t1_gre_fsp_3d_sag_iso_P180334.nii,/public/home2/nodecw_group/HUASHAN_Imaging_Data_2/MR/P180334/qsm_tra_iso1.0mm_SWI_P180334_e1.nii,HUASHAN_Imaging_Data_2,130,1.0,130.0,2,A_directly_usable,Alzheimer's disease,no,Neurodegenerative disease,,yes
99145980,P180332,/public/home2/nodecw_group/HUASHAN_Imaging_Data_2/MR/P180332/qsm_tra_iso1.0mm_QSM_P180332.nii,/public/home2/nodecw_group/HUASHAN_Imaging_Data_2/MR/P180332/t1_gre_fsp_3d_sag_iso_P180332.nii,/public/home2/nodecw_group/HUASHAN_Imaging_Data_2/MR/P180332/qsm_tra_iso1.0mm_SWI_P180332_e1.nii,HUASHAN_Imaging_Data_2,126,1.0,126.0,4,A_directly_usable,Alzheimer's disease,yes,Neurodegenerative disease,,yes
99146183,P180708,/public/home2/nodecw_group/HUASHAN_Imaging_Data/MR/P180708/qsm_tra_iso1.0mm_QSM_P180708.nii,/public/home2/nodecw_group/HUASHAN_Imaging_Data/MR/P180708/t1_gre_fsp_3d_sag_iso_P180708.nii,/public/home2/nodecw_group/HUASHAN_Imaging_Data/MR/P180708/qsm_tra_iso1.0mm_SWI_P180708_e1.nii,HUASHAN_Imaging_Data,136,1.0,136.0,3,A_directly_usable,Alzheimer's disease,yes,Neurodegenerative disease,,yes
99146779,P180856,/public/home2/nodecw_group/HUASHAN_Imaging_Data/MR/P180856/qsm_tra_iso1.0mm_QSM_P180856.nii,/public/home2/nodecw_group/HUASHAN_Imaging_Data/MR/P180856/t1_gre_fsp_3d_sag_iso_P180856.nii,/public/home2/nodecw_group/HUASHAN_Imaging_Data/MR/P180856/qsm_tra_iso1.0mm_SWI_P180856_e1.nii,HUASHAN_Imaging_Data,128,1.0,128.0,3,A_directly_usable,Alzheimer's disease,yes,Neurodegenerative disease,,yes
99146873,P180861,/public/home2/nodecw_group/HUASHAN_Imaging_Data_2/MR/P180861/qsm_tra_iso1.0mm_QSM_P180861.nii,/public/home2/nodecw_group/HUASHAN_Imaging_Data_2/MR/P180861/t1_gre_fsp_3d_sag_iso_P180861.nii,/public/home2/nodecw_group/HUASHAN_Imaging_Data_2/MR/P180861/qsm_tra_iso1.0mm_SWI_P180861_e1.nii,HUASHAN_Imaging_Data_2,130,1.0,130.0,3,A_directly_usable,Alzheimer's disease,yes,Neurodegenerative disease,QSM slice counts differ across copies; selected the copy with the highest slice count.,yes
99147103,P180912,/public/home2/nodecw_group/HUASHAN_Imaging_Data_2/MR/P180912/qsm_tra_iso1.0mm_QSM_P180912.nii,/public/home2/nodecw_group/HUASHAN_Imaging_Data_2/MR/P180912/t1_gre_fsp_3d_sag_iso_P180912.nii,/public/home2/nodecw_group/HUASHAN_Imaging_Data_2/MR/P180912/qsm_tra_iso1.0mm_SWI_P180912_e1.nii,HUASHAN_Imaging_Data_2,130,1.0,130.0,2,A_directly_usable,Alzheimer's disease,yes,Neurodegenerative disease,QSM slice counts differ across copies; selected the copy with the highest slice count.,yes
99150165,00530422,/public/home2/nodecw_group/HUASHAN_Imaging_Data_5/MR/00530422/00530422_qsm_tra111_QSM.nii,/public/home2/nodecw_group/HUASHAN_Imaging_Data_5/MR/00530422/00530422_t1_iso1mm_A.nii,/public/home2/nodecw_group/HUASHAN_Imaging_Data_5/MR/00530422/00530422_qsm_tra111_SWI_e1.nii,HUASHAN_Imaging_Data_5,130,0.99,128.3,4,A_directly_usable,Alzheimer's disease,no,Neurodegenerative disease,,yes
99154012,P184458,/public/home2/nodecw_group/HUASHAN_Imaging_Data_4/MR/P184458/P184458_qsm_tra_iso1.0mm_QSM.nii,/public/home2/nodecw_group/HUASHAN_Imaging_Data_4/MR/P184458/P184458_t1_gre_fsp_3d_sag_iso.nii,/public/home2/nodecw_group/HUASHAN_Imaging_Data_4/MR/P184458/P184458_qsm_tra_iso1.0mm_SWI_e1.nii,HUASHAN_Imaging_Data_4,110,1.0,110.0,2,A_directly_usable,Alzheimer's disease,yes,Neurodegenerative disease,,yes
99154148,P184384,/public/home2/nodecw_group/HUASHAN_Imaging_Data_4/MR/P184384/P184384_qsm_tra_iso1.0mm_QSM_Eq_1.nii,/public/home2/nodecw_group/HUASHAN_Imaging_Data_4/MR/P184384/P184384_t1_gre_fsp_3d_sag_iso.nii,/public/home2/nodecw_group/HUASHAN_Imaging_Data_4/MR/P184384/P184384_qsm_tra_iso1.0mm_SWI_e1.nii,HUASHAN_Imaging_Data_4,129,1.0,129.0,2,A_directly_usable,Alzheimer's disease,yes,Neurodegenerative disease,,yes
99154148,P184384-3,/public/home2/nodecw_group/HUASHAN_Imaging_Data_7/MR/P184384-3/P184384-3_qsm_tra_iso1.0mm_QSM.nii,/public/home2/nodecw_group/HUASHAN_Imaging_Data_7/MR/P184384-3/P184384-3_t1_gre_fsp_3d_sag_iso.nii,/public/home2/nodecw_group/HUASHAN_Imaging_Data_7/MR/P184384-3/P184384-3_qsm_tra_iso1.0mm_SWI_e1.nii,HUASHAN_Imaging_Data_7,118,1.0,118.0,2,A_directly_usable,Alzheimer's disease,yes,Neurodegenerative disease,,yes
99154545,P184713-4,/public/home2/nodecw_group/HUASHAN_Imaging_Data_7/MR/P184713-4/P184713-4_qsm_tra_iso1.0mm_QSM.nii,/public/home2/nodecw_group/HUASHAN_Imaging_Data_7/MR/P184713-4/P184713-4_t1_gre_fsp_3d_sag_iso.nii,/public/home2/nodecw_group/HUASHAN_Imaging_Data_7/MR/P184713-4/P184713-4_qsm_tra_iso1.0mm_SWI_e1.nii,HUASHAN_Imaging_Data_7,118,1.0,118.0,2,A_directly_usable,Alzheimer's disease,yes,Neurodegenerative disease,,yes
99154909,00539849,/public/home2/nodecw_group/HUASHAN_Imaging_Data_5/MR/00539849/00539849_qsm_tra111_QSM.nii,/public/home2/nodecw_group/HUASHAN_Imaging_Data_5/MR/00539849/00539849_t1_fsp_3d_sag_iso1.nii,/public/home2/nodecw_group/HUASHAN_Imaging_Data_5/MR/00539849/00539849_qsm_tra111_SWI_e1.nii,HUASHAN_Imaging_Data_5,130,0.99,129.0,3,A_directly_usable,Alzheimer's disease,yes,Neurodegenerative disease,,yes
99157143,P186211-3,/public/home2/nodecw_group/HUASHAN_Imaging_Data_8/MR/P186211-3/P186211-3_qsm_tra_iso1.0mm_QSM.nii,/public/home2/nodecw_group/HUASHAN_Imaging_Data_8/MR/P186211-3/P186211-3_t1_gre_fsp_3d_sag_iso.nii,/public/home2/nodecw_group/HUASHAN_Imaging_Data_8/MR/P186211-3/P186211-3_qsm_tra_iso1.0mm_SWI_e1.nii,HUASHAN_Imaging_Data_8,118,0.97,114.3,1,A_directly_usable,Alzheimer's disease,yes,Neurodegenerative disease,,yes
99157886,P196837,/public/home2/nodecw_group/HUASHAN_Imaging_Data_7/MR/P196837/P196837_qsm_tra_iso1.0mm_QSM.nii,/public/home2/nodecw_group/HUASHAN_Imaging_Data_7/MR/P196837/P196837_t1_gre_fsp_3d_sag_iso.nii,/public/home2/nodecw_group/HUASHAN_Imaging_Data_7/MR/P196837/P196837_qsm_tra_iso1.0mm_SWI_e1.nii,HUASHAN_Imaging_Data_7,130,1.0,130.0,2,A_directly_usable,Alzheimer's disease,yes,Neurodegenerative disease,,yes
99158694,P186907,/public/home2/nodecw_group/HUASHAN_Imaging_Data_3/MR/P186907/P186907_qsm_tra_iso1.0mm_QSM.nii,/public/home2/nodecw_group/HUASHAN_Imaging_Data_3/MR/P186907/P186907_t1_gre_fsp_3d_sag_iso.nii,/public/home2/nodecw_group/HUASHAN_Imaging_Data_3/MR/P186907/P186907_qsm_tra_iso1.0mm_SWI_e1.nii,HUASHAN_Imaging_Data_3,136,1.0,136.0,3,A_directly_usable,Alzheimer's disease,yes,Neurodegenerative disease,,yes
99160186,P187555,/public/home2/nodecw_group/HUASHAN_Imaging_Data_4/MR/P187555/P187555_qsm_tra_iso1.0mm_QSM_Eq_1.nii,/public/home2/nodecw_group/HUASHAN_Imaging_Data_4/MR/P187555/P187555_t1_gre_fsp_3d_sag_iso.nii,/public/home2/nodecw_group/HUASHAN_Imaging_Data_4/MR/P187555/P187555_qsm_tra_iso1.0mm_SWI_e1.nii,HUASHAN_Imaging_Data_4,137,1.0,137.0,2,A_directly_usable,Alzheimer's disease,yes,Neurodegenerative disease,,yes
99161195,P188096,/public/home2/nodecw_group/HUASHAN_Imaging_Data_4/MR/P188096/P188096_qsm_tra_iso1.0mm_QSM_Eq_1.nii,/public/home2/nodecw_group/HUASHAN_Imaging_Data_4/MR/P188096/P188096_t1_gre_fsp_3d_sag_iso.nii,/public/home2/nodecw_group/HUASHAN_Imaging_Data_4/MR/P188096/P188096_qsm_tra_iso1.0mm_SWI_e1.nii,HUASHAN_Imaging_Data_4,117,1.0,117.0,2,A_directly_usable,Alzheimer's disease,yes,Neurodegenerative disease,,yes
99161989,P188688,/public/home2/nodecw_group/HUASHAN_Imaging_Data_11/MR/P188688/P188688_qsm_tra_iso1.0mm_QSM_Eq_1.nii,/public/home2/nodecw_group/HUASHAN_Imaging_Data_11/MR/P188688/P188688_t1_gre_fsp_3d_sag_iso.nii,/public/home2/nodecw_group/HUASHAN_Imaging_Data_11/MR/P188688/P188688_qsm_tra_iso1.0mm_SWI_e1.nii,HUASHAN_Imaging_Data_11,137,1.0,137.0,2,A_directly_usable,Alzheimer's disease,yes,Neurodegenerative disease,,yes
99163033,P189064,/public/home2/nodecw_group/HUASHAN_Imaging_Data_7/MR/P189064/P189064_qsm_tra_iso1.0mm_QSM.nii,/public/home2/nodecw_group/HUASHAN_Imaging_Data_7/MR/P189064/P189064_t1_gre_fsp_3d_sag_iso.nii,/public/home2/nodecw_group/HUASHAN_Imaging_Data_7/MR/P189064/P189064_qsm_tra_iso1.0mm_SWI_e1.nii,HUASHAN_Imaging_Data_7,118,0.96,113.3,2,A_directly_usable,Alzheimer's disease,yes,Neurodegenerative disease,,yes
99163036,P189081-3,/public/home2/nodecw_group/HUASHAN_Imaging_Data_7/MR/P189081-3/P189081-3_qsm_tra_iso1.0mm_QSM.nii,/public/home2/nodecw_group/HUASHAN_Imaging_Data_7/MR/P189081-3/P189081-3_t1_gre_fsp_3d_sag_iso.nii,/public/home2/nodecw_group/HUASHAN_Imaging_Data_7/MR/P189081-3/P189081-3_qsm_tra_iso1.0mm_SWI_e1.nii,HUASHAN_Imaging_Data_7,118,0.97,114.1,2,A_directly_usable,Alzheimer's disease,yes,Neurodegenerative disease,,yes
99163108,P189157,/public/home2/nodecw_group/HUASHAN_Imaging_Data_7/MR/P189157/P189157_qsm_tra_iso1.0mm_QSM.nii,/public/home2/nodecw_group/HUASHAN_Imaging_Data_7/MR/P189157/P189157_t1_gre_fsp_3d_sag_iso.nii,/public/home2/nodecw_group/HUASHAN_Imaging_Data_7/MR/P189157/P189157_qsm_tra_iso1.0mm_SWI_e1.nii,HUASHAN_Imaging_Data_7,138,1.0,138.0,2,A_directly_usable,Alzheimer's disease,no,Neurodegenerative disease,,yes
99163689,P189331,/public/home2/nodecw_group/HUASHAN_Imaging_Data_7/MR/P189331/P189331_qsm_tra_iso1.0mm_QSM.nii,/public/home2/nodecw_group/HUASHAN_Imaging_Data_7/MR/P189331/P189331_t1_gre_fsp_3d_sag_iso.nii,/public/home2/nodecw_group/HUASHAN_Imaging_Data_7/MR/P189331/P189331_qsm_tra_iso1.0mm_SWI_e1.nii,HUASHAN_Imaging_Data_7,118,1.0,118.0,2,A_directly_usable,Alzheimer's disease,yes,Neurodegenerative disease,,yes
99163696,P189385,/public/home2/nodecw_group/HUASHAN_Imaging_Data_7/MR/P189385/P189385_qsm_tra_iso1.0mm_QSM.nii,/public/home2/nodecw_group/HUASHAN_Imaging_Data_7/MR/P189385/P189385_t1_gre_fsp_3d_sag_iso.nii,/public/home2/nodecw_group/HUASHAN_Imaging_Data_7/MR/P189385/P189385_qsm_tra_iso1.0mm_SWI_e1.nii,HUASHAN_Imaging_Data_7,118,1.0,118.0,2,A_directly_usable,Alzheimer's disease,yes,Neurodegenerative disease,,yes
99163869,P189426,/public/home2/nodecw_group/HUASHAN_Imaging_Data_7/MR/P189426/P189426_qsm_tra_iso1.0mm_QSM.nii,/public/home2/nodecw_group/HUASHAN_Imaging_Data_7/MR/P189426/P189426_t1_gre_fsp_3d_sag_iso.nii,/public/home2/nodecw_group/HUASHAN_Imaging_Data_7/MR/P189426/P189426_qsm_tra_iso1.0mm_SWI_e1.nii,HUASHAN_Imaging_Data_7,118,1.0,118.0,2,A_directly_usable,Alzheimer's disease,yes,Neurodegenerative disease,,yes
99164118,P188156,/public/home2/nodecw_group/HUASHAN_Imaging_Data_10/MR/P188156/P188156_qsm_tra_iso1.0mm_QSM.nii,/public/home2/nodecw_group/HUASHAN_Imaging_Data_10/MR/P188156/P188156_t1_gre_fsp_3d_sag_iso.nii,/public/home2/nodecw_group/HUASHAN_Imaging_Data_10/MR/P188156/P188156_qsm_tra_iso1.0mm_SWI_e1.nii,HUASHAN_Imaging_Data_10,126,1.0,126.0,3,A_directly_usable,Alzheimer's disease,yes,Neurodegenerative disease,,yes
99164118,P188156-3,/public/home2/nodecw_group/HUASHAN_Imaging_Data_7/MR/P188156-3/P188156-3_qsm_tra_iso1.0mm_QSM.nii,/public/home2/nodecw_group/HUASHAN_Imaging_Data_7/MR/P188156-3/P188156-3_t1_gre_fsp_3d_sag_iso.nii,/public/home2/nodecw_group/HUASHAN_Imaging_Data_7/MR/P188156-3/P188156-3_qsm_tra_iso1.0mm_SWI_e1.nii,HUASHAN_Imaging_Data_7,118,0.85,100.5,2,A_directly_usable,Alzheimer's disease,yes,Neurodegenerative disease,,yes
99164283,P189448,/public/home2/nodecw_group/HUASHAN_Imaging_Data_7/MR/P189448/P189448_qsm_tra_iso1.0mm_QSM.nii,/public/home2/nodecw_group/HUASHAN_Imaging_Data_7/MR/P189448/P189448_t1_gre_fsp_3d_sag_iso.nii,/public/home2/nodecw_group/HUASHAN_Imaging_Data_7/MR/P189448/P189448_qsm_tra_iso1.0mm_SWI_e1.nii,HUASHAN_Imaging_Data_7,118,1.0,118.0,2,A_directly_usable,Alzheimer's disease,yes,Neurodegenerative disease,,yes
99164293,P186242-4,/public/home2/nodecw_group/HUASHAN_Imaging_Data_7/MR/P186242-4/P186242-4_qsm_tra_0.8mm_QSM.nii,/public/home2/nodecw_group/HUASHAN_Imaging_Data_7/MR/P186242-4/P186242-4_t1_gre_fsp_3d_sag_iso.nii,/public/home2/nodecw_group/HUASHAN_Imaging_Data_7/MR/P186242-4/P186242-4_qsm_tra_0.8mm_SWI_e1.nii,HUASHAN_Imaging_Data_7,152,0.8,121.6,2,A_directly_usable,Alzheimer's disease,yes,Neurodegenerative disease,,yes
99164341,P189472,/public/home2/nodecw_group/HUASHAN_Imaging_Data_7/MR/P189472/P189472_qsm_tra_iso1.0mm_QSM.nii,/public/home2/nodecw_group/HUASHAN_Imaging_Data_7/MR/P189472/P189472_t1_gre_fsp_3d_sag_iso.nii,/public/home2/nodecw_group/HUASHAN_Imaging_Data_7/MR/P189472/P189472_qsm_tra_iso1.0mm_SWI_e1.nii,HUASHAN_Imaging_Data_7,118,1.0,118.0,2,A_directly_usable,Alzheimer's disease,yes,Neurodegenerative disease,,yes
99164816,P190135,/public/home2/nodecw_group/HUASHAN_Imaging_Data_7/MR/P190135/P190135_qsm_tra_iso1.0mm_QSM.nii,/public/home2/nodecw_group/HUASHAN_Imaging_Data_7/MR/P190135/P190135_t1_gre_fsp_3d_sag_iso.nii,/public/home2/nodecw_group/HUASHAN_Imaging_Data_7/MR/P190135/P190135_qsm_tra_iso1.0mm_SWI_e1.nii,HUASHAN_Imaging_Data_7,118,1.0,118.0,2,A_directly_usable,Alzheimer's disease,yes,Neurodegenerative disease,,yes
99164929,P190108,/public/home2/nodecw_group/HUASHAN_Imaging_Data_7/MR/P190108/P190108_qsm_tra_iso1.0mm_QSM.nii,/public/home2/nodecw_group/HUASHAN_Imaging_Data_7/MR/P190108/P190108_t1_gre_fsp_3d_sag_iso.nii,/public/home2/nodecw_group/HUASHAN_Imaging_Data_7/MR/P190108/P190108_qsm_tra_iso1.0mm_SWI_e1.nii,HUASHAN_Imaging_Data_7,140,1.0,140.0,2,A_directly_usable,Alzheimer's disease,no,Neurodegenerative disease,,yes
99165014,P190132-3,/public/home2/nodecw_group/HUASHAN_Imaging_Data_7/MR/P190132-3/P190132-3_qsm_tra_iso1.0mm_QSM.nii,/public/home2/nodecw_group/HUASHAN_Imaging_Data_7/MR/P190132-3/P190132-3_t1_gre_fsp_3d_sag_iso.nii,/public/home2/nodecw_group/HUASHAN_Imaging_Data_7/MR/P190132-3/P190132-3_qsm_tra_iso1.0mm_SWI_e1.nii,HUASHAN_Imaging_Data_7,118,1.0,118.0,2,A_directly_usable,Alzheimer's disease,yes,Neurodegenerative disease,,yes
99165110,P190420,/public/home2/nodecw_group/HUASHAN_Imaging_Data_7/MR/P190420/P190420_qsm_tra_iso1.0mm_QSM.nii,/public/home2/nodecw_group/HUASHAN_Imaging_Data_7/MR/P190420/P190420_t1_gre_fsp_3d_sag_iso.nii,/public/home2/nodecw_group/HUASHAN_Imaging_Data_7/MR/P190420/P190420_qsm_tra_iso1.0mm_SWI_e1.nii,HUASHAN_Imaging_Data_7,118,1.0,118.0,2,A_directly_usable,Alzheimer's disease,yes,Neurodegenerative disease,,yes
99165143,P190183,/public/home2/nodecw_group/HUASHAN_Imaging_Data_10/MR/P190183/P190183_qsm_tra_iso1.0mm_QSM.nii,/public/home2/nodecw_group/HUASHAN_Imaging_Data_10/MR/P190183/P190183_t1_gre_fsp_3d_sag_iso.nii,/public/home2/nodecw_group/HUASHAN_Imaging_Data_10/MR/P190183/P190183_qsm_tra_iso1.0mm_SWI_e1.nii,HUASHAN_Imaging_Data_10,122,1.0,122.0,3,A_directly_usable,Alzheimer's disease,yes,Neurodegenerative disease,,yes
99165143,P190183-3,/public/home2/nodecw_group/HUASHAN_Imaging_Data_7/MR/P190183-3/P190183-3_qsm_tra_iso1.0mm_QSM.nii,/public/home2/nodecw_group/HUASHAN_Imaging_Data_7/MR/P190183-3/P190183-3_t1_gre_fsp_3d_sag_iso.nii,/public/home2/nodecw_group/HUASHAN_Imaging_Data_7/MR/P190183-3/P190183-3_qsm_tra_iso1.0mm_SWI_e1.nii,HUASHAN_Imaging_Data_7,118,0.97,114.4,2,A_directly_usable,Alzheimer's disease,yes,Neurodegenerative disease,,yes
99165502,P190359,/public/home2/nodecw_group/HUASHAN_Imaging_Data_7/MR/P190359/P190359_qsm_tra_iso1.0mm_QSM.nii,/public/home2/nodecw_group/HUASHAN_Imaging_Data_7/MR/P190359/P190359_t1_gre_fsp_3d_sag_iso.nii,/public/home2/nodecw_group/HUASHAN_Imaging_Data_7/MR/P190359/P190359_qsm_tra_iso1.0mm_SWI_e1.nii,HUASHAN_Imaging_Data_7,144,1.0,144.0,2,A_directly_usable,Alzheimer's disease,yes,Neurodegenerative disease,,yes
99166048,P190471,/public/home2/nodecw_group/HUASHAN_Imaging_Data_7/MR/P190471/P190471_qsm_tra_iso1.0mm_QSM.nii,/public/home2/nodecw_group/HUASHAN_Imaging_Data_7/MR/P190471/P190471_t1_gre_fsp_3d_sag_iso.nii,/public/home2/nodecw_group/HUASHAN_Imaging_Data_7/MR/P190471/P190471_qsm_tra_iso1.0mm_SWI_e1.nii,HUASHAN_Imaging_Data_7,118,0.92,108.7,2,A_directly_usable,Alzheimer's disease,yes,Neurodegenerative disease,,yes
99166055,P177754-4,/public/home2/nodecw_group/HUASHAN_Imaging_Data_7/MR/P177754-4/P177754-4_qsm_tra_iso1.0mm_QSM.nii,/public/home2/nodecw_group/HUASHAN_Imaging_Data_7/MR/P177754-4/P177754-4_t1_gre_fsp_3d_sag_iso.nii,/public/home2/nodecw_group/HUASHAN_Imaging_Data_7/MR/P177754-4/P177754-4_qsm_tra_iso1.0mm_SWI_e1.nii,HUASHAN_Imaging_Data_7,130,1.0,130.0,3,A_directly_usable,Alzheimer's disease,yes,Neurodegenerative disease,,yes
99166335,P190864,/public/home2/nodecw_group/HUASHAN_Imaging_Data_4/MR/P190864/P190864_qsm_tra_iso1.0mm_QSM.nii,/public/home2/nodecw_group/HUASHAN_Imaging_Data_4/MR/P190864/P190864_t1_gre_fsp_3d_sag_iso.nii,/public/home2/nodecw_group/HUASHAN_Imaging_Data_4/MR/P190864/P190864_qsm_tra_iso1.0mm_SWI_e1.nii,HUASHAN_Imaging_Data_4,103,1.0,103.0,2,A_directly_usable,Alzheimer's disease,yes,Neurodegenerative disease,QSM slice counts differ across copies; selected the copy with the highest slice count.,yes
99167048,P191317,/public/home2/nodecw_group/HUASHAN_Imaging_Data_7/MR/P191317/P191317_qsm_tra_iso1.0mm_QSM.nii,/public/home2/nodecw_group/HUASHAN_Imaging_Data_7/MR/P191317/P191317_t1_gre_fsp_3d_sag_iso.nii,/public/home2/nodecw_group/HUASHAN_Imaging_Data_7/MR/P191317/P191317_qsm_tra_iso1.0mm_SWI_e1.nii,HUASHAN_Imaging_Data_7,138,1.0,138.0,2,A_directly_usable,Alzheimer's disease,yes,Neurodegenerative disease,,yes
99167535,P189330,/public/home2/nodecw_group/HUASHAN_Imaging_Data_10/MR/P189330/P189330_qsm_tra_iso1.0mm_QSM.nii,/public/home2/nodecw_group/HUASHAN_Imaging_Data_10/MR/P189330/P189330_t1_gre_fsp_3d_sag_iso.nii,/public/home2/nodecw_group/HUASHAN_Imaging_Data_10/MR/P189330/P189330_qsm_tra_iso1.0mm_SWI_e1.nii,HUASHAN_Imaging_Data_10,118,1.0,118.0,3,A_directly_usable,Alzheimer's disease,yes,Neurodegenerative disease,,yes
99167647,P191823,/public/home2/nodecw_group/HUASHAN_Imaging_Data_7/MR/P191823/P191823_qsm_tra_iso1.0mm_QSM.nii,/public/home2/nodecw_group/HUASHAN_Imaging_Data_7/MR/P191823/P191823_t1_gre_fsp_3d_sag_iso.nii,/public/home2/nodecw_group/HUASHAN_Imaging_Data_7/MR/P191823/P191823_qsm_tra_iso1.0mm_SWI_e1.nii,HUASHAN_Imaging_Data_7,118,1.0,118.0,2,A_directly_usable,Alzheimer's disease,yes,Neurodegenerative disease,,yes
99167954,P191845,/public/home2/nodecw_group/HUASHAN_Imaging_Data_4/MR/P191845/P191845_qsm_tra_iso1.0mm_QSM_Eq_1.nii,/public/home2/nodecw_group/HUASHAN_Imaging_Data_4/MR/P191845/P191845_t1_gre_fsp_3d_sag_iso.nii,/public/home2/nodecw_group/HUASHAN_Imaging_Data_4/MR/P191845/P191845_qsm_tra_iso1.0mm_SWI_e1.nii,HUASHAN_Imaging_Data_4,117,1.0,117.0,2,A_directly_usable,Alzheimer's disease,yes,Neurodegenerative disease,,yes
99168011,P191847,/public/home2/nodecw_group/HUASHAN_Imaging_Data_7/MR/P191847/P191847_qsm_tra_iso1.0mm_QSM.nii,/public/home2/nodecw_group/HUASHAN_Imaging_Data_7/MR/P191847/P191847_t1_gre_fsp_3d_sag_iso.nii,/public/home2/nodecw_group/HUASHAN_Imaging_Data_7/MR/P191847/P191847_qsm_tra_iso1.0mm_SWI_e1.nii,HUASHAN_Imaging_Data_7,124,1.0,124.0,2,A_directly_usable,Alzheimer's disease,yes,Neurodegenerative disease,,yes
99168147,P191926,/public/home2/nodecw_group/HUASHAN_Imaging_Data_10/MR/P191926/P191926_qsm_tra_iso1.0mm_QSM.nii,/public/home2/nodecw_group/HUASHAN_Imaging_Data_10/MR/P191926/P191926_t1_gre_fsp_3d_sag_iso.nii,/public/home2/nodecw_group/HUASHAN_Imaging_Data_10/MR/P191926/P191926_qsm_tra_iso1.0mm_SWI_e1.nii,HUASHAN_Imaging_Data_10,118,1.0,118.0,3,A_directly_usable,Alzheimer's disease,yes,Neurodegenerative disease,QSM slice counts differ across copies; selected the copy with the highest slice count.,yes
99168544,P188157,/public/home2/nodecw_group/HUASHAN_Imaging_Data_4/MR/P188157/P188157_qsm_tra_iso1.0mm_QSM.nii,/public/home2/nodecw_group/HUASHAN_Imaging_Data_4/MR/P188157/P188157_t1_gre_fsp_3d_sag_iso.nii,/public/home2/nodecw_group/HUASHAN_Imaging_Data_4/MR/P188157/P188157_qsm_tra_iso1.0mm_SWI_e1.nii,HUASHAN_Imaging_Data_4,106,1.0,106.0,2,A_directly_usable,Alzheimer's disease,no,Neurodegenerative disease,,yes
99169363,P192404-2,/public/home2/nodecw_group/HUASHAN_Imaging_Data_7/MR/P192404-2/P192404-2_qsm_tra_iso1.0mm_QSM.nii,/public/home2/nodecw_group/HUASHAN_Imaging_Data_7/MR/P192404-2/P192404-2_t1_gre_fsp_3d_sag_iso.nii,/public/home2/nodecw_group/HUASHAN_Imaging_Data_7/MR/P192404-2/P192404-2_qsm_tra_iso1.0mm_SWI_e1.nii,HUASHAN_Imaging_Data_7,130,1.0,130.0,2,A_directly_usable,Alzheimer's disease,yes,Neurodegenerative disease,,yes
99169366,P192398-2,/public/home2/nodecw_group/HUASHAN_Imaging_Data_7/MR/P192398-2/P192398-2_qsm_tra_iso1.0mm_QSM.nii,/public/home2/nodecw_group/HUASHAN_Imaging_Data_7/MR/P192398-2/P192398-2_t1_gre_fsp_3d_sag_iso.nii,/public/home2/nodecw_group/HUASHAN_Imaging_Data_7/MR/P192398-2/P192398-2_qsm_tra_iso1.0mm_SWI_e1.nii,HUASHAN_Imaging_Data_7,130,1.0,130.0,2,A_directly_usable,Alzheimer's disease,yes,Neurodegenerative disease,,yes
99169706,P192436,/public/home2/nodecw_group/HUASHAN_Imaging_Data_7/MR/P192436/P192436_qsm_tra_iso1.0mm_QSM.nii,/public/home2/nodecw_group/HUASHAN_Imaging_Data_7/MR/P192436/P192436_t1_gre_fsp_3d_sag_iso.nii,/public/home2/nodecw_group/HUASHAN_Imaging_Data_7/MR/P192436/P192436_qsm_tra_iso1.0mm_SWI_e1.nii,HUASHAN_Imaging_Data_7,130,1.0,130.0,2,A_directly_usable,Alzheimer's disease,yes,Neurodegenerative disease,,yes
99169864,P192434,/public/home2/nodecw_group/HUASHAN_Imaging_Data_7/MR/P192434/P192434_qsm_tra_iso1.0mm_QSM.nii,/public/home2/nodecw_group/HUASHAN_Imaging_Data_7/MR/P192434/P192434_t1_gre_fsp_3d_sag_iso.nii,/public/home2/nodecw_group/HUASHAN_Imaging_Data_7/MR/P192434/P192434_qsm_tra_iso1.0mm_SWI_e1.nii,HUASHAN_Imaging_Data_7,130,1.0,130.0,2,A_directly_usable,Alzheimer's disease,yes,Neurodegenerative disease,,yes
99170457,P193239-2,/public/home2/nodecw_group/HUASHAN_Imaging_Data_7/MR/P193239-2/P193239-2_qsm_tra_iso1.0mm_QSM.nii,/public/home2/nodecw_group/HUASHAN_Imaging_Data_7/MR/P193239-2/P193239-2_t1_gre_fsp_3d_sag_iso.nii,/public/home2/nodecw_group/HUASHAN_Imaging_Data_7/MR/P193239-2/P193239-2_qsm_tra_iso1.0mm_SWI_e1.nii,HUASHAN_Imaging_Data_7,118,1.0,118.0,2,A_directly_usable,Alzheimer's disease,yes,Neurodegenerative disease,,yes
99170956,P193287,/public/home2/nodecw_group/HUASHAN_Imaging_Data_7/MR/P193287/P193287_qsm_tra_iso1.0mm_QSM.nii,/public/home2/nodecw_group/HUASHAN_Imaging_Data_7/MR/P193287/P193287_t1_gre_fsp_3d_sag_iso.nii,/public/home2/nodecw_group/HUASHAN_Imaging_Data_7/MR/P193287/P193287_qsm_tra_iso1.0mm_SWI_e1.nii,HUASHAN_Imaging_Data_7,130,1.0,130.0,2,A_directly_usable,Alzheimer's disease,yes,Neurodegenerative disease,,yes
99171596,P193757,/public/home2/nodecw_group/HUASHAN_Imaging_Data_7/MR/P193757/P193757_qsm_tra_iso1.0mm_QSM.nii,/public/home2/nodecw_group/HUASHAN_Imaging_Data_7/MR/P193757/P193757_t1_gre_fsp_3d_sag_iso.nii,/public/home2/nodecw_group/HUASHAN_Imaging_Data_7/MR/P193757/P193757_qsm_tra_iso1.0mm_SWI_e1.nii,HUASHAN_Imaging_Data_7,136,1.0,136.0,2,A_directly_usable,Alzheimer's disease,yes,Neurodegenerative disease,,yes
99172107,P193845,/public/home2/nodecw_group/HUASHAN_Imaging_Data_7/MR/P193845/P193845_qsm_tra_iso1.0mm_QSM.nii,/public/home2/nodecw_group/HUASHAN_Imaging_Data_7/MR/P193845/P193845_t1_gre_fsp_3d_sag_iso.nii,/public/home2/nodecw_group/HUASHAN_Imaging_Data_7/MR/P193845/P193845_qsm_tra_iso1.0mm_SWI_e1.nii,HUASHAN_Imaging_Data_7,136,1.0,136.0,2,A_directly_usable,Alzheimer's disease,yes,Neurodegenerative disease,,yes
99172227,P193927,/public/home2/nodecw_group/HUASHAN_Imaging_Data_7/MR/P193927/P193927_qsm_tra_iso1.0mm_QSM.nii,/public/home2/nodecw_group/HUASHAN_Imaging_Data_7/MR/P193927/P193927_t1_gre_fsp_3d_sag_iso.nii,/public/home2/nodecw_group/HUASHAN_Imaging_Data_7/MR/P193927/P193927_qsm_tra_iso1.0mm_SWI_e1.nii,HUASHAN_Imaging_Data_7,118,1.0,118.0,2,A_directly_usable,Alzheimer's disease,yes,Neurodegenerative disease,,yes
99172565,P189153,/public/home2/nodecw_group/HUASHAN_Imaging_Data_4/MR/P189153/P189153_qsm_tra_iso1.0mm_QSM.nii,/public/home2/nodecw_group/HUASHAN_Imaging_Data_4/MR/P189153/P189153_t1_gre_fsp_3d_sag_iso.nii,/public/home2/nodecw_group/HUASHAN_Imaging_Data_4/MR/P189153/P189153_qsm_tra_iso1.0mm_SWI_e1.nii,HUASHAN_Imaging_Data_4,115,1.0,115.0,2,A_directly_usable,Alzheimer's disease,yes,Neurodegenerative disease,,yes
99172820,P194012,/public/home2/nodecw_group/HUASHAN_Imaging_Data_10/MR/P194012/P194012_qsm_tra_iso1.0mm_QSM.nii,/public/home2/nodecw_group/HUASHAN_Imaging_Data_10/MR/P194012/P194012_t1_gre_fsp_3d_sag_iso.nii,/public/home2/nodecw_group/HUASHAN_Imaging_Data_10/MR/P194012/P194012_qsm_tra_iso1.0mm_SWI_e1.nii,HUASHAN_Imaging_Data_10,118,0.98,115.1,2,A_directly_usable,Alzheimer's disease,yes,Neurodegenerative disease,,yes
99172826,P194010,/public/home2/nodecw_group/HUASHAN_Imaging_Data_7/MR/P194010/P194010_qsm_tra_iso1.0mm_QSM.nii,/public/home2/nodecw_group/HUASHAN_Imaging_Data_7/MR/P194010/P194010_t1_gre_fsp_3d_sag_iso.nii,/public/home2/nodecw_group/HUASHAN_Imaging_Data_7/MR/P194010/P194010_qsm_tra_iso1.0mm_SWI_e1.nii,HUASHAN_Imaging_Data_7,118,0.93,110.2,2,A_directly_usable,Alzheimer's disease,yes,Neurodegenerative disease,,yes
99173341,P194881,/public/home2/nodecw_group/HUASHAN_Imaging_Data_7/MR/P194881/P194881_qsm_tra_iso1.0mm_QSM.nii,/public/home2/nodecw_group/HUASHAN_Imaging_Data_7/MR/P194881/P194881_t1_gre_fsp_3d_sag_iso.nii,/public/home2/nodecw_group/HUASHAN_Imaging_Data_7/MR/P194881/P194881_qsm_tra_iso1.0mm_SWI_e1.nii,HUASHAN_Imaging_Data_7,130,1.0,130.0,2,A_directly_usable,Alzheimer's disease,yes,Neurodegenerative disease,,yes
99173376,P194848,/public/home2/nodecw_group/HUASHAN_Imaging_Data_7/MR/P194848/P194848_qsm_tra_iso1.0mm_QSM.nii,/public/home2/nodecw_group/HUASHAN_Imaging_Data_7/MR/P194848/P194848_t1_gre_fsp_3d_sag_iso.nii,/public/home2/nodecw_group/HUASHAN_Imaging_Data_7/MR/P194848/P194848_qsm_tra_iso1.0mm_SWI_e1.nii,HUASHAN_Imaging_Data_7,130,1.0,130.0,2,A_directly_usable,Alzheimer's disease,no,Neurodegenerative disease,,yes
99173451,P194902,/public/home2/nodecw_group/HUASHAN_Imaging_Data_7/MR/P194902/P194902_qsm_tra_iso1.0mm_QSM.nii,/public/home2/nodecw_group/HUASHAN_Imaging_Data_7/MR/P194902/P194902_t1_gre_fsp_3d_sag_iso.nii,/public/home2/nodecw_group/HUASHAN_Imaging_Data_7/MR/P194902/P194902_qsm_tra_iso1.0mm_SWI_e1.nii,HUASHAN_Imaging_Data_7,118,1.0,118.0,2,A_directly_usable,Alzheimer's disease,yes,Neurodegenerative disease,,yes
99173833,P194984,/public/home2/nodecw_group/HUASHAN_Imaging_Data_7/MR/P194984/P194984_qsm_tra_iso1.0mm_QSM.nii,/public/home2/nodecw_group/HUASHAN_Imaging_Data_7/MR/P194984/P194984_t1_gre_fsp_3d_sag_iso.nii,/public/home2/nodecw_group/HUASHAN_Imaging_Data_7/MR/P194984/P194984_qsm_tra_iso1.0mm_SWI_e1.nii,HUASHAN_Imaging_Data_7,118,1.0,117.9,2,A_directly_usable,Alzheimer's disease,yes,Neurodegenerative disease,,yes
99173841,P195070,/public/home2/nodecw_group/HUASHAN_Imaging_Data_7/MR/P195070/P195070_qsm_tra_iso1.0mm_QSM.nii,/public/home2/nodecw_group/HUASHAN_Imaging_Data_7/MR/P195070/P195070_t1_gre_fsp_3d_sag_iso.nii,/public/home2/nodecw_group/HUASHAN_Imaging_Data_7/MR/P195070/P195070_qsm_tra_iso1.0mm_SWI_e1.nii,HUASHAN_Imaging_Data_7,118,0.93,110.2,3,A_directly_usable,Alzheimer's disease,no,Neurodegenerative disease,,yes
99174193,P195423,/public/home2/nodecw_group/HUASHAN_Imaging_Data_7/MR/P195423/P195423_qsm_tra_iso1.0mm_QSM.nii,/public/home2/nodecw_group/HUASHAN_Imaging_Data_7/MR/P195423/P195423_t1_gre_fsp_3d_sag_iso.nii,/public/home2/nodecw_group/HUASHAN_Imaging_Data_7/MR/P195423/P195423_qsm_tra_iso1.0mm_SWI_e1.nii,HUASHAN_Imaging_Data_7,140,1.0,140.0,2,A_directly_usable,Alzheimer's disease,no,Neurodegenerative disease,,yes
99174517,P195421,/public/home2/nodecw_group/HUASHAN_Imaging_Data_7/MR/P195421/P195421_qsm_tra_iso1.0mm_QSM.nii,/public/home2/nodecw_group/HUASHAN_Imaging_Data_7/MR/P195421/P195421_t1_gre_fsp_3d_sag_iso.nii,/public/home2/nodecw_group/HUASHAN_Imaging_Data_7/MR/P195421/P195421_qsm_tra_iso1.0mm_SWI_e1.nii,HUASHAN_Imaging_Data_7,136,1.0,136.0,2,A_directly_usable,Alzheimer's disease,yes,Neurodegenerative disease,,yes
99174636,P195416,/public/home2/nodecw_group/HUASHAN_Imaging_Data_10/MR/P195416/P195416_qsm_tra_iso1.0mm_QSM.nii,/public/home2/nodecw_group/HUASHAN_Imaging_Data_10/MR/P195416/P195416_t1_gre_fsp_3d_sag_iso.nii,/public/home2/nodecw_group/HUASHAN_Imaging_Data_10/MR/P195416/P195416_qsm_tra_iso1.0mm_SWI_e1.nii,HUASHAN_Imaging_Data_10,136,1.0,136.0,3,A_directly_usable,Alzheimer's disease,yes,Neurodegenerative disease,QSM slice counts differ across copies; selected the copy with the highest slice count.,yes
99174785,P195449,/public/home2/nodecw_group/HUASHAN_Imaging_Data_7/MR/P195449/P195449_qsm_tra_iso1.0mm_QSM.nii,/public/home2/nodecw_group/HUASHAN_Imaging_Data_7/MR/P195449/P195449_t1_gre_fsp_3d_sag_iso.nii,/public/home2/nodecw_group/HUASHAN_Imaging_Data_7/MR/P195449/P195449_qsm_tra_iso1.0mm_SWI_e1.nii,HUASHAN_Imaging_Data_7,118,0.95,112.0,2,A_directly_usable,Alzheimer's disease,yes,Neurodegenerative disease,,yes
99175196,P195571,/public/home2/nodecw_group/HUASHAN_Imaging_Data_4/MR/P195571/P195571_qsm_tra_iso1.0mm_QSM_Eq_1.nii,/public/home2/nodecw_group/HUASHAN_Imaging_Data_4/MR/P195571/P195571_t1_gre_fsp_3d_sag_iso.nii,/public/home2/nodecw_group/HUASHAN_Imaging_Data_4/MR/P195571/P195571_qsm_tra_iso1.0mm_SWI_e1.nii,HUASHAN_Imaging_Data_4,117,0.93,108.9,2,A_directly_usable,Alzheimer's disease,yes,Neurodegenerative disease,,yes
99175217,P195569,/public/home2/nodecw_group/HUASHAN_Imaging_Data_4/MR/P195569/P195569_qsm_tra_iso1.0mm_QSM_Eq_1.nii,/public/home2/nodecw_group/HUASHAN_Imaging_Data_4/MR/P195569/P195569_t1_gre_fsp_3d_sag_iso.nii,/public/home2/nodecw_group/HUASHAN_Imaging_Data_4/MR/P195569/P195569_qsm_tra_iso1.0mm_SWI_e1.nii,HUASHAN_Imaging_Data_4,117,0.98,114.5,2,A_directly_usable,Alzheimer's disease,yes,Neurodegenerative disease,,yes
99175333,P195951,/public/home2/nodecw_group/HUASHAN_Imaging_Data_4/MR/P195951/P195951_qsm_tra_iso1.0mm_QSM_Eq_1.nii,/public/home2/nodecw_group/HUASHAN_Imaging_Data_4/MR/P195951/P195951_t1_gre_fsp_3d_sag_iso.nii,/public/home2/nodecw_group/HUASHAN_Imaging_Data_4/MR/P195951/P195951_qsm_tra_iso1.0mm_SWI_e1.nii,HUASHAN_Imaging_Data_4,129,1.0,129.0,2,A_directly_usable,Alzheimer's disease,yes,Neurodegenerative disease,,yes
99175514,P195957-2,/public/home2/nodecw_group/HUASHAN_Imaging_Data_7/MR/P195957-2/P195957-2_qsm_tra_iso1.0mm_QSM.nii,/public/home2/nodecw_group/HUASHAN_Imaging_Data_7/MR/P195957-2/P195957-2_t1_gre_fsp_3d_sag_iso.nii,/public/home2/nodecw_group/HUASHAN_Imaging_Data_7/MR/P195957-2/P195957-2_qsm_tra_iso1.0mm_SWI_e1.nii,HUASHAN_Imaging_Data_7,130,1.0,130.0,2,A_directly_usable,Alzheimer's disease,yes,Neurodegenerative disease,,yes
99175630,P196521,/public/home2/nodecw_group/HUASHAN_Imaging_Data_7/MR/P196521/P196521_qsm_tra_iso1.0mm_QSM.nii,/public/home2/nodecw_group/HUASHAN_Imaging_Data_7/MR/P196521/P196521_t1_gre_fsp_3d_sag_iso.nii,/public/home2/nodecw_group/HUASHAN_Imaging_Data_7/MR/P196521/P196521_qsm_tra_iso1.0mm_SWI_e1.nii,HUASHAN_Imaging_Data_7,130,1.0,130.0,2,A_directly_usable,Alzheimer's disease,yes,Neurodegenerative disease,,yes
99175667,P195973,/public/home2/nodecw_group/HUASHAN_Imaging_Data_7/MR/P195973/P195973_qsm_tra_iso1.0mm_QSM.nii,/public/home2/nodecw_group/HUASHAN_Imaging_Data_7/MR/P195973/P195973_t1_gre_fsp_3d_sag_iso.nii,/public/home2/nodecw_group/HUASHAN_Imaging_Data_7/MR/P195973/P195973_qsm_tra_iso1.0mm_SWI_e1.nii,HUASHAN_Imaging_Data_7,130,1.0,130.0,2,A_directly_usable,Alzheimer's disease,yes,Neurodegenerative disease,,yes
99175823,P196549,/public/home2/nodecw_group/HUASHAN_Imaging_Data_7/MR/P196549/P196549_qsm_tra_iso1.0mm_QSM.nii,/public/home2/nodecw_group/HUASHAN_Imaging_Data_7/MR/P196549/P196549_t1_gre_fsp_3d_sag_iso.nii,/public/home2/nodecw_group/HUASHAN_Imaging_Data_7/MR/P196549/P196549_qsm_tra_iso1.0mm_SWI_e1.nii,HUASHAN_Imaging_Data_7,118,1.0,118.0,2,A_directly_usable,Alzheimer's disease,yes,Neurodegenerative disease,,yes
99175830,P196517,/public/home2/nodecw_group/HUASHAN_Imaging_Data_7/MR/P196517/P196517_qsm_tra_iso1.0mm_QSM.nii,/public/home2/nodecw_group/HUASHAN_Imaging_Data_7/MR/P196517/P196517_t1_gre_fsp_3d_sag_iso.nii,/public/home2/nodecw_group/HUASHAN_Imaging_Data_7/MR/P196517/P196517_qsm_tra_iso1.0mm_SWI_e1.nii,HUASHAN_Imaging_Data_7,130,1.0,130.0,2,A_directly_usable,Alzheimer's disease,yes,Neurodegenerative disease,,yes
99176036,P196551,/public/home2/nodecw_group/HUASHAN_Imaging_Data_10/MR/P196551/P196551_qsm_tra_iso1.0mm_QSM.nii,/public/home2/nodecw_group/HUASHAN_Imaging_Data_10/MR/P196551/P196551_t1_gre_fsp_3d_sag_iso.nii,/public/home2/nodecw_group/HUASHAN_Imaging_Data_10/MR/P196551/P196551_qsm_tra_iso1.0mm_SWI_e1.nii,HUASHAN_Imaging_Data_10,118,1.0,118.0,3,A_directly_usable,Alzheimer's disease,yes,Neurodegenerative disease,,yes
99176224,P196607,/public/home2/nodecw_group/HUASHAN_Imaging_Data_7/MR/P196607/P196607_qsm_tra_iso1.0mm_QSM.nii,/public/home2/nodecw_group/HUASHAN_Imaging_Data_7/MR/P196607/P196607_t1_gre_fsp_3d_sag_iso.nii,/public/home2/nodecw_group/HUASHAN_Imaging_Data_7/MR/P196607/P196607_qsm_tra_iso1.0mm_SWI_e1.nii,HUASHAN_Imaging_Data_7,118,1.0,118.0,2,A_directly_usable,Alzheimer's disease,yes,Neurodegenerative disease,,yes
99176311,P196609,/public/home2/nodecw_group/HUASHAN_Imaging_Data_7/MR/P196609/P196609_qsm_tra_iso1.0mm_QSM.nii,/public/home2/nodecw_group/HUASHAN_Imaging_Data_7/MR/P196609/P196609_t1_gre_fsp_3d_sag_iso.nii,/public/home2/nodecw_group/HUASHAN_Imaging_Data_7/MR/P196609/P196609_qsm_tra_iso1.0mm_SWI_e1.nii,HUASHAN_Imaging_Data_7,124,1.0,124.0,2,A_directly_usable,Alzheimer's disease,yes,Neurodegenerative disease,,yes
99176325,P196613,/public/home2/nodecw_group/HUASHAN_Imaging_Data_7/MR/P196613/P196613_qsm_tra_iso1.0mm_QSM.nii,/public/home2/nodecw_group/HUASHAN_Imaging_Data_7/MR/P196613/P196613_t1_gre_fsp_3d_sag_iso.nii,/public/home2/nodecw_group/HUASHAN_Imaging_Data_7/MR/P196613/P196613_qsm_tra_iso1.0mm_SWI_e1.nii,HUASHAN_Imaging_Data_7,118,1.0,118.0,2,A_directly_usable,Alzheimer's disease,yes,Neurodegenerative disease,,yes
99176607,P196840,/public/home2/nodecw_group/HUASHAN_Imaging_Data_4/MR/P196840/P196840_qsm_tra_iso1.0mm_QSM_Eq_1.nii,/public/home2/nodecw_group/HUASHAN_Imaging_Data_4/MR/P196840/P196840_t1_gre_fsp_3d_sag_iso.nii,/public/home2/nodecw_group/HUASHAN_Imaging_Data_4/MR/P196840/P196840_qsm_tra_iso1.0mm_SWI_e1.nii,HUASHAN_Imaging_Data_4,117,1.0,117.0,2,A_directly_usable,Alzheimer's disease,yes,Neurodegenerative disease,,yes
99176628,P196693,/public/home2/nodecw_group/HUASHAN_Imaging_Data_7/MR/P196693/P196693_qsm_tra_iso1.0mm_QSM.nii,/public/home2/nodecw_group/HUASHAN_Imaging_Data_7/MR/P196693/P196693_t1_gre_fsp_3d_sag_iso.nii,/public/home2/nodecw_group/HUASHAN_Imaging_Data_7/MR/P196693/P196693_qsm_tra_iso1.0mm_SWI_e1.nii,HUASHAN_Imaging_Data_7,118,1.0,118.0,2,A_directly_usable,Alzheimer's disease,yes,Neurodegenerative disease,,yes
99176805,P196937,/public/home2/nodecw_group/HUASHAN_Imaging_Data_8/MR/P196937/P196937_qsm_tra_iso1.0mm_QSM.nii,/public/home2/nodecw_group/HUASHAN_Imaging_Data_8/MR/P196937/P196937_t1_gre_fsp_3d_sag_iso.nii,/public/home2/nodecw_group/HUASHAN_Imaging_Data_8/MR/P196937/P196937_qsm_tra_iso1.0mm_SWI_e1.nii,HUASHAN_Imaging_Data_8,150,1.0,150.0,1,A_directly_usable,Alzheimer's disease,no,Neurodegenerative disease,,yes
99176812,P196837,/public/home2/nodecw_group/HUASHAN_Imaging_Data_7/MR/P196837/P196837_qsm_tra_iso1.0mm_QSM.nii,/public/home2/nodecw_group/HUASHAN_Imaging_Data_7/MR/P196837/P196837_t1_gre_fsp_3d_sag_iso.nii,/public/home2/nodecw_group/HUASHAN_Imaging_Data_7/MR/P196837/P196837_qsm_tra_iso1.0mm_SWI_e1.nii,HUASHAN_Imaging_Data_7,130,1.0,130.0,2,A_directly_usable,Alzheimer's disease,yes,Neurodegenerative disease,,yes
99177176,P196935,/public/home2/nodecw_group/HUASHAN_Imaging_Data_7/MR/P196935/P196935_qsm_tra_iso1.0mm_QSM.nii,/public/home2/nodecw_group/HUASHAN_Imaging_Data_7/MR/P196935/P196935_t1_gre_fsp_3d_sag_iso.nii,/public/home2/nodecw_group/HUASHAN_Imaging_Data_7/MR/P196935/P196935_qsm_tra_iso1.0mm_SWI_e1.nii,HUASHAN_Imaging_Data_7,144,1.0,144.0,2,A_directly_usable,Alzheimer's disease,yes,Neurodegenerative disease,,yes
99177483,P196722,/public/home2/nodecw_group/HUASHAN_Imaging_Data_7/MR/P196722/P196722_qsm_tra_iso1.0mm_QSM.nii,/public/home2/nodecw_group/HUASHAN_Imaging_Data_7/MR/P196722/P196722_t1_gre_fsp_3d_sag_iso.nii,/public/home2/nodecw_group/HUASHAN_Imaging_Data_7/MR/P196722/P196722_qsm_tra_iso1.0mm_SWI_e1.nii,HUASHAN_Imaging_Data_7,136,1.0,136.0,2,A_directly_usable,Alzheimer's disease,no,Neurodegenerative disease,,yes
99177485,P196720,/public/home2/nodecw_group/HUASHAN_Imaging_Data_7/MR/P196720/P196720_qsm_tra_iso1.0mm_QSM.nii,/public/home2/nodecw_group/HUASHAN_Imaging_Data_7/MR/P196720/P196720_t1_gre_fsp_3d_sag_iso.nii,/public/home2/nodecw_group/HUASHAN_Imaging_Data_7/MR/P196720/P196720_qsm_tra_iso1.0mm_SWI_e1.nii,HUASHAN_Imaging_Data_7,136,1.0,136.0,2,A_directly_usable,Alzheimer's disease,yes,Neurodegenerative disease,,yes
99177487,P196721,/public/home2/nodecw_group/HUASHAN_Imaging_Data_10/MR/P196721/P196721_qsm_tra_iso1.0mm_QSM.nii,/public/home2/nodecw_group/HUASHAN_Imaging_Data_10/MR/P196721/P196721_t1_gre_fsp_3d_sag_iso.nii,/public/home2/nodecw_group/HUASHAN_Imaging_Data_10/MR/P196721/P196721_qsm_tra_iso1.0mm_SWI_e1.nii,HUASHAN_Imaging_Data_10,140,1.0,140.0,3,A_directly_usable,Alzheimer's disease,no,Neurodegenerative disease,QSM slice counts differ across copies; selected the copy with the highest slice count.,yes
99177534,P196786,/public/home2/nodecw_group/HUASHAN_Imaging_Data_7/MR/P196786/P196786_qsm_tra_iso1.0mm_QSM.nii,/public/home2/nodecw_group/HUASHAN_Imaging_Data_7/MR/P196786/P196786_t1_gre_fsp_3d_sag_iso.nii,/public/home2/nodecw_group/HUASHAN_Imaging_Data_7/MR/P196786/P196786_qsm_tra_iso1.0mm_SWI_e1.nii,HUASHAN_Imaging_Data_7,140,1.0,140.0,2,A_directly_usable,Alzheimer's disease,yes,Neurodegenerative disease,,yes
99177740,P196784,/public/home2/nodecw_group/HUASHAN_Imaging_Data_7/MR/P196784/P196784_qsm_tra_iso1.0mm_QSM.nii,/public/home2/nodecw_group/HUASHAN_Imaging_Data_7/MR/P196784/P196784_t1_gre_fsp_3d_sag_iso.nii,/public/home2/nodecw_group/HUASHAN_Imaging_Data_7/MR/P196784/P196784_qsm_tra_iso1.0mm_SWI_e1.nii,HUASHAN_Imaging_Data_7,150,1.0,150.0,2,A_directly_usable,Alzheimer's disease,yes,Neurodegenerative disease,,yes
99177805,P196790,/public/home2/nodecw_group/HUASHAN_Imaging_Data_7/MR/P196790/P196790_qsm_tra_iso1.0mm_QSM.nii,/public/home2/nodecw_group/HUASHAN_Imaging_Data_7/MR/P196790/P196790_t1_gre_fsp_3d_sag_iso.nii,/public/home2/nodecw_group/HUASHAN_Imaging_Data_7/MR/P196790/P196790_qsm_tra_iso1.0mm_SWI_e1.nii,HUASHAN_Imaging_Data_7,132,1.0,132.0,2,A_directly_usable,Alzheimer's disease,yes,Neurodegenerative disease,,yes
99177879,P197210,/public/home2/nodecw_group/HUASHAN_Imaging_Data_7/MR/P197210/P197210_qsm_tra_iso1.0mm_QSM.nii,/public/home2/nodecw_group/HUASHAN_Imaging_Data_7/MR/P197210/P197210_t1_gre_fsp_3d_sag_iso.nii,/public/home2/nodecw_group/HUASHAN_Imaging_Data_7/MR/P197210/P197210_qsm_tra_iso1.0mm_SWI_e1.nii,HUASHAN_Imaging_Data_7,118,0.91,107.4,2,A_directly_usable,Alzheimer's disease,no,Neurodegenerative disease,,yes
99177963,P197213,/public/home2/nodecw_group/HUASHAN_Imaging_Data_7/MR/P197213/P197213_qsm_tra_iso1.0mm_QSM.nii,/public/home2/nodecw_group/HUASHAN_Imaging_Data_7/MR/P197213/P197213_t1_gre_fsp_3d_sag_iso.nii,/public/home2/nodecw_group/HUASHAN_Imaging_Data_7/MR/P197213/P197213_qsm_tra_iso1.0mm_SWI_e1.nii,HUASHAN_Imaging_Data_7,118,0.95,111.6,2,A_directly_usable,Alzheimer's disease,yes,Neurodegenerative disease,,yes
99178127,P197348,/public/home2/nodecw_group/HUASHAN_Imaging_Data_4/MR/P197348/P197348_qsm_tra_iso1.0mm_QSM_Eq_1.nii,/public/home2/nodecw_group/HUASHAN_Imaging_Data_4/MR/P197348/P197348_t1_gre_fsp_3d_sag_iso.nii,/public/home2/nodecw_group/HUASHAN_Imaging_Data_4/MR/P197348/P197348_qsm_tra_iso1.0mm_SWI_e1.nii,HUASHAN_Imaging_Data_4,129,1.0,129.0,1,A_directly_usable,Alzheimer's disease,yes,Neurodegenerative disease,,yes
99178185,P197282,/public/home2/nodecw_group/HUASHAN_Imaging_Data_7/MR/P197282/P197282_qsm_tra_iso1.0mm_QSM.nii,/public/home2/nodecw_group/HUASHAN_Imaging_Data_7/MR/P197282/P197282_t1_gre_fsp_3d_sag_iso.nii,/public/home2/nodecw_group/HUASHAN_Imaging_Data_7/MR/P197282/P197282_qsm_tra_iso1.0mm_SWI_e1.nii,HUASHAN_Imaging_Data_7,138,1.0,138.0,2,A_directly_usable,Alzheimer's disease,yes,Neurodegenerative disease,,yes
99178339,P197350,/public/home2/nodecw_group/HUASHAN_Imaging_Data_7/MR/P197350/P197350_qsm_tra_iso1.0mm_QSM.nii,/public/home2/nodecw_group/HUASHAN_Imaging_Data_7/MR/P197350/P197350_t1_gre_fsp_3d_sag_iso.nii,/public/home2/nodecw_group/HUASHAN_Imaging_Data_7/MR/P197350/P197350_qsm_tra_iso1.0mm_SWI_e1.nii,HUASHAN_Imaging_Data_7,130,1.0,130.0,2,A_directly_usable,Alzheimer's disease,yes,Neurodegenerative disease,,yes
99178517,P197439,/public/home2/nodecw_group/HUASHAN_Imaging_Data_6/MR/P197439/P197439_qsm_tra_iso1.0mm_QSM.nii,/public/home2/nodecw_group/HUASHAN_Imaging_Data_6/MR/P197439/P197439_t1_gre_fsp_3d_sag_iso.nii,/public/home2/nodecw_group/HUASHAN_Imaging_Data_6/MR/P197439/P197439_qsm_tra_iso1.0mm_SWI_e1.nii,HUASHAN_Imaging_Data_6,118,0.96,113.9,1,A_directly_usable,Alzheimer's disease,no,Neurodegenerative disease,,yes
99178554,P197381,/public/home2/nodecw_group/HUASHAN_Imaging_Data_6/MR/P197381/P197381_qsm_tra_iso1.0mm_QSM.nii,/public/home2/nodecw_group/HUASHAN_Imaging_Data_6/MR/P197381/P197381_t1_gre_fsp_3d_sag_iso.nii,/public/home2/nodecw_group/HUASHAN_Imaging_Data_6/MR/P197381/P197381_qsm_tra_iso1.0mm_SWI_e1.nii,HUASHAN_Imaging_Data_6,136,1.0,136.0,1,A_directly_usable,Alzheimer's disease,no,Neurodegenerative disease,,yes
99179004,P198087,/public/home2/nodecw_group/HUASHAN_Imaging_Data_6/MR/P198087/P198087_qsm_tra_iso1.0mm_QSM.nii,/public/home2/nodecw_group/HUASHAN_Imaging_Data_6/MR/P198087/P198087_t1_gre_fsp_3d_sag_iso.nii,/public/home2/nodecw_group/HUASHAN_Imaging_Data_6/MR/P198087/P198087_qsm_tra_iso1.0mm_SWI_e1.nii,HUASHAN_Imaging_Data_6,138,1.0,138.0,1,A_directly_usable,Alzheimer's disease,no,Neurodegenerative disease,,yes
99179223,P198026,/public/home2/nodecw_group/HUASHAN_Imaging_Data_7/MR/P198026/P198026_qsm_tra_iso1.0mm_QSM.nii,/public/home2/nodecw_group/HUASHAN_Imaging_Data_7/MR/P198026/P198026_t1_gre_fsp_3d_sag_iso.nii,/public/home2/nodecw_group/HUASHAN_Imaging_Data_7/MR/P198026/P198026_qsm_tra_iso1.0mm_SWI_e1.nii,HUASHAN_Imaging_Data_7,118,0.95,111.8,3,A_directly_usable,Alzheimer's disease,yes,Neurodegenerative disease,,yes
99179413,P195151,/public/home2/nodecw_group/HUASHAN_Imaging_Data_7/MR/P195151/P195151_qsm_tra_iso1.0mm_QSM.nii,/public/home2/nodecw_group/HUASHAN_Imaging_Data_7/MR/P195151/P195151_t1_gre_fsp_3d_sag_iso.nii,/public/home2/nodecw_group/HUASHAN_Imaging_Data_7/MR/P195151/P195151_qsm_tra_iso1.0mm_SWI_e1.nii,HUASHAN_Imaging_Data_7,136,1.0,136.0,2,A_directly_usable,Alzheimer's disease,yes,Neurodegenerative disease,,yes
99179695,P198163,/public/home2/nodecw_group/HUASHAN_Imaging_Data_6/MR/P198163/P198163_qsm_tra_iso1.0mm_QSM.nii,/public/home2/nodecw_group/HUASHAN_Imaging_Data_6/MR/P198163/P198163_t1_gre_fsp_3d_sag_iso.nii,/public/home2/nodecw_group/HUASHAN_Imaging_Data_6/MR/P198163/P198163_qsm_tra_iso1.0mm_SWI_e1.nii,HUASHAN_Imaging_Data_6,140,1.0,140.0,1,A_directly_usable,Alzheimer's disease,yes,Neurodegenerative disease,,yes
99179731,P198238,/public/home2/nodecw_group/HUASHAN_Imaging_Data_6/MR/P198238/P198238_qsm_tra_iso1.0mm_QSM.nii,/public/home2/nodecw_group/HUASHAN_Imaging_Data_6/MR/P198238/P198238_t1_gre_fsp_3d_sag_iso.nii,/public/home2/nodecw_group/HUASHAN_Imaging_Data_6/MR/P198238/P198238_qsm_tra_iso1.0mm_SWI_e1.nii,HUASHAN_Imaging_Data_6,130,1.0,130.0,1,A_directly_usable,Alzheimer's disease,yes,Neurodegenerative disease,,yes
99179922,P198241,/public/home2/nodecw_group/HUASHAN_Imaging_Data_6/MR/P198241/P198241_qsm_tra_iso1.0mm_QSM.nii,/public/home2/nodecw_group/HUASHAN_Imaging_Data_6/MR/P198241/P198241_t1_gre_fsp_3d_sag_iso.nii,/public/home2/nodecw_group/HUASHAN_Imaging_Data_6/MR/P198241/P198241_qsm_tra_iso1.0mm_SWI_e1.nii,HUASHAN_Imaging_Data_6,138,1.0,138.0,2,A_directly_usable,Alzheimer's disease,yes,Neurodegenerative disease,,yes
99180077,P176044,/public/home2/nodecw_group/HUASHAN_Imaging_Data_7/MR/P176044/P176044_qsm_tra_0.8mm_QSM.nii,/public/home2/nodecw_group/HUASHAN_Imaging_Data_7/MR/P176044/P176044_t1_gre_fsp_3d_sag_iso.nii,/public/home2/nodecw_group/HUASHAN_Imaging_Data_7/MR/P176044/P176044_qsm_tra_0.8mm_SWI_e12.4.nii,HUASHAN_Imaging_Data_7,180,0.8,144.0,2,A_directly_usable,Alzheimer's disease,no,Neurodegenerative disease,,yes
99180167,P198263,/public/home2/nodecw_group/HUASHAN_Imaging_Data_6/MR/P198263/P198263_qsm_tra_iso1.0mm_QSM.nii,/public/home2/nodecw_group/HUASHAN_Imaging_Data_6/MR/P198263/P198263_t1_gre_fsp_3d_sag_iso.nii,/public/home2/nodecw_group/HUASHAN_Imaging_Data_6/MR/P198263/P198263_qsm_tra_iso1.0mm_SWI_e1.nii,HUASHAN_Imaging_Data_6,118,1.0,118.0,1,A_directly_usable,Alzheimer's disease,yes,Neurodegenerative disease,,yes
99180182,P198345,/public/home2/nodecw_group/HUASHAN_Imaging_Data_6/MR/P198345/P198345_qsm_tra_iso1.0mm_QSM.nii,/public/home2/nodecw_group/HUASHAN_Imaging_Data_6/MR/P198345/P198345_t1_gre_fsp_3d_sag_iso.nii,/public/home2/nodecw_group/HUASHAN_Imaging_Data_6/MR/P198345/P198345_qsm_tra_iso1.0mm_SWI_e1.nii,HUASHAN_Imaging_Data_6,130,1.0,130.0,1,A_directly_usable,Alzheimer's disease,no,Neurodegenerative disease,,yes
99180455,P198413,/public/home2/nodecw_group/HUASHAN_Imaging_Data_6/MR/P198413/P198413_qsm_tra_iso1.0mm_QSM.nii,/public/home2/nodecw_group/HUASHAN_Imaging_Data_6/MR/P198413/P198413_t1_gre_fsp_3d_sag_iso.nii,/public/home2/nodecw_group/HUASHAN_Imaging_Data_6/MR/P198413/P198413_qsm_tra_iso1.0mm_SWI_e1.nii,HUASHAN_Imaging_Data_6,118,0.87,102.1,1,A_directly_usable,Alzheimer's disease,yes,Neurodegenerative disease,,yes
99180676,P199006,/public/home2/nodecw_group/HUASHAN_Imaging_Data_6/MR/P199006/P199006_qsm_tra_iso1.0mm_QSM.nii,/public/home2/nodecw_group/HUASHAN_Imaging_Data_6/MR/P199006/P199006_t1_gre_fsp_3d_sag_iso.nii,/public/home2/nodecw_group/HUASHAN_Imaging_Data_6/MR/P199006/P199006_qsm_tra_iso1.0mm_SWI_e1.nii,HUASHAN_Imaging_Data_6,144,1.0,144.0,1,A_directly_usable,Alzheimer's disease,yes,Neurodegenerative disease,,yes
99180727,P162755-2,/public/home2/nodecw_group/HUASHAN_Imaging_Data_7/MR/P162755-2/P162755-2_qsm_tra_iso1.0mm_QSM.nii,/public/home2/nodecw_group/HUASHAN_Imaging_Data_7/MR/P162755-2/P162755-2_t1_gre_fsp_3d_sag_iso.nii,/public/home2/nodecw_group/HUASHAN_Imaging_Data_7/MR/P162755-2/P162755-2_qsm_tra_iso1.0mm_SWI_e1.nii,HUASHAN_Imaging_Data_7,140,1.0,140.0,2,A_directly_usable,Alzheimer's disease,yes,Neurodegenerative disease,,yes
99180737,P199011,/public/home2/nodecw_group/HUASHAN_Imaging_Data_6/MR/P199011/P199011_qsm_tra_iso1.0mm_QSM.nii,/public/home2/nodecw_group/HUASHAN_Imaging_Data_6/MR/P199011/P199011_t1_gre_fsp_3d_sag_iso.nii,/public/home2/nodecw_group/HUASHAN_Imaging_Data_6/MR/P199011/P199011_qsm_tra_iso1.0mm_SWI_e1.nii,HUASHAN_Imaging_Data_6,132,1.0,132.0,1,A_directly_usable,Alzheimer's disease,yes,Neurodegenerative disease,,yes
99181034,P199007,/public/home2/nodecw_group/HUASHAN_Imaging_Data_6/MR/P199007/P199007_qsm_tra_iso1.0mm_QSM.nii,/public/home2/nodecw_group/HUASHAN_Imaging_Data_6/MR/P199007/P199007_t1_gre_fsp_3d_sag_iso.nii,/public/home2/nodecw_group/HUASHAN_Imaging_Data_6/MR/P199007/P199007_qsm_tra_iso1.0mm_SWI_e1.nii,HUASHAN_Imaging_Data_6,140,1.0,140.0,1,A_directly_usable,Alzheimer's disease,yes,Neurodegenerative disease,,yes
99181255,P199094,/public/home2/nodecw_group/HUASHAN_Imaging_Data_6/MR/P199094/P199094_qsm_tra_iso1.0mm_QSM.nii,/public/home2/nodecw_group/HUASHAN_Imaging_Data_6/MR/P199094/P199094_t1_gre_fsp_3d_sag_iso.nii,/public/home2/nodecw_group/HUASHAN_Imaging_Data_6/MR/P199094/P199094_qsm_tra_iso1.0mm_SWI_e1.nii,HUASHAN_Imaging_Data_6,144,1.0,144.0,1,A_directly_usable,Alzheimer's disease,no,Neurodegenerative disease,,yes
99181359,P193551-3,/public/home2/nodecw_group/HUASHAN_Imaging_Data_7/MR/P193551-3/P193551-3_qsm_tra_iso1.0mm_QSM.nii,/public/home2/nodecw_group/HUASHAN_Imaging_Data_7/MR/P193551-3/P193551-3_t1_gre_fsp_3d_sag_iso.nii,/public/home2/nodecw_group/HUASHAN_Imaging_Data_7/MR/P193551-3/P193551-3_qsm_tra_iso1.0mm_SWI_e1.nii,HUASHAN_Imaging_Data_7,130,1.0,130.0,2,A_directly_usable,Alzheimer's disease,yes,Neurodegenerative disease,,yes
99181370,P199100-2,/public/home2/nodecw_group/HUASHAN_Imaging_Data_6/MR/P199100-2/P199100-2_qsm_tra_iso1.0mm_QSM.nii,/public/home2/nodecw_group/HUASHAN_Imaging_Data_6/MR/P199100-2/P199100-2_t1_gre_fsp_3d_sag_iso.nii,/public/home2/nodecw_group/HUASHAN_Imaging_Data_6/MR/P199100-2/P199100-2_qsm_tra_iso1.0mm_SWI_e1.nii,HUASHAN_Imaging_Data_6,118,0.88,104.0,1,A_directly_usable,Alzheimer's disease,yes,Neurodegenerative disease,,yes
99181379,P199098,/public/home2/nodecw_group/HUASHAN_Imaging_Data_6/MR/P199098/P199098_qsm_tra_iso1.0mm_QSM.nii,/public/home2/nodecw_group/HUASHAN_Imaging_Data_6/MR/P199098/P199098_t1_gre_fsp_3d_sag_iso.nii,/public/home2/nodecw_group/HUASHAN_Imaging_Data_6/MR/P199098/P199098_qsm_tra_iso1.0mm_SWI_e1.nii,HUASHAN_Imaging_Data_6,144,1.0,144.0,1,A_directly_usable,Alzheimer's disease,yes,Neurodegenerative disease,,yes
99181482,P199224,/public/home2/nodecw_group/HUASHAN_Imaging_Data_6/MR/P199224/P199224_qsm_tra_iso1.0mm_QSM.nii,/public/home2/nodecw_group/HUASHAN_Imaging_Data_6/MR/P199224/P199224_t1_gre_fsp_3d_sag_iso.nii,/public/home2/nodecw_group/HUASHAN_Imaging_Data_6/MR/P199224/P199224_qsm_tra_iso1.0mm_SWI_e1.nii,HUASHAN_Imaging_Data_6,118,0.96,113.7,1,A_directly_usable,Alzheimer's disease,yes,Neurodegenerative disease,,yes
99181576,P199302,/public/home2/nodecw_group/HUASHAN_Imaging_Data_6/MR/P199302/P199302_qsm_tra_iso1.0mm_QSM.nii,/public/home2/nodecw_group/HUASHAN_Imaging_Data_6/MR/P199302/P199302_t1_gre_fsp_3d_sag_iso.nii,/public/home2/nodecw_group/HUASHAN_Imaging_Data_6/MR/P199302/P199302_qsm_tra_iso1.0mm_SWI_e1.nii,HUASHAN_Imaging_Data_6,138,1.0,138.0,1,A_directly_usable,Alzheimer's disease,yes,Neurodegenerative disease,,yes
99181586,P199301,/public/home2/nodecw_group/HUASHAN_Imaging_Data_6/MR/P199301/P199301_qsm_tra_iso1.0mm_QSM.nii,/public/home2/nodecw_group/HUASHAN_Imaging_Data_6/MR/P199301/P199301_t1_gre_fsp_3d_sag_iso.nii,/public/home2/nodecw_group/HUASHAN_Imaging_Data_6/MR/P199301/P199301_qsm_tra_iso1.0mm_SWI_e1.nii,HUASHAN_Imaging_Data_6,136,1.0,136.0,1,A_directly_usable,Alzheimer's disease,yes,Neurodegenerative disease,,yes
99181666,P199304,/public/home2/nodecw_group/HUASHAN_Imaging_Data_6/MR/P199304/P199304_qsm_tra_iso1.0mm_QSM.nii,/public/home2/nodecw_group/HUASHAN_Imaging_Data_6/MR/P199304/P199304_t1_gre_fsp_3d_sag_iso.nii,/public/home2/nodecw_group/HUASHAN_Imaging_Data_6/MR/P199304/P199304_qsm_tra_iso1.0mm_SWI_e1.nii,HUASHAN_Imaging_Data_6,154,1.0,154.0,1,A_directly_usable,Alzheimer's disease,no,Neurodegenerative disease,,yes
99182161,P199442,/public/home2/nodecw_group/HUASHAN_Imaging_Data_6/MR/P199442/P199442_qsm_tra_iso1.0mm_QSM.nii,/public/home2/nodecw_group/HUASHAN_Imaging_Data_6/MR/P199442/P199442_t1_gre_fsp_3d_sag_iso.nii,/public/home2/nodecw_group/HUASHAN_Imaging_Data_6/MR/P199442/P199442_qsm_tra_iso1.0mm_SWI_e1.nii,HUASHAN_Imaging_Data_6,118,0.96,113.0,1,A_directly_usable,Alzheimer's disease,yes,Neurodegenerative disease,,yes
99182182,P199387,/public/home2/nodecw_group/HUASHAN_Imaging_Data_6/MR/P199387/P199387_qsm_tra_iso1.0mm_QSM.nii,/public/home2/nodecw_group/HUASHAN_Imaging_Data_6/MR/P199387/P199387_t1_gre_fsp_3d_sag_iso.nii,/public/home2/nodecw_group/HUASHAN_Imaging_Data_6/MR/P199387/P199387_qsm_tra_iso1.0mm_SWI_e1.nii,HUASHAN_Imaging_Data_6,118,1.0,118.0,1,A_directly_usable,Alzheimer's disease,no,Neurodegenerative disease,,yes
99182207,P199389,/public/home2/nodecw_group/HUASHAN_Imaging_Data_8/MR/P199389/P199389_qsm_tra_iso1.0mm_QSM.nii,/public/home2/nodecw_group/HUASHAN_Imaging_Data_8/MR/P199389/P199389_t1_gre_fsp_3d_sag_iso.nii,/public/home2/nodecw_group/HUASHAN_Imaging_Data_8/MR/P199389/P199389_qsm_tra_iso1.0mm_SWI_e1.nii,HUASHAN_Imaging_Data_8,118,1.0,118.0,1,A_directly_usable,Alzheimer's disease,no,Neurodegenerative disease,,yes
99182228,P199388,/public/home2/nodecw_group/HUASHAN_Imaging_Data_6/MR/P199388/P199388_qsm_tra_iso1.0mm_QSM.nii,/public/home2/nodecw_group/HUASHAN_Imaging_Data_6/MR/P199388/P199388_t1_gre_fsp_3d_sag_iso.nii,/public/home2/nodecw_group/HUASHAN_Imaging_Data_6/MR/P199388/P199388_qsm_tra_iso1.0mm_SWI_e1.nii,HUASHAN_Imaging_Data_6,118,1.0,118.0,1,A_directly_usable,Alzheimer's disease,yes,Neurodegenerative disease,,yes
99182228,P199388-2,/public/home2/nodecw_group/HUASHAN_Imaging_Data_6/MR/P199388-2/P199388-2_qsm_tra_iso1.0mm_QSM.nii,/public/home2/nodecw_group/HUASHAN_Imaging_Data_6/MR/P199388-2/P199388-2_t1_gre_fsp_3d_sag_iso.nii,/public/home2/nodecw_group/HUASHAN_Imaging_Data_6/MR/P199388-2/P199388-2_qsm_tra_iso1.0mm_SWI_e1.nii,HUASHAN_Imaging_Data_6,118,1.0,118.0,1,A_directly_usable,Alzheimer's disease,yes,Neurodegenerative disease,,yes
99182561,P199228,/public/home2/nodecw_group/HUASHAN_Imaging_Data_6/MR/P199228/P199228_qsm_tra_iso1.0mm_QSM.nii,/public/home2/nodecw_group/HUASHAN_Imaging_Data_6/MR/P199228/P199228_t1_gre_fsp_3d_sag_iso.nii,/public/home2/nodecw_group/HUASHAN_Imaging_Data_6/MR/P199228/P199228_qsm_tra_iso1.0mm_SWI_e1.nii,HUASHAN_Imaging_Data_6,118,0.89,105.5,1,A_directly_usable,Alzheimer's disease,yes,Neurodegenerative disease,,yes
99182578,P199468,/public/home2/nodecw_group/HUASHAN_Imaging_Data_6/MR/P199468/P199468_qsm_tra_iso1.0mm_QSM.nii,/public/home2/nodecw_group/HUASHAN_Imaging_Data_6/MR/P199468/P199468_t1_gre_fsp_3d_sag_iso.nii,/public/home2/nodecw_group/HUASHAN_Imaging_Data_6/MR/P199468/P199468_qsm_tra_iso1.0mm_SWI_e1.nii,HUASHAN_Imaging_Data_6,118,1.0,118.0,1,A_directly_usable,Alzheimer's disease,yes,Neurodegenerative disease,,yes
99183165,P200240,/public/home2/nodecw_group/HUASHAN_Imaging_Data_6/MR/P200240/P200240_qsm_tra_iso1.0mm_QSM.nii,/public/home2/nodecw_group/HUASHAN_Imaging_Data_6/MR/P200240/P200240_t1_gre_fsp_3d_sag_iso.nii,/public/home2/nodecw_group/HUASHAN_Imaging_Data_6/MR/P200240/P200240_qsm_tra_iso1.0mm_SWI_e1.nii,HUASHAN_Imaging_Data_6,144,1.0,144.0,1,A_directly_usable,Alzheimer's disease,yes,Neurodegenerative disease,,yes
99183498,P200417,/public/home2/nodecw_group/HUASHAN_Imaging_Data_6/MR/P200417/P200417_qsm_tra_iso1.0mm_QSM.nii,/public/home2/nodecw_group/HUASHAN_Imaging_Data_6/MR/P200417/P200417_t1_gre_fsp_3d_sag_iso.nii,/public/home2/nodecw_group/HUASHAN_Imaging_Data_6/MR/P200417/P200417_qsm_tra_iso1.0mm_SWI_e1.nii,HUASHAN_Imaging_Data_6,130,1.0,130.0,1,A_directly_usable,Alzheimer's disease,yes,Neurodegenerative disease,,yes
99183788,P200419,/public/home2/nodecw_group/HUASHAN_Imaging_Data_6/MR/P200419/P200419_qsm_tra_iso1.0mm_QSM.nii,/public/home2/nodecw_group/HUASHAN_Imaging_Data_6/MR/P200419/P200419_t1_gre_fsp_3d_sag_iso.nii,/public/home2/nodecw_group/HUASHAN_Imaging_Data_6/MR/P200419/P200419_qsm_tra_iso1.0mm_SWI_e1.nii,HUASHAN_Imaging_Data_6,130,1.0,130.0,1,A_directly_usable,Alzheimer's disease,yes,Neurodegenerative disease,,yes
99183841,P201001,/public/home2/nodecw_group/HUASHAN_Imaging_Data_6/MR/P201001/P201001_qsm_tra_iso1.0mm_QSM.nii,/public/home2/nodecw_group/HUASHAN_Imaging_Data_6/MR/P201001/P201001_t1_gre_fsp_3d_sag_iso.nii,/public/home2/nodecw_group/HUASHAN_Imaging_Data_6/MR/P201001/P201001_qsm_tra_iso1.0mm_SWI_e1.nii,HUASHAN_Imaging_Data_6,118,1.0,118.0,1,A_directly_usable,Alzheimer's disease,no,Neurodegenerative disease,,yes
99183848,P201002,/public/home2/nodecw_group/HUASHAN_Imaging_Data_6/MR/P201002/P201002_qsm_tra_iso1.0mm_QSM.nii,/public/home2/nodecw_group/HUASHAN_Imaging_Data_6/MR/P201002/P201002_t1_gre_fsp_3d_sag_iso.nii,/public/home2/nodecw_group/HUASHAN_Imaging_Data_6/MR/P201002/P201002_qsm_tra_iso1.0mm_SWI_e1.nii,HUASHAN_Imaging_Data_6,118,1.0,118.0,1,A_directly_usable,Alzheimer's disease,no,Neurodegenerative disease,,yes
99184130,P201003,/public/home2/nodecw_group/HUASHAN_Imaging_Data_6/MR/P201003/P201003_qsm_tra_iso1.0mm_QSM.nii,/public/home2/nodecw_group/HUASHAN_Imaging_Data_6/MR/P201003/P201003_t1_gre_fsp_3d_sag_iso.nii,/public/home2/nodecw_group/HUASHAN_Imaging_Data_6/MR/P201003/P201003_qsm_tra_iso1.0mm_SWI_e1.nii,HUASHAN_Imaging_Data_6,118,1.0,118.0,1,A_directly_usable,Alzheimer's disease,yes,Neurodegenerative disease,,yes
99184311,P201087-2,/public/home2/nodecw_group/HUASHAN_Imaging_Data_6/MR/P201087-2/P201087-2_qsm_tra_iso1.0mm_QSM.nii,/public/home2/nodecw_group/HUASHAN_Imaging_Data_6/MR/P201087-2/P201087-2_t1_gre_fsp_3d_sag_iso.nii,/public/home2/nodecw_group/HUASHAN_Imaging_Data_6/MR/P201087-2/P201087-2_qsm_tra_iso1.0mm_SWI_e1.nii,HUASHAN_Imaging_Data_6,118,1.0,118.0,1,A_directly_usable,Alzheimer's disease,yes,Neurodegenerative disease,,yes
99184544,P201095,/public/home2/nodecw_group/HUASHAN_Imaging_Data_6/MR/P201095/P201095_qsm_tra_iso1.0mm_QSM.nii,/public/home2/nodecw_group/HUASHAN_Imaging_Data_6/MR/P201095/P201095_t1_gre_fsp_3d_sag_iso.nii,/public/home2/nodecw_group/HUASHAN_Imaging_Data_6/MR/P201095/P201095_qsm_tra_iso1.0mm_SWI_e1.nii,HUASHAN_Imaging_Data_6,118,0.96,113.0,1,A_directly_usable,Alzheimer's disease,yes,Neurodegenerative disease,,yes
99184677,P201171,/public/home2/nodecw_group/HUASHAN_Imaging_Data_6/MR/P201171/P201171_qsm_tra_iso1.0mm_QSM.nii,/public/home2/nodecw_group/HUASHAN_Imaging_Data_6/MR/P201171/P201171_t1_gre_fsp_3d_sag_iso.nii,/public/home2/nodecw_group/HUASHAN_Imaging_Data_6/MR/P201171/P201171_qsm_tra_iso1.0mm_SWI_e1.nii,HUASHAN_Imaging_Data_6,118,1.0,118.0,1,A_directly_usable,Alzheimer's disease,yes,Neurodegenerative disease,,yes
99185075,P201275,/public/home2/nodecw_group/HUASHAN_Imaging_Data_8/MR/P201275/P201275_qsm_tra_iso1.0mm_QSM.nii,/public/home2/nodecw_group/HUASHAN_Imaging_Data_8/MR/P201275/P201275_t1_gre_fsp_3d_sag_iso.nii,/public/home2/nodecw_group/HUASHAN_Imaging_Data_8/MR/P201275/P201275_qsm_tra_iso1.0mm_SWI_e1.nii,HUASHAN_Imaging_Data_8,148,1.0,148.0,1,A_directly_usable,Alzheimer's disease,yes,Neurodegenerative disease,,yes
99185865,P201411-2,/public/home2/nodecw_group/HUASHAN_Imaging_Data_6/MR/P201411-2/P201411-2_qsm_tra_iso1.0mm_QSM.nii,/public/home2/nodecw_group/HUASHAN_Imaging_Data_6/MR/P201411-2/P201411-2_t1_gre_fsp_3d_sag_iso.nii,/public/home2/nodecw_group/HUASHAN_Imaging_Data_6/MR/P201411-2/P201411-2_qsm_tra_iso1.0mm_SWI_e1.nii,HUASHAN_Imaging_Data_6,118,1.0,118.0,1,A_directly_usable,Alzheimer's disease,yes,Neurodegenerative disease,,yes
99185955,P201483,/public/home2/nodecw_group/HUASHAN_Imaging_Data_6/MR/P201483/P201483_qsm_tra_iso1.0mm_QSM.nii,/public/home2/nodecw_group/HUASHAN_Imaging_Data_6/MR/P201483/P201483_t1_gre_fsp_3d_sag_iso.nii,/public/home2/nodecw_group/HUASHAN_Imaging_Data_6/MR/P201483/P201483_qsm_tra_iso1.0mm_SWI_e1.nii,HUASHAN_Imaging_Data_6,140,1.0,140.0,1,A_directly_usable,Alzheimer's disease,yes,Neurodegenerative disease,,yes
99186052,P198406,/public/home2/nodecw_group/HUASHAN_Imaging_Data_6/MR/P198406/P198406_qsm_tra_iso1.0mm_QSM.nii,/public/home2/nodecw_group/HUASHAN_Imaging_Data_6/MR/P198406/P198406_t1_gre_fsp_3d_sag_iso.nii,/public/home2/nodecw_group/HUASHAN_Imaging_Data_6/MR/P198406/P198406_qsm_tra_iso1.0mm_SWI_e1.nii,HUASHAN_Imaging_Data_6,118,0.96,113.7,1,A_directly_usable,Alzheimer's disease,yes,Neurodegenerative disease,,yes
99186052,P198406-2,/public/home2/nodecw_group/HUASHAN_Imaging_Data_6/MR/P198406-2/P198406-2_qsm_tra_iso1.0mm_QSM.nii,/public/home2/nodecw_group/HUASHAN_Imaging_Data_6/MR/P198406-2/P198406-2_t1_gre_fsp_3d_sag_iso.nii,/public/home2/nodecw_group/HUASHAN_Imaging_Data_6/MR/P198406-2/P198406-2_qsm_tra_iso1.0mm_SWI_e1.nii,HUASHAN_Imaging_Data_6,144,1.0,144.0,1,A_directly_usable,Alzheimer's disease,yes,Neurodegenerative disease,,yes
99186521,P202569,/public/home2/nodecw_group/HUASHAN_Imaging_Data_6/MR/P202569/P202569_qsm_tra_iso1.0mm_QSM.nii,/public/home2/nodecw_group/HUASHAN_Imaging_Data_6/MR/P202569/P202569_t1_gre_fsp_3d_sag_iso.nii,/public/home2/nodecw_group/HUASHAN_Imaging_Data_6/MR/P202569/P202569_qsm_tra_iso1.0mm_SWI_e1.nii,HUASHAN_Imaging_Data_6,118,1.0,118.0,1,A_directly_usable,Alzheimer's disease,yes,Neurodegenerative disease,,yes
99186736,P202668,/public/home2/nodecw_group/HUASHAN_Imaging_Data_8/MR/P202668/P202668_qsm_tra_iso1.0mm_QSM.nii,/public/home2/nodecw_group/HUASHAN_Imaging_Data_8/MR/P202668/P202668_t1_gre_fsp_3d_sag_iso.nii,/public/home2/nodecw_group/HUASHAN_Imaging_Data_8/MR/P202668/P202668_qsm_tra_iso1.0mm_SWI_e1.nii,HUASHAN_Imaging_Data_8,118,0.79,93.5,1,A_directly_usable,Alzheimer's disease,yes,Neurodegenerative disease,,yes
99187520,P202799,/public/home2/nodecw_group/HUASHAN_Imaging_Data_8/MR/P202799/P202799_qsm_tra_iso1.0mm_QSM.nii,/public/home2/nodecw_group/HUASHAN_Imaging_Data_8/MR/P202799/P202799_t1_gre_fsp_3d_sag_iso.nii,/public/home2/nodecw_group/HUASHAN_Imaging_Data_8/MR/P202799/P202799_qsm_tra_iso1.0mm_SWI_e1.nii,HUASHAN_Imaging_Data_8,118,1.0,118.0,1,A_directly_usable,Alzheimer's disease,yes,Neurodegenerative disease,,yes
99189184,P203686,/public/home2/nodecw_group/HUASHAN_Imaging_Data_8/MR/P203686/P203686_qsm_tra_iso1.0mm_QSM.nii,/public/home2/nodecw_group/HUASHAN_Imaging_Data_8/MR/P203686/P203686_t1_gre_fsp_3d_sag_iso.nii,/public/home2/nodecw_group/HUASHAN_Imaging_Data_8/MR/P203686/P203686_qsm_tra_iso1.0mm_SWI_e1.nii,HUASHAN_Imaging_Data_8,118,1.0,118.0,1,A_directly_usable,Alzheimer's disease,no,Neurodegenerative disease,,yes
99189346,P203690,/public/home2/nodecw_group/HUASHAN_Imaging_Data_8/MR/P203690/P203690_qsm_tra_iso1.0mm_QSM.nii,/public/home2/nodecw_group/HUASHAN_Imaging_Data_8/MR/P203690/P203690_t1_gre_fsp_3d_sag_iso.nii,/public/home2/nodecw_group/HUASHAN_Imaging_Data_8/MR/P203690/P203690_qsm_tra_iso1.0mm_SWI_e1.nii,HUASHAN_Imaging_Data_8,118,1.0,118.0,1,A_directly_usable,Alzheimer's disease,yes,Neurodegenerative disease,,yes
99189355,P203688,/public/home2/nodecw_group/HUASHAN_Imaging_Data_8/MR/P203688/P203688_qsm_tra_iso1.0mm_QSM.nii,/public/home2/nodecw_group/HUASHAN_Imaging_Data_8/MR/P203688/P203688_t1_gre_fsp_3d_sag_iso.nii,/public/home2/nodecw_group/HUASHAN_Imaging_Data_8/MR/P203688/P203688_qsm_tra_iso1.0mm_SWI_e1.nii,HUASHAN_Imaging_Data_8,118,1.0,118.0,1,A_directly_usable,Alzheimer's disease,yes,Neurodegenerative disease,,yes
99189413,P203751,/public/home2/nodecw_group/HUASHAN_Imaging_Data_8/MR/P203751/P203751_qsm_tra_iso1.0mm_QSM.nii,/public/home2/nodecw_group/HUASHAN_Imaging_Data_8/MR/P203751/P203751_t1_gre_fsp_3d_sag_iso.nii,/public/home2/nodecw_group/HUASHAN_Imaging_Data_8/MR/P203751/P203751_qsm_tra_iso1.0mm_SWI_e1.nii,HUASHAN_Imaging_Data_8,118,1.0,118.0,1,A_directly_usable,Alzheimer's disease,yes,Neurodegenerative disease,,yes
99189984,P203837,/public/home2/nodecw_group/HUASHAN_Imaging_Data_8/MR/P203837/P203837_qsm_tra_iso1.0mm_QSM.nii,/public/home2/nodecw_group/HUASHAN_Imaging_Data_8/MR/P203837/P203837_t1_gre_fsp_3d_sag_iso.nii,/public/home2/nodecw_group/HUASHAN_Imaging_Data_8/MR/P203837/P203837_qsm_tra_iso1.0mm_SWI_e1.nii,HUASHAN_Imaging_Data_8,138,1.0,138.0,1,A_directly_usable,Alzheimer's disease,no,Neurodegenerative disease,,yes
99190524,P184381,/public/home2/nodecw_group/HUASHAN_Imaging_Data_4/MR/P184381/P184381_qsm_tra_iso1.0mm_QSM_Eq_1.nii,/public/home2/nodecw_group/HUASHAN_Imaging_Data_4/MR/P184381/P184381_t1_gre_fsp_3d_sag_iso.nii,/public/home2/nodecw_group/HUASHAN_Imaging_Data_4/MR/P184381/P184381_qsm_tra_iso1.0mm_SWI_e1.nii,HUASHAN_Imaging_Data_4,117,1.0,117.0,2,A_directly_usable,Alzheimer's disease,yes,Neurodegenerative disease,,yes
99190742,P203982,/public/home2/nodecw_group/HUASHAN_Imaging_Data_8/MR/P203982/P203982_qsm_tra_iso1.0mm_QSM.nii,/public/home2/nodecw_group/HUASHAN_Imaging_Data_8/MR/P203982/P203982_t1_gre_fsp_3d_sag_iso.nii,/public/home2/nodecw_group/HUASHAN_Imaging_Data_8/MR/P203982/P203982_qsm_tra_iso1.0mm_SWI_e1.nii,HUASHAN_Imaging_Data_8,130,1.0,130.0,1,A_directly_usable,Alzheimer's disease,no,Neurodegenerative disease,,yes
99190972,P204565,/public/home2/nodecw_group/HUASHAN_Imaging_Data_8/MR/P204565/P204565_qsm_tra_iso1.0mm_QSM.nii,/public/home2/nodecw_group/HUASHAN_Imaging_Data_8/MR/P204565/P204565_t1_gre_fsp_3d_sag_iso.nii,/public/home2/nodecw_group/HUASHAN_Imaging_Data_8/MR/P204565/P204565_qsm_tra_iso1.0mm_SWI_e1.nii,HUASHAN_Imaging_Data_8,118,1.0,118.0,1,A_directly_usable,Alzheimer's disease,yes,Neurodegenerative disease,,yes
99191895,P204784-2,/public/home2/nodecw_group/HUASHAN_Imaging_Data_8/MR/P204784-2/P204784-2_qsm_tra_iso1.0mm_QSM.nii,/public/home2/nodecw_group/HUASHAN_Imaging_Data_8/MR/P204784-2/P204784-2_t1_gre_fsp_3d_sag_iso.nii,/public/home2/nodecw_group/HUASHAN_Imaging_Data_8/MR/P204784-2/P204784-2_qsm_tra_iso1.0mm_SWI_e1.nii,HUASHAN_Imaging_Data_8,118,1.0,118.0,1,A_directly_usable,Alzheimer's disease,no,Neurodegenerative disease,,yes
99192335,P205000,/public/home2/nodecw_group/HUASHAN_Imaging_Data_8/MR/P205000/P205000_qsm_tra_iso1.0mm_QSM.nii,/public/home2/nodecw_group/HUASHAN_Imaging_Data_8/MR/P205000/P205000_t1_gre_fsp_3d_sag_iso.nii,/public/home2/nodecw_group/HUASHAN_Imaging_Data_8/MR/P205000/P205000_qsm_tra_iso1.0mm_SWI_e1.nii,HUASHAN_Imaging_Data_8,118,1.0,118.0,1,A_directly_usable,Alzheimer's disease,yes,Neurodegenerative disease,,yes
99192570,P204969,/public/home2/nodecw_group/HUASHAN_Imaging_Data_8/MR/P204969/P204969_qsm_tra_iso1.0mm_QSM.nii,/public/home2/nodecw_group/HUASHAN_Imaging_Data_8/MR/P204969/P204969_t1_gre_fsp_3d_sag_iso.nii,/public/home2/nodecw_group/HUASHAN_Imaging_Data_8/MR/P204969/P204969_qsm_tra_iso1.0mm_SWI_e1.nii,HUASHAN_Imaging_Data_8,118,1.0,118.0,1,A_directly_usable,Alzheimer's disease,yes,Neurodegenerative disease,,yes
99192749,P204999,/public/home2/nodecw_group/HUASHAN_Imaging_Data_8/MR/P204999/P204999_qsm_tra_iso1.0mm_QSM.nii,/public/home2/nodecw_group/HUASHAN_Imaging_Data_8/MR/P204999/P204999_t1_gre_fsp_3d_sag_iso.nii,/public/home2/nodecw_group/HUASHAN_Imaging_Data_8/MR/P204999/P204999_qsm_tra_iso1.0mm_SWI_e1.nii,HUASHAN_Imaging_Data_8,118,1.0,118.0,1,A_directly_usable,Alzheimer's disease,no,Neurodegenerative disease,,yes
99193582,P206139-2,/public/home2/nodecw_group/HUASHAN_Imaging_Data_8/MR/P206139-2/P206139-2_qsm_tra_iso1.0mm_QSM.nii,/public/home2/nodecw_group/HUASHAN_Imaging_Data_8/MR/P206139-2/P206139-2_t1_gre_fsp_3d_sag_iso.nii,/public/home2/nodecw_group/HUASHAN_Imaging_Data_8/MR/P206139-2/P206139-2_qsm_tra_iso1.0mm_SWI_e1.nii,HUASHAN_Imaging_Data_8,118,1.0,118.0,1,A_directly_usable,Alzheimer's disease,yes,Neurodegenerative disease,,yes
99193680,P206222-2,/public/home2/nodecw_group/HUASHAN_Imaging_Data_8/MR/P206222-2/P206222-2_qsm_tra_iso1.0mm_QSM.nii,/public/home2/nodecw_group/HUASHAN_Imaging_Data_8/MR/P206222-2/P206222-2_t1_gre_fsp_3d_sag_iso.nii,/public/home2/nodecw_group/HUASHAN_Imaging_Data_8/MR/P206222-2/P206222-2_qsm_tra_iso1.0mm_SWI_e1.nii,HUASHAN_Imaging_Data_8,118,1.0,118.0,1,A_directly_usable,Alzheimer's disease,yes,Neurodegenerative disease,,yes
99194072,P186622,/public/home2/nodecw_group/HUASHAN_Imaging_Data_4/MR/P186622/P186622_qsm_tra_iso1.0mm_QSM.nii,/public/home2/nodecw_group/HUASHAN_Imaging_Data_4/MR/P186622/P186622_t1_gre_fsp_3d_sag_iso.nii,/public/home2/nodecw_group/HUASHAN_Imaging_Data_4/MR/P186622/P186622_qsm_tra_iso1.0mm_SWI_e1.nii,HUASHAN_Imaging_Data_4,121,1.0,121.0,2,A_directly_usable,Alzheimer's disease,yes,Neurodegenerative disease,QSM slice counts differ across copies; selected the copy with the highest slice count.,yes
99194276,P206438,/public/home2/nodecw_group/HUASHAN_Imaging_Data_8/MR/P206438/P206438_qsm_tra_iso1.0mm_QSM.nii,/public/home2/nodecw_group/HUASHAN_Imaging_Data_8/MR/P206438/P206438_t1_gre_fsp_3d_sag_iso.nii,/public/home2/nodecw_group/HUASHAN_Imaging_Data_8/MR/P206438/P206438_qsm_tra_iso1.0mm_SWI_e1.nii,HUASHAN_Imaging_Data_8,118,0.93,110.0,1,A_directly_usable,Alzheimer's disease,yes,Neurodegenerative disease,,yes
99195101,P207131,/public/home2/nodecw_group/HUASHAN_Imaging_Data_8/MR/P207131/P207131_qsm_tra_iso1.0mm_QSM.nii,/public/home2/nodecw_group/HUASHAN_Imaging_Data_8/MR/P207131/P207131_t1_gre_fsp_3d_sag_iso.nii,/public/home2/nodecw_group/HUASHAN_Imaging_Data_8/MR/P207131/P207131_qsm_tra_iso1.0mm_SWI_e1.nii,HUASHAN_Imaging_Data_8,118,0.96,113.0,1,A_directly_usable,Alzheimer's disease,yes,Neurodegenerative disease,,yes
99109148,P162805,/public/home2/nodecw_group/HUASHAN_Imaging_Data/MR/P162805/qsm_tra_0.8mm_QSM_P162805.nii,/public/home2/nodecw_group/HUASHAN_Imaging_Data/MR/P162805/t1_gre_fsp_3d_sag_iso_P162805.nii,/public/home2/nodecw_group/HUASHAN_Imaging_Data/MR/P162805/qsm_tra_0.8mm_SWI_P162805_e12.4.nii,HUASHAN_Imaging_Data,152,0.8,121.6,6,A_directly_usable,Frontotemporal dementia,yes,Neurodegenerative disease,,yes
99110077,P163244,/public/home2/nodecw_group/HUASHAN_Imaging_Data/MR/P163244/qsm_tra_0.8mm_QSM_P163244.nii,/public/home2/nodecw_group/HUASHAN_Imaging_Data/MR/P163244/t1_gre_fsp_3d_sag_iso_P163244.nii,/public/home2/nodecw_group/HUASHAN_Imaging_Data/MR/P163244/qsm_tra_0.8mm_SWI_P163244_e12.4.nii,HUASHAN_Imaging_Data,180,0.8,144.0,6,A_directly_usable,Frontotemporal dementia,yes,Neurodegenerative disease,QSM slice counts differ across copies; selected the copy with the highest slice count.,yes
99110407,P163357,/public/home2/nodecw_group/HUASHAN_Imaging_Data_8/MR/P163357/P163357_qsm_tra_0.8mm_QSM.nii,/public/home2/nodecw_group/HUASHAN_Imaging_Data_8/MR/P163357/P163357_t1_gre_fsp_3d_sag_iso.nii,/public/home2/nodecw_group/HUASHAN_Imaging_Data_8/MR/P163357/P163357_qsm_tra_0.8mm_SWI_e12.4.nii,HUASHAN_Imaging_Data_8,188,0.8,150.4,1,A_directly_usable,Frontotemporal dementia,yes,Neurodegenerative disease,,yes
99111058,P163557,/public/home2/nodecw_group/HUASHAN_Imaging_Data_10/MR/P163557/P163557_qsm_tra_0.8mm_QSM.nii,/public/home2/nodecw_group/HUASHAN_Imaging_Data_10/MR/P163557/P163557_t1_gre_fsp_3d_sag_iso.nii,/public/home2/nodecw_group/HUASHAN_Imaging_Data_10/MR/P163557/P163557_qsm_tra_0.8mm_SWI_e12.4.nii,HUASHAN_Imaging_Data_10,180,0.8,144.0,2,A_directly_usable,Frontotemporal dementia,yes,Neurodegenerative disease,,yes
99112477,P164281-2,/public/home2/nodecw_group/HUASHAN_Imaging_Data/MR/P164281-2/qsm_tra_0.8mm_QSM_P164281-2.nii,/public/home2/nodecw_group/HUASHAN_Imaging_Data/MR/P164281-2/t1_gre_fsp_3d_sag_iso_P164281-2.nii,/public/home2/nodecw_group/HUASHAN_Imaging_Data/MR/P164281-2/qsm_tra_0.8mm_SWI_P164281-2_e12.4.nii,HUASHAN_Imaging_Data,180,0.8,144.0,4,A_directly_usable,Frontotemporal dementia,yes,Neurodegenerative disease,,yes
99113467,P164749,/public/home2/nodecw_group/HUASHAN_Imaging_Data/MR/P164749/qsm_tra_0.8mm_QSM_P164749.nii,/public/home2/nodecw_group/HUASHAN_Imaging_Data/MR/P164749/t1_gre_fsp_3d_sag_iso_P164749.nii,/public/home2/nodecw_group/HUASHAN_Imaging_Data/MR/P164749/qsm_tra_0.8mm_SWI_P164749_e12.4.nii,HUASHAN_Imaging_Data,180,0.8,144.0,5,A_directly_usable,Frontotemporal dementia,yes,Neurodegenerative disease,QSM slice counts differ across copies; selected the copy with the highest slice count.,yes
99115253,P165596,/public/home2/nodecw_group/HUASHAN_Imaging_Data/MR/P165596/qsm_tra_0.8mm_QSM_P165596.nii,/public/home2/nodecw_group/HUASHAN_Imaging_Data/MR/P165596/t1_gre_fsp_3d_sag_iso_P165596.nii,/public/home2/nodecw_group/HUASHAN_Imaging_Data/MR/P165596/qsm_tra_0.8mm_SWI_P165596_e12.4.nii,HUASHAN_Imaging_Data,180,0.8,144.0,4,A_directly_usable,Frontotemporal dementia,no,Neurodegenerative disease,,yes
99117060,P166536,/public/home2/nodecw_group/HUASHAN_Imaging_Data/MR/P166536/qsm_tra_0.8mm_QSM_P166536.nii,/public/home2/nodecw_group/HUASHAN_Imaging_Data/MR/P166536/t1_gre_fsp_3d_sag_iso_P166536.nii,/public/home2/nodecw_group/HUASHAN_Imaging_Data/MR/P166536/qsm_tra_0.8mm_SWI_P166536_e12.4.nii,HUASHAN_Imaging_Data,180,0.8,144.0,4,A_directly_usable,Frontotemporal dementia,yes,Neurodegenerative disease,,yes
99117101,P166532-3,/public/home2/nodecw_group/HUASHAN_Imaging_Data/MR/P166532-3/qsm_tra_0.8mm_QSM_P166532-3.nii,/public/home2/nodecw_group/HUASHAN_Imaging_Data/MR/P166532-3/t1_gre_fsp_3d_sag_iso_P166532-3.nii,/public/home2/nodecw_group/HUASHAN_Imaging_Data/MR/P166532-3/qsm_tra_0.8mm_SWI_P166532-3_e12.4.nii,HUASHAN_Imaging_Data,180,0.8,144.0,4,A_directly_usable,Frontotemporal dementia,yes,Neurodegenerative disease,,yes
99117498,P166660,/public/home2/nodecw_group/HUASHAN_Imaging_Data/MR/P166660/qsm_tra_0.8mm_QSM_P166660.nii,/public/home2/nodecw_group/HUASHAN_Imaging_Data/MR/P166660/t1_gre_fsp_3d_sag_iso_P166660.nii,/public/home2/nodecw_group/HUASHAN_Imaging_Data/MR/P166660/qsm_tra_0.8mm_SWI_P166660_e12.4.nii,HUASHAN_Imaging_Data,184,0.8,147.2,3,A_directly_usable,Frontotemporal dementia,yes,Neurodegenerative disease,,yes
99118961,P167200,/public/home2/nodecw_group/HUASHAN_Imaging_Data/MR/P167200/qsm_tra_0.8mm_QSM_P167200.nii,/public/home2/nodecw_group/HUASHAN_Imaging_Data/MR/P167200/t1_gre_fsp_3d_sag_iso_P167200.nii,/public/home2/nodecw_group/HUASHAN_Imaging_Data/MR/P167200/qsm_tra_0.8mm_SWI_P167200_e12.4.nii,HUASHAN_Imaging_Data,180,0.8,144.0,4,A_directly_usable,Frontotemporal dementia,yes,Neurodegenerative disease,,yes
99120742,P168138,/public/home2/nodecw_group/HUASHAN_Imaging_Data/MR/P168138/qsm_tra_0.8mm_QSM_P168138.nii,/public/home2/nodecw_group/HUASHAN_Imaging_Data/MR/P168138/t1_gre_fsp_3d_sag_iso_P168138.nii,/public/home2/nodecw_group/HUASHAN_Imaging_Data/MR/P168138/qsm_tra_0.8mm_SWI_P168138_e12.4.nii,HUASHAN_Imaging_Data,180,0.8,144.0,4,A_directly_usable,Frontotemporal dementia,yes,Neurodegenerative disease,QSM slice counts differ across copies; selected the copy with the highest slice count.,yes
99125206,P170438,/public/home2/nodecw_group/HUASHAN_Imaging_Data/MR/P170438/qsm_tra_0.8mm_QSM_P170438.nii,/public/home2/nodecw_group/HUASHAN_Imaging_Data/MR/P170438/t1_gre_fsp_3d_sag_iso_P170438.nii,/public/home2/nodecw_group/HUASHAN_Imaging_Data/MR/P170438/qsm_tra_0.8mm_SWI_P170438_e12.4.nii,HUASHAN_Imaging_Data,180,0.8,144.0,4,A_directly_usable,Frontotemporal dementia,yes,Neurodegenerative disease,,yes
99126492,P170973,/public/home2/nodecw_group/HUASHAN_Imaging_Data_11/MR/P170973/P170973_qsm_tra_0.8mm_QSM.nii,/public/home2/nodecw_group/HUASHAN_Imaging_Data_11/MR/P170973/P170973_t1_gre_fsp_3d_sag_iso.nii,/public/home2/nodecw_group/HUASHAN_Imaging_Data_11/MR/P170973/P170973_qsm_tra_0.8mm_SWI_e12.4.nii,HUASHAN_Imaging_Data_11,180,0.8,144.0,4,A_directly_usable,Frontotemporal dementia,yes,Neurodegenerative disease,,yes
99127027,P171062,/public/home2/nodecw_group/HUASHAN_Imaging_Data/MR/P171062/qsm_tra_0.8mm_QSM_P171062.nii,/public/home2/nodecw_group/HUASHAN_Imaging_Data/MR/P171062/t1_gre_fsp_3d_sag_iso_P171062.nii,/public/home2/nodecw_group/HUASHAN_Imaging_Data/MR/P171062/qsm_tra_0.8mm_SWI_P171062_e12.4.nii,HUASHAN_Imaging_Data,184,0.8,147.2,4,A_directly_usable,Frontotemporal dementia,yes,Neurodegenerative disease,QSM slice counts differ across copies; selected the copy with the highest slice count.,yes
99129227,P172277-2,/public/home2/nodecw_group/HUASHAN_Imaging_Data/MR/P172277-2/qsm_tra_0.8mm_QSM_P172277-2.nii,/public/home2/nodecw_group/HUASHAN_Imaging_Data/MR/P172277-2/t1_gre_fsp_3d_sag_iso_P172277-2.nii,/public/home2/nodecw_group/HUASHAN_Imaging_Data/MR/P172277-2/qsm_tra_0.8mm_SWI_P172277-2_e12.4.nii,HUASHAN_Imaging_Data,180,0.8,144.0,5,A_directly_usable,Frontotemporal dementia,yes,Neurodegenerative disease,QSM slice counts differ across copies; selected the copy with the highest slice count.,yes
99130059,P172391,/public/home2/nodecw_group/HUASHAN_Imaging_Data_2/MR/P172391/qsm_tra_0.8mm_QSM_P172391.nii,/public/home2/nodecw_group/HUASHAN_Imaging_Data_2/MR/P172391/t1_gre_fsp_3d_sag_iso_P172391.nii,/public/home2/nodecw_group/HUASHAN_Imaging_Data_2/MR/P172391/qsm_tra_0.8mm_SWI_P172391_e12.4.nii,HUASHAN_Imaging_Data_2,180,0.8,144.0,2,A_directly_usable,Frontotemporal dementia,yes,Neurodegenerative disease,,yes
99130148,P172969,/public/home2/nodecw_group/HUASHAN_Imaging_Data_2/MR/P172969/qsm_tra_0.8mm_QSM_P172969.nii,/public/home2/nodecw_group/HUASHAN_Imaging_Data_2/MR/P172969/t1_gre_fsp_3d_sag_iso_P172969.nii,/public/home2/nodecw_group/HUASHAN_Imaging_Data_2/MR/P172969/qsm_tra_0.8mm_SWI_P172969_e12.4.nii,HUASHAN_Imaging_Data_2,180,0.8,144.0,2,A_directly_usable,Frontotemporal dementia,yes,Neurodegenerative disease,,yes
99130627,P173121,/public/home2/nodecw_group/HUASHAN_Imaging_Data_2/MR/P173121/qsm_tra_0.8mm_QSM_P173121.nii,/public/home2/nodecw_group/HUASHAN_Imaging_Data_2/MR/P173121/t1_gre_fsp_3d_sag_iso_P173121.nii,/public/home2/nodecw_group/HUASHAN_Imaging_Data_2/MR/P173121/qsm_tra_0.8mm_SWI_P173121_e12.4.nii,HUASHAN_Imaging_Data_2,180,0.8,144.0,2,A_directly_usable,Frontotemporal dementia,yes,Neurodegenerative disease,,yes
99130820,P173195,/public/home2/nodecw_group/HUASHAN_Imaging_Data_2/MR/P173195/qsm_tra_0.8mm_QSM_P173195.nii,/public/home2/nodecw_group/HUASHAN_Imaging_Data_2/MR/P173195/t1_gre_fsp_3d_sag_iso_P173195.nii,/public/home2/nodecw_group/HUASHAN_Imaging_Data_2/MR/P173195/qsm_tra_0.8mm_SWI_P173195_e12.4.nii,HUASHAN_Imaging_Data_2,180,0.8,144.0,2,A_directly_usable,Frontotemporal dementia,yes,Neurodegenerative disease,,yes
99131126,P173222-2,/public/home2/nodecw_group/HUASHAN_Imaging_Data_10/MR/P173222-2/P173222-2_qsm_tra_0.8mm_QSM.nii,/public/home2/nodecw_group/HUASHAN_Imaging_Data_10/MR/P173222-2/P173222-2_t1_gre_fsp_3d_sag_iso.nii,/public/home2/nodecw_group/HUASHAN_Imaging_Data_10/MR/P173222-2/P173222-2_qsm_tra_0.8mm_SWI_e12.4.nii,HUASHAN_Imaging_Data_10,180,0.8,144.0,3,A_directly_usable,Frontotemporal dementia,yes,Neurodegenerative disease,,yes
99131657,P173715,/public/home2/nodecw_group/HUASHAN_Imaging_Data_2/MR/P173715/qsm_tra_0.8mm_QSM_P173715a.nii,/public/home2/nodecw_group/HUASHAN_Imaging_Data_2/MR/P173715/t1_gre_fsp_3d_sag_iso_P173715a.nii,/public/home2/nodecw_group/HUASHAN_Imaging_Data_2/MR/P173715/qsm_tra_0.8mm_SWI_P173715_e12.4.nii,HUASHAN_Imaging_Data_2,180,0.8,144.0,3,A_directly_usable,Frontotemporal dementia,yes,Neurodegenerative disease,QSM slice counts differ across copies; selected the copy with the highest slice count.,yes
99131981,P173798-2,/public/home2/nodecw_group/HUASHAN_Imaging_Data_2/MR/P173798-2/qsm_tra_0.8mm_QSM_P173798-2.nii,/public/home2/nodecw_group/HUASHAN_Imaging_Data_2/MR/P173798-2/t1_gre_fsp_3d_sag_iso_P173798-2.nii,/public/home2/nodecw_group/HUASHAN_Imaging_Data_2/MR/P173798-2/qsm_tra_0.8mm_SWI_P173798-2_e12.4.nii,HUASHAN_Imaging_Data_2,180,0.8,144.0,2,A_directly_usable,Frontotemporal dementia,yes,Neurodegenerative disease,,yes
99132451,P173868-2,/public/home2/nodecw_group/HUASHAN_Imaging_Data_2/MR/P173868-2/qsm_tra_0.8mm_QSM_P173868-2.nii,/public/home2/nodecw_group/HUASHAN_Imaging_Data_2/MR/P173868-2/t1_gre_fsp_3d_sag_iso_P173868-2.nii,/public/home2/nodecw_group/HUASHAN_Imaging_Data_2/MR/P173868-2/qsm_tra_0.8mm_SWI_P173868-2_e12.4.nii,HUASHAN_Imaging_Data_2,180,0.8,144.0,2,A_directly_usable,Frontotemporal dementia,no,Neurodegenerative disease,,yes
99132489,P173853,/public/home2/nodecw_group/HUASHAN_Imaging_Data_2/MR/P173853/qsm_tra_0.8mm_QSM_P173853.nii,/public/home2/nodecw_group/HUASHAN_Imaging_Data_2/MR/P173853/t1_gre_fsp_3d_sag_iso_P173853.nii,/public/home2/nodecw_group/HUASHAN_Imaging_Data_2/MR/P173853/qsm_tra_0.8mm_SWI_P173853_e12.4.nii,HUASHAN_Imaging_Data_2,180,0.8,144.0,2,A_directly_usable,Frontotemporal dementia,yes,Neurodegenerative disease,,yes
99133941,P174729-2,/public/home2/nodecw_group/HUASHAN_Imaging_Data_10/MR/P174729-2/P174729-2_qsm_tra_0.8mm_QSM.nii,/public/home2/nodecw_group/HUASHAN_Imaging_Data_10/MR/P174729-2/P174729-2_t1_gre_fsp_3d_sag_iso.nii,/public/home2/nodecw_group/HUASHAN_Imaging_Data_10/MR/P174729-2/P174729-2_qsm_tra_0.8mm_SWI_e12.4.nii,HUASHAN_Imaging_Data_10,180,0.8,144.0,3,A_directly_usable,Frontotemporal dementia,yes,Neurodegenerative disease,,yes
99133996,P174728-2,/public/home2/nodecw_group/HUASHAN_Imaging_Data_10/MR/P174728-2/P174728-2_qsm_tra_0.8mm_QSM.nii,/public/home2/nodecw_group/HUASHAN_Imaging_Data_10/MR/P174728-2/P174728-2_t1_gre_fsp_3d_sag_iso.nii,/public/home2/nodecw_group/HUASHAN_Imaging_Data_10/MR/P174728-2/P174728-2_qsm_tra_0.8mm_SWI_e12.4.nii,HUASHAN_Imaging_Data_10,180,0.8,144.0,3,A_directly_usable,Frontotemporal dementia,yes,Neurodegenerative disease,,yes
99134519,P174852,/public/home2/nodecw_group/HUASHAN_Imaging_Data_2/MR/P174852/qsm_tra_0.8mm_QSM_P174852.nii,/public/home2/nodecw_group/HUASHAN_Imaging_Data_2/MR/P174852/t1_gre_fsp_3d_sag_iso_P174852a.nii,/public/home2/nodecw_group/HUASHAN_Imaging_Data_2/MR/P174852/qsm_tra_0.8mm_SWI_P174852_e12.4.nii,HUASHAN_Imaging_Data_2,180,0.8,144.0,3,A_directly_usable,Frontotemporal dementia,yes,Neurodegenerative disease,,yes
99134762,P175215-2,/public/home2/nodecw_group/HUASHAN_Imaging_Data_2/MR/P175215-2/qsm_tra_0.8mm_QSM_P175215-2.nii,/public/home2/nodecw_group/HUASHAN_Imaging_Data_2/MR/P175215-2/t1_gre_fsp_3d_sag_iso_P175215-2.nii,/public/home2/nodecw_group/HUASHAN_Imaging_Data_2/MR/P175215-2/qsm_tra_0.8mm_SWI_P175215-2_e12.4.nii,HUASHAN_Imaging_Data_2,180,0.8,144.0,2,A_directly_usable,Frontotemporal dementia,yes,Neurodegenerative disease,,yes
99138794,P176995,/public/home2/nodecw_group/HUASHAN_Imaging_Data_2/MR/P176995/qsm_tra_0.8mm_QSM_P176995.nii,/public/home2/nodecw_group/HUASHAN_Imaging_Data_2/MR/P176995/t1_gre_fsp_3d_sag_iso_P176995.nii,/public/home2/nodecw_group/HUASHAN_Imaging_Data_2/MR/P176995/qsm_tra_0.8mm_SWI_P176995_e12.4.nii,HUASHAN_Imaging_Data_2,180,0.8,144.0,3,A_directly_usable,Frontotemporal dementia,yes,Neurodegenerative disease,,yes
99141705,P178214,/public/home2/nodecw_group/HUASHAN_Imaging_Data_2/MR/P178214/qsm_tra_0.8mm_QSM_P178214.nii,/public/home2/nodecw_group/HUASHAN_Imaging_Data_2/MR/P178214/t1_gre_fsp_3d_sag_iso_P178214a.nii,/public/home2/nodecw_group/HUASHAN_Imaging_Data_2/MR/P178214/qsm_tra_0.8mm_SWI_P178214_e1.nii,HUASHAN_Imaging_Data_2,180,0.8,144.0,3,A_directly_usable,Frontotemporal dementia,yes,Neurodegenerative disease,QSM slice counts differ across copies; selected the copy with the highest slice count.,yes
99143302,P179237,/public/home2/nodecw_group/HUASHAN_Imaging_Data/MR/P179237/qsm_tra_0.8mm_QSM_P179237.nii,/public/home2/nodecw_group/HUASHAN_Imaging_Data/MR/P179237/t1_gre_fsp_3d_sag_iso_P179237.nii,/public/home2/nodecw_group/HUASHAN_Imaging_Data/MR/P179237/qsm_tra_0.8mm_SWI_P179237_e1.nii,HUASHAN_Imaging_Data,180,0.8,144.0,5,A_directly_usable,Frontotemporal dementia,yes,Neurodegenerative disease,,yes
99146889,P180838,/public/home2/nodecw_group/HUASHAN_Imaging_Data_2/MR/P180838/qsm_tra_iso1.0mm_QSM_P180838.nii,/public/home2/nodecw_group/HUASHAN_Imaging_Data_2/MR/P180838/t1_gre_fsp_3d_sag_iso_P180838.nii,/public/home2/nodecw_group/HUASHAN_Imaging_Data_2/MR/P180838/qsm_tra_iso1.0mm_SWI_P180838_e1.nii,HUASHAN_Imaging_Data_2,130,1.0,130.0,2,A_directly_usable,Frontotemporal dementia,yes,Neurodegenerative disease,,yes
99156692,P185919,/public/home2/nodecw_group/HUASHAN_Imaging_Data_8/MR/P185919/P185919_qsm_tra_iso1.0mm_QSM.nii,/public/home2/nodecw_group/HUASHAN_Imaging_Data_8/MR/P185919/P185919_t1_gre_fsp_3d_sag_iso.nii,/public/home2/nodecw_group/HUASHAN_Imaging_Data_8/MR/P185919/P185919_qsm_tra_iso1.0mm_SWI_e1.nii,HUASHAN_Imaging_Data_8,130,1.0,130.0,1,A_directly_usable,Frontotemporal dementia,yes,Neurodegenerative disease,,yes
99158013,P186550,/public/home2/nodecw_group/HUASHAN_Imaging_Data_8/MR/P186550/P186550_qsm_tra_iso1.0mm_QSM.nii,/public/home2/nodecw_group/HUASHAN_Imaging_Data_8/MR/P186550/P186550_t1_gre_fsp_3d_sag_iso.nii,/public/home2/nodecw_group/HUASHAN_Imaging_Data_8/MR/P186550/P186550_qsm_tra_iso1.0mm_SWI_e1.nii,HUASHAN_Imaging_Data_8,118,1.0,118.0,1,A_directly_usable,Frontotemporal dementia,yes,Neurodegenerative disease,,yes
99161537,P188534-2,/public/home2/nodecw_group/HUASHAN_Imaging_Data_8/MR/P188534-2/P188534-2_qsm_tra_iso1.0mm_QSM.nii,/public/home2/nodecw_group/HUASHAN_Imaging_Data_8/MR/P188534-2/P188534-2_t1_gre_fsp_3d_sag_iso.nii,/public/home2/nodecw_group/HUASHAN_Imaging_Data_8/MR/P188534-2/P188534-2_qsm_tra_iso1.0mm_SWI_e1.nii,HUASHAN_Imaging_Data_8,140,1.0,140.0,1,A_directly_usable,Frontotemporal dementia,yes,Neurodegenerative disease,,yes
99164511,P190036,/public/home2/nodecw_group/HUASHAN_Imaging_Data_8/MR/P190036/P190036_qsm_tra_iso1.0mm_QSM.nii,/public/home2/nodecw_group/HUASHAN_Imaging_Data_8/MR/P190036/P190036_t1_gre_fsp_3d_sag_iso.nii,/public/home2/nodecw_group/HUASHAN_Imaging_Data_8/MR/P190036/P190036_qsm_tra_iso1.0mm_SWI_e1.nii,HUASHAN_Imaging_Data_8,126,1.0,126.0,1,A_directly_usable,Frontotemporal dementia,yes,Neurodegenerative disease,,yes
99166339,P190869,/public/home2/nodecw_group/HUASHAN_Imaging_Data_8/MR/P190869/P190869_qsm_tra_iso1.0mm_QSM.nii,/public/home2/nodecw_group/HUASHAN_Imaging_Data_8/MR/P190869/P190869_t1_gre_fsp_3d_sag_iso.nii,/public/home2/nodecw_group/HUASHAN_Imaging_Data_8/MR/P190869/P190869_qsm_tra_iso1.0mm_SWI_e1.nii,HUASHAN_Imaging_Data_8,118,1.0,118.0,1,A_directly_usable,Frontotemporal dementia,no,Neurodegenerative disease,,yes
99166339,P190869-2,/public/home2/nodecw_group/HUASHAN_Imaging_Data_8/MR/P190869-2/P190869-2_qsm_tra_iso1.0mm_QSM.nii,/public/home2/nodecw_group/HUASHAN_Imaging_Data_8/MR/P190869-2/P190869-2_t1_gre_fsp_3d_sag_iso.nii,/public/home2/nodecw_group/HUASHAN_Imaging_Data_8/MR/P190869-2/P190869-2_qsm_tra_iso1.0mm_SWI_e1.nii,HUASHAN_Imaging_Data_8,140,1.0,140.0,1,A_directly_usable,Frontotemporal dementia,no,Neurodegenerative disease,,yes
99168990,P192336,/public/home2/nodecw_group/HUASHAN_Imaging_Data_10/MR/P192336/P192336_qsm_tra_iso1.0mm_QSM.nii,/public/home2/nodecw_group/HUASHAN_Imaging_Data_10/MR/P192336/P192336_t1_gre_fsp_3d_sag_iso.nii,/public/home2/nodecw_group/HUASHAN_Imaging_Data_10/MR/P192336/P192336_qsm_tra_iso1.0mm_SWI_e1.nii,HUASHAN_Imaging_Data_10,140,1.0,140.0,1,A_directly_usable,Frontotemporal dementia,yes,Neurodegenerative disease,,yes
99170131,P192542,/public/home2/nodecw_group/HUASHAN_Imaging_Data_8/MR/P192542/P192542_qsm_tra_iso1.0mm_QSM.nii,/public/home2/nodecw_group/HUASHAN_Imaging_Data_8/MR/P192542/P192542_t1_gre_fsp_3d_sag_iso.nii,/public/home2/nodecw_group/HUASHAN_Imaging_Data_8/MR/P192542/P192542_qsm_tra_iso1.0mm_SWI_e1.nii,HUASHAN_Imaging_Data_8,124,1.0,124.0,1,A_directly_usable,Frontotemporal dementia,yes,Neurodegenerative disease,,yes
99170483,P192571,/public/home2/nodecw_group/HUASHAN_Imaging_Data_8/MR/P192571/P192571_qsm_tra_iso1.0mm_QSM.nii,/public/home2/nodecw_group/HUASHAN_Imaging_Data_8/MR/P192571/P192571_t1_gre_fsp_3d_sag_iso.nii,/public/home2/nodecw_group/HUASHAN_Imaging_Data_8/MR/P192571/P192571_qsm_tra_iso1.0mm_SWI_e1.nii,HUASHAN_Imaging_Data_8,118,1.0,118.0,1,A_directly_usable,Frontotemporal dementia,yes,Neurodegenerative disease,,yes
99171205,P193352,/public/home2/nodecw_group/HUASHAN_Imaging_Data_8/MR/P193352/P193352_qsm_tra_iso1.0mm_QSM.nii,/public/home2/nodecw_group/HUASHAN_Imaging_Data_8/MR/P193352/P193352_t1_gre_fsp_3d_sag_iso.nii,/public/home2/nodecw_group/HUASHAN_Imaging_Data_8/MR/P193352/P193352_qsm_tra_iso1.0mm_SWI_e1.nii,HUASHAN_Imaging_Data_8,130,1.0,130.0,1,A_directly_usable,Frontotemporal dementia,no,Neurodegenerative disease,,yes
99171721,P193865,/public/home2/nodecw_group/HUASHAN_Imaging_Data_8/MR/P193865/P193865_qsm_tra_iso1.0mm_QSM.nii,/public/home2/nodecw_group/HUASHAN_Imaging_Data_8/MR/P193865/P193865_t1_gre_fsp_3d_sag_iso.nii,/public/home2/nodecw_group/HUASHAN_Imaging_Data_8/MR/P193865/P193865_qsm_tra_iso1.0mm_SWI_e1.nii,HUASHAN_Imaging_Data_8,118,1.0,118.0,1,A_directly_usable,Frontotemporal dementia,no,Neurodegenerative disease,,yes
99172373,P193928,/public/home2/nodecw_group/HUASHAN_Imaging_Data_8/MR/P193928/P193928_qsm_tra_iso1.0mm_QSM.nii,/public/home2/nodecw_group/HUASHAN_Imaging_Data_8/MR/P193928/P193928_t1_gre_fsp_3d_sag_iso.nii,/public/home2/nodecw_group/HUASHAN_Imaging_Data_8/MR/P193928/P193928_qsm_tra_iso1.0mm_SWI_e1.nii,HUASHAN_Imaging_Data_8,140,1.0,140.0,1,A_directly_usable,Frontotemporal dementia,yes,Neurodegenerative disease,,yes
99172848,P194041,/public/home2/nodecw_group/HUASHAN_Imaging_Data_10/MR/P194041/P194041_qsm_tra_iso1.0mm_QSM.nii,/public/home2/nodecw_group/HUASHAN_Imaging_Data_10/MR/P194041/P194041_t1_gre_fsp_3d_sag_iso.nii,/public/home2/nodecw_group/HUASHAN_Imaging_Data_10/MR/P194041/P194041_qsm_tra_iso1.0mm_SWI_e1.nii,HUASHAN_Imaging_Data_10,130,1.0,130.0,2,A_directly_usable,Frontotemporal dementia,yes,Neurodegenerative disease,,yes
99172848,P194041-2,/public/home2/nodecw_group/HUASHAN_Imaging_Data_8/MR/P194041-2/P194041-2_qsm_tra_iso1.0mm_QSM.nii,/public/home2/nodecw_group/HUASHAN_Imaging_Data_8/MR/P194041-2/P194041-2_t1_gre_fsp_3d_sag_iso.nii,/public/home2/nodecw_group/HUASHAN_Imaging_Data_8/MR/P194041-2/P194041-2_qsm_tra_iso1.0mm_SWI_e1.nii,HUASHAN_Imaging_Data_8,138,1.0,137.7,1,A_directly_usable,Frontotemporal dementia,yes,Neurodegenerative disease,,yes
99175019,P195500,/public/home2/nodecw_group/HUASHAN_Imaging_Data_8/MR/P195500/P195500_qsm_tra_iso1.0mm_QSM.nii,/public/home2/nodecw_group/HUASHAN_Imaging_Data_8/MR/P195500/P195500_t1_gre_fsp_3d_sag_iso.nii,/public/home2/nodecw_group/HUASHAN_Imaging_Data_8/MR/P195500/P195500_qsm_tra_iso1.0mm_SWI_e1.nii,HUASHAN_Imaging_Data_8,130,1.0,130.0,1,A_directly_usable,Frontotemporal dementia,yes,Neurodegenerative disease,,yes
99177173,P196901,/public/home2/nodecw_group/HUASHAN_Imaging_Data_8/MR/P196901/P196901_qsm_tra_iso1.0mm_QSM.nii,/public/home2/nodecw_group/HUASHAN_Imaging_Data_8/MR/P196901/P196901_t1_gre_fsp_3d_sag_iso.nii,/public/home2/nodecw_group/HUASHAN_Imaging_Data_8/MR/P196901/P196901_qsm_tra_iso1.0mm_SWI_e1.nii,HUASHAN_Imaging_Data_8,118,0.88,104.3,1,A_directly_usable,Frontotemporal dementia,yes,Neurodegenerative disease,,yes
99178828,P198086,/public/home2/nodecw_group/HUASHAN_Imaging_Data_10/MR/P198086/P198086_qsm_tra_iso1.0mm_QSM.nii,/public/home2/nodecw_group/HUASHAN_Imaging_Data_10/MR/P198086/P198086_t1_gre_fsp_3d_sag_iso.nii,/public/home2/nodecw_group/HUASHAN_Imaging_Data_10/MR/P198086/P198086_qsm_tra_iso1.0mm_SWI_e1.nii,HUASHAN_Imaging_Data_10,130,1.0,130.0,2,A_directly_usable,Frontotemporal dementia,yes,Neurodegenerative disease,,yes
99179911,P198235,/public/home2/nodecw_group/HUASHAN_Imaging_Data_6/MR/P198235/P198235_qsm_tra_iso1.0mm_QSM.nii,/public/home2/nodecw_group/HUASHAN_Imaging_Data_6/MR/P198235/P198235_t1_gre_fsp_3d_sag_iso.nii,/public/home2/nodecw_group/HUASHAN_Imaging_Data_6/MR/P198235/P198235_qsm_tra_iso1.0mm_SWI_e1.nii,HUASHAN_Imaging_Data_6,118,1.0,118.0,1,A_directly_usable,Frontotemporal dementia,no,Neurodegenerative disease,,yes
99185688,P201404,/public/home2/nodecw_group/HUASHAN_Imaging_Data_8/MR/P201404/P201404_qsm_tra_iso1.0mm_QSM.nii,/public/home2/nodecw_group/HUASHAN_Imaging_Data_8/MR/P201404/P201404_t1_gre_fsp_3d_sag_iso.nii,/public/home2/nodecw_group/HUASHAN_Imaging_Data_8/MR/P201404/P201404_qsm_tra_iso1.0mm_SWI_e1.nii,HUASHAN_Imaging_Data_8,118,1.0,118.0,1,A_directly_usable,Frontotemporal dementia,yes,Neurodegenerative disease,,yes
99186903,P202690-2,/public/home2/nodecw_group/HUASHAN_Imaging_Data_8/MR/P202690-2/P202690-2_qsm_tra_iso1.0mm_QSM.nii,/public/home2/nodecw_group/HUASHAN_Imaging_Data_8/MR/P202690-2/P202690-2_t1_gre_fsp_3d_sag_iso.nii,/public/home2/nodecw_group/HUASHAN_Imaging_Data_8/MR/P202690-2/P202690-2_qsm_tra_iso1.0mm_SWI_e1.nii,HUASHAN_Imaging_Data_8,118,1.0,118.0,1,A_directly_usable,Frontotemporal dementia,yes,Neurodegenerative disease,,yes
99187798,P202845,/public/home2/nodecw_group/HUASHAN_Imaging_Data_8/MR/P202845/P202845_qsm_tra_iso1.0mm_QSM.nii,/public/home2/nodecw_group/HUASHAN_Imaging_Data_8/MR/P202845/P202845_t1_gre_fsp_3d_sag_iso.nii,/public/home2/nodecw_group/HUASHAN_Imaging_Data_8/MR/P202845/P202845_qsm_tra_iso1.0mm_SWI_e1.nii,HUASHAN_Imaging_Data_8,138,1.0,138.0,1,A_directly_usable,Frontotemporal dementia,yes,Neurodegenerative disease,,yes
99188110,P202966,/public/home2/nodecw_group/HUASHAN_Imaging_Data_8/MR/P202966/P202966_qsm_tra_iso1.0mm_QSM.nii,/public/home2/nodecw_group/HUASHAN_Imaging_Data_8/MR/P202966/P202966_t1_gre_fsp_3d_sag_iso.nii,/public/home2/nodecw_group/HUASHAN_Imaging_Data_8/MR/P202966/P202966_qsm_tra_iso1.0mm_SWI_e1.nii,HUASHAN_Imaging_Data_8,138,1.0,138.0,1,A_directly_usable,Frontotemporal dementia,yes,Neurodegenerative disease,,yes
99188231,P202971-2,/public/home2/nodecw_group/HUASHAN_Imaging_Data_8/MR/P202971-2/P202971-2_qsm_tra_iso1.0mm_QSM.nii,/public/home2/nodecw_group/HUASHAN_Imaging_Data_8/MR/P202971-2/P202971-2_t1_gre_fsp_3d_sag_iso.nii,/public/home2/nodecw_group/HUASHAN_Imaging_Data_8/MR/P202971-2/P202971-2_qsm_tra_iso1.0mm_SWI_e1.nii,HUASHAN_Imaging_Data_8,118,1.0,118.0,1,A_directly_usable,Frontotemporal dementia,yes,Neurodegenerative disease,,yes
99191358,P204622,/public/home2/nodecw_group/HUASHAN_Imaging_Data_8/MR/P204622/P204622_qsm_tra_iso1.0mm_QSM.nii,/public/home2/nodecw_group/HUASHAN_Imaging_Data_8/MR/P204622/P204622_t1_gre_fsp_3d_sag_iso.nii,/public/home2/nodecw_group/HUASHAN_Imaging_Data_8/MR/P204622/P204622_qsm_tra_iso1.0mm_SWI_e1.nii,HUASHAN_Imaging_Data_8,118,1.0,118.0,1,A_directly_usable,Frontotemporal dementia,yes,Neurodegenerative disease,,yes
99191983,P204816,/public/home2/nodecw_group/HUASHAN_Imaging_Data_8/MR/P204816/P204816_qsm_tra_iso1.0mm_QSM.nii,/public/home2/nodecw_group/HUASHAN_Imaging_Data_8/MR/P204816/P204816_t1_gre_fsp_3d_sag_iso.nii,/public/home2/nodecw_group/HUASHAN_Imaging_Data_8/MR/P204816/P204816_qsm_tra_iso1.0mm_SWI_e1.nii,HUASHAN_Imaging_Data_8,118,1.0,118.0,1,A_directly_usable,Frontotemporal dementia,yes,Neurodegenerative disease,,yes
